complex_id,instance_a,instance_b,n_pairs_a,n_pairs_b,direct,swapped,delta
PDB-CPX-172174,11gl a1 i1,11gm a1 i1,19,14,0.5714,0.5714,0.0
PDB-CPX-172174,11gl a1 i1,11gm a2 i1,19,17,0.6364,0.7143,0.0779
PDB-CPX-172174,11gl a1 i1,11gn a1 i1,19,17,0.7143,0.5652,-0.1491
PDB-CPX-172174,11gl a1 i1,11gn a2 i1,19,17,0.6364,0.7143,0.0779
PDB-CPX-172174,11gl a1 i1,4jc5 a1 i1,19,4,0.0,0.0952,0.0952
PDB-CPX-172174,11gl a1 i1,4kby a1 i1,19,11,0.0,0.0,0.0
PDB-CPX-172174,11gl a1 i1,4kc0 a1 i1,19,13,0.0,0.0,0.0
PDB-CPX-172174,11gl a1 i1,4loj a1 i1,19,19,0.7273,0.6522,-0.0751
PDB-CPX-172174,11gl a1 i1,4lok a1 i1,19,17,0.5652,0.5652,0.0
PDB-CPX-172174,11gl a1 i1,4lol a1 i1,19,7,0.1304,0.0833,-0.0471
PDB-CPX-172174,11gl a1 i1,4yp1 a1 i1,19,20,0.56,0.56,0.0
PDB-CPX-172174,11gl a1 i1,6xnn a1 i1,19,19,0.52,0.5833,0.0633
PDB-CPX-172174,11gl a1 i1,9ltf a1 i1,19,10,0.0,0.0,0.0
PDB-CPX-172174,11gm a1 i1,11gm a2 i1,14,17,0.8235,0.8235,0.0
PDB-CPX-172174,11gm a1 i1,11gn a1 i1,14,17,0.7222,0.7222,0.0
PDB-CPX-172174,11gm a1 i1,11gn a2 i1,14,17,0.8235,0.8235,0.0
PDB-CPX-172174,11gm a1 i1,4jc5 a1 i1,14,4,0.0588,0.0588,0.0
PDB-CPX-172174,11gm a1 i1,4kby a1 i1,14,11,0.0,0.0,0.0
PDB-CPX-172174,11gm a1 i1,4kc0 a1 i1,14,13,0.0,0.0,0.0
PDB-CPX-172174,11gm a1 i1,4loj a1 i1,14,19,0.7368,0.7368,0.0
PDB-CPX-172174,11gm a1 i1,4lok a1 i1,14,17,0.6316,0.6316,0.0
PDB-CPX-172174,11gm a1 i1,4lol a1 i1,14,7,0.1053,0.05,-0.0553
PDB-CPX-172174,11gm a1 i1,4yp1 a1 i1,14,20,0.5455,0.5455,0.0
PDB-CPX-172174,11gm a1 i1,6xnn a1 i1,14,19,0.5714,0.5714,0.0
PDB-CPX-172174,11gm a1 i1,9ltf a1 i1,14,10,0.0,0.0,0.0
PDB-CPX-172174,11gm a2 i1,11gn a1 i1,17,17,0.7895,0.8889,0.0994
PDB-CPX-172174,11gm a2 i1,11gn a2 i1,17,17,1.0,0.8889,-0.1111
PDB-CPX-172174,11gm a2 i1,4jc5 a1 i1,17,4,0.05,0.05,0.0
PDB-CPX-172174,11gm a2 i1,4kby a1 i1,17,11,0.0,0.0,0.0
PDB-CPX-172174,11gm a2 i1,4kc0 a1 i1,17,13,0.0,0.0,0.0
PDB-CPX-172174,11gm a2 i1,4loj a1 i1,17,19,0.8,0.8947,0.0947
PDB-CPX-172174,11gm a2 i1,4lok a1 i1,17,17,0.7,0.7,0.0
PDB-CPX-172174,11gm a2 i1,4lol a1 i1,17,7,0.0909,0.0909,0.0
PDB-CPX-172174,11gm a2 i1,4yp1 a1 i1,17,20,0.6087,0.6087,0.0
PDB-CPX-172174,11gm a2 i1,6xnn a1 i1,17,19,0.6364,0.6364,0.0
PDB-CPX-172174,11gm a2 i1,9ltf a1 i1,17,10,0.0,0.0,0.0
PDB-CPX-172174,11gn a1 i1,11gn a2 i1,17,17,0.7895,0.8889,0.0994
PDB-CPX-172174,11gn a1 i1,4jc5 a1 i1,17,4,0.0,0.05,0.05
PDB-CPX-172174,11gn a1 i1,4kby a1 i1,17,11,0.0,0.0,0.0
PDB-CPX-172174,11gn a1 i1,4kc0 a1 i1,17,13,0.0,0.0,0.0
PDB-CPX-172174,11gn a1 i1,4loj a1 i1,17,19,0.8,0.7143,-0.0857
PDB-CPX-172174,11gn a1 i1,4lok a1 i1,17,17,0.7,0.7,0.0
PDB-CPX-172174,11gn a1 i1,4lol a1 i1,17,7,0.0909,0.0435,-0.0474
PDB-CPX-172174,11gn a1 i1,4yp1 a1 i1,17,20,0.6087,0.6087,0.0
PDB-CPX-172174,11gn a1 i1,6xnn a1 i1,17,19,0.6364,0.6364,0.0
PDB-CPX-172174,11gn a1 i1,9ltf a1 i1,17,10,0.0,0.0,0.0
PDB-CPX-172174,11gn a2 i1,4jc5 a1 i1,17,4,0.05,0.05,0.0
PDB-CPX-172174,11gn a2 i1,4kby a1 i1,17,11,0.0,0.0,0.0
PDB-CPX-172174,11gn a2 i1,4kc0 a1 i1,17,13,0.0,0.0,0.0
PDB-CPX-172174,11gn a2 i1,4loj a1 i1,17,19,0.8,0.8947,0.0947
PDB-CPX-172174,11gn a2 i1,4lok a1 i1,17,17,0.7,0.7,0.0
PDB-CPX-172174,11gn a2 i1,4lol a1 i1,17,7,0.0909,0.0909,0.0
PDB-CPX-172174,11gn a2 i1,4yp1 a1 i1,17,20,0.6087,0.6087,0.0
PDB-CPX-172174,11gn a2 i1,6xnn a1 i1,17,19,0.6364,0.6364,0.0
PDB-CPX-172174,11gn a2 i1,9ltf a1 i1,17,10,0.0,0.0,0.0
PDB-CPX-172174,4jc5 a1 i1,4kby a1 i1,4,11,0.0,0.0,0.0
PDB-CPX-172174,4jc5 a1 i1,4kc0 a1 i1,4,13,0.0,0.0,0.0
PDB-CPX-172174,4jc5 a1 i1,4loj a1 i1,4,19,0.0455,0.0455,0.0
PDB-CPX-172174,4jc5 a1 i1,4lok a1 i1,4,17,0.0,0.05,0.05
PDB-CPX-172174,4jc5 a1 i1,4lol a1 i1,4,7,0.2222,0.375,0.1528
PDB-CPX-172174,4jc5 a1 i1,4yp1 a1 i1,4,20,0.0435,0.0435,0.0
PDB-CPX-172174,4jc5 a1 i1,6xnn a1 i1,4,19,0.0455,0.0,-0.0455
PDB-CPX-172174,4jc5 a1 i1,9ltf a1 i1,4,10,0.0,0.0,0.0
PDB-CPX-172174,4kby a1 i1,4kc0 a1 i1,11,13,0.4118,0.4118,0.0
PDB-CPX-172174,4kby a1 i1,4loj a1 i1,11,19,0.0,0.0,0.0
PDB-CPX-172174,4kby a1 i1,4lok a1 i1,11,17,0.037,0.037,0.0
PDB-CPX-172174,4kby a1 i1,4lol a1 i1,11,7,0.0,0.0,0.0
PDB-CPX-172174,4kby a1 i1,4yp1 a1 i1,11,20,0.0,0.0,0.0
PDB-CPX-172174,4kby a1 i1,6xnn a1 i1,11,19,0.0345,0.0345,0.0
PDB-CPX-172174,4kby a1 i1,9ltf a1 i1,11,10,0.6154,0.6154,0.0
PDB-CPX-172174,4kc0 a1 i1,4loj a1 i1,13,19,0.0,0.0,0.0
PDB-CPX-172174,4kc0 a1 i1,4lok a1 i1,13,17,0.0345,0.0345,0.0
PDB-CPX-172174,4kc0 a1 i1,4lol a1 i1,13,7,0.0,0.0,0.0
PDB-CPX-172174,4kc0 a1 i1,4yp1 a1 i1,13,20,0.0,0.0,0.0
PDB-CPX-172174,4kc0 a1 i1,6xnn a1 i1,13,19,0.0323,0.0667,0.0344
PDB-CPX-172174,4kc0 a1 i1,9ltf a1 i1,13,10,0.5333,0.5333,0.0
PDB-CPX-172174,4loj a1 i1,4lok a1 i1,19,17,0.7143,0.6364,-0.0779
PDB-CPX-172174,4loj a1 i1,4lol a1 i1,19,7,0.0833,0.0833,0.0
PDB-CPX-172174,4loj a1 i1,4yp1 a1 i1,19,20,0.56,0.56,0.0
PDB-CPX-172174,4loj a1 i1,6xnn a1 i1,19,19,0.5833,0.5833,0.0
PDB-CPX-172174,4loj a1 i1,9ltf a1 i1,19,10,0.0,0.0,0.0
PDB-CPX-172174,4lok a1 i1,4lol a1 i1,17,7,0.0435,0.0435,0.0
PDB-CPX-172174,4lok a1 i1,4yp1 a1 i1,17,20,0.6818,0.6818,0.0
PDB-CPX-172174,4lok a1 i1,6xnn a1 i1,17,19,0.7143,0.6364,-0.0779
PDB-CPX-172174,4lok a1 i1,9ltf a1 i1,17,10,0.0385,0.0385,0.0
PDB-CPX-172174,4lol a1 i1,4yp1 a1 i1,7,20,0.08,0.08,0.0
PDB-CPX-172174,4lol a1 i1,6xnn a1 i1,7,19,0.0833,0.0833,0.0
PDB-CPX-172174,4lol a1 i1,9ltf a1 i1,7,10,0.0,0.0,0.0
PDB-CPX-172174,4yp1 a1 i1,6xnn a1 i1,20,19,0.56,0.56,0.0
PDB-CPX-172174,4yp1 a1 i1,9ltf a1 i1,20,10,0.0,0.0,0.0
PDB-CPX-172174,6xnn a1 i1,9ltf a1 i1,19,10,0.0357,0.0357,0.0
PDB-CPX-130029,1spq a1 i1,1sq7 a1 i1,23,25,0.92,0.92,0.0
PDB-CPX-130029,1spq a1 i1,1ssd a1 i1,23,22,0.9565,0.9565,0.0
PDB-CPX-130029,1spq a1 i1,1ssg a1 i1,23,23,0.84,0.84,0.0
PDB-CPX-130029,1spq a1 i1,1su5 a1 i1,23,25,0.92,0.92,0.0
PDB-CPX-130029,1spq a1 i1,1sw0 a1 i1,23,23,1.0,1.0,0.0
PDB-CPX-130029,1spq a1 i1,1sw3 a1 i1,23,24,0.9583,0.9583,0.0
PDB-CPX-130029,1spq a1 i1,1sw7 a1 i1,23,23,1.0,1.0,0.0
PDB-CPX-130029,1spq a1 i1,1tim a1 i1,23,19,0.75,0.75,0.0
PDB-CPX-130029,1spq a1 i1,1tpb a1 i1,23,23,1.0,1.0,0.0
PDB-CPX-130029,1spq a1 i1,1tpc a1 i1,23,22,0.9565,0.9565,0.0
PDB-CPX-130029,1spq a1 i1,1tph a1 i1,23,23,1.0,1.0,0.0
PDB-CPX-130029,1spq a1 i1,1tpu a1 i1,23,22,0.9565,0.9565,0.0
PDB-CPX-130029,1spq a1 i1,1tpv a1 i1,23,24,0.9583,0.9583,0.0
PDB-CPX-130029,1spq a1 i1,1tpw a1 i1,23,24,0.88,0.88,0.0
PDB-CPX-130029,1spq a1 i1,4p61 a1 i1,23,25,0.92,0.92,0.0
PDB-CPX-130029,1spq a1 i1,8tim a1 i1,23,22,0.875,0.875,0.0
PDB-CPX-130029,1sq7 a1 i1,1ssd a1 i1,25,22,0.88,0.88,0.0
PDB-CPX-130029,1sq7 a1 i1,1ssg a1 i1,25,23,0.7778,0.7778,0.0
PDB-CPX-130029,1sq7 a1 i1,1su5 a1 i1,25,25,0.8519,0.8519,0.0
PDB-CPX-130029,1sq7 a1 i1,1sw0 a1 i1,25,23,0.92,0.92,0.0
PDB-CPX-130029,1sq7 a1 i1,1sw3 a1 i1,25,24,0.8846,0.8846,0.0
PDB-CPX-130029,1sq7 a1 i1,1sw7 a1 i1,25,23,0.92,0.92,0.0
PDB-CPX-130029,1sq7 a1 i1,1tim a1 i1,25,19,0.6923,0.6923,0.0
PDB-CPX-130029,1sq7 a1 i1,1tpb a1 i1,25,23,0.92,0.92,0.0
PDB-CPX-130029,1sq7 a1 i1,1tpc a1 i1,25,22,0.88,0.88,0.0
PDB-CPX-130029,1sq7 a1 i1,1tph a1 i1,25,23,0.92,0.92,0.0
PDB-CPX-130029,1sq7 a1 i1,1tpu a1 i1,25,22,0.88,0.88,0.0
PDB-CPX-130029,1sq7 a1 i1,1tpv a1 i1,25,24,0.8846,0.8846,0.0
PDB-CPX-130029,1sq7 a1 i1,1tpw a1 i1,25,24,0.8148,0.8148,0.0
PDB-CPX-130029,1sq7 a1 i1,4p61 a1 i1,25,25,1.0,1.0,0.0
PDB-CPX-130029,1sq7 a1 i1,8tim a1 i1,25,22,0.8077,0.8077,0.0
PDB-CPX-130029,1ssd a1 i1,1ssg a1 i1,22,23,0.8,0.8,0.0
PDB-CPX-130029,1ssd a1 i1,1su5 a1 i1,22,25,0.88,0.88,0.0
PDB-CPX-130029,1ssd a1 i1,1sw0 a1 i1,22,23,0.9565,0.9565,0.0
PDB-CPX-130029,1ssd a1 i1,1sw3 a1 i1,22,24,0.9167,0.9167,0.0
PDB-CPX-130029,1ssd a1 i1,1sw7 a1 i1,22,23,0.9565,0.9565,0.0
PDB-CPX-130029,1ssd a1 i1,1tim a1 i1,22,19,0.7083,0.7083,0.0
PDB-CPX-130029,1ssd a1 i1,1tpb a1 i1,22,23,0.9565,0.9565,0.0
PDB-CPX-130029,1ssd a1 i1,1tpc a1 i1,22,22,0.913,0.913,0.0
PDB-CPX-130029,1ssd a1 i1,1tph a1 i1,22,23,0.9565,0.9565,0.0
PDB-CPX-130029,1ssd a1 i1,1tpu a1 i1,22,22,0.913,0.913,0.0
PDB-CPX-130029,1ssd a1 i1,1tpv a1 i1,22,24,0.9167,0.9167,0.0
PDB-CPX-130029,1ssd a1 i1,1tpw a1 i1,22,24,0.84,0.84,0.0
PDB-CPX-130029,1ssd a1 i1,4p61 a1 i1,22,25,0.88,0.88,0.0
PDB-CPX-130029,1ssd a1 i1,8tim a1 i1,22,22,0.8333,0.8333,0.0
PDB-CPX-130029,1ssg a1 i1,1su5 a1 i1,23,25,0.92,0.92,0.0
PDB-CPX-130029,1ssg a1 i1,1sw0 a1 i1,23,23,0.84,0.84,0.0
PDB-CPX-130029,1ssg a1 i1,1sw3 a1 i1,23,24,0.8077,0.8077,0.0
PDB-CPX-130029,1ssg a1 i1,1sw7 a1 i1,23,23,0.84,0.84,0.0
PDB-CPX-130029,1ssg a1 i1,1tim a1 i1,23,19,0.75,0.75,0.0
PDB-CPX-130029,1ssg a1 i1,1tpb a1 i1,23,23,0.84,0.84,0.0
PDB-CPX-130029,1ssg a1 i1,1tpc a1 i1,23,22,0.8,0.8,0.0
PDB-CPX-130029,1ssg a1 i1,1tph a1 i1,23,23,0.84,0.84,0.0
PDB-CPX-130029,1ssg a1 i1,1tpu a1 i1,23,22,0.8,0.8,0.0
PDB-CPX-130029,1ssg a1 i1,1tpv a1 i1,23,24,0.8077,0.8077,0.0
PDB-CPX-130029,1ssg a1 i1,1tpw a1 i1,23,24,0.8077,0.8077,0.0
PDB-CPX-130029,1ssg a1 i1,4p61 a1 i1,23,25,0.7778,0.7778,0.0
PDB-CPX-130029,1ssg a1 i1,8tim a1 i1,23,22,0.9565,0.9565,0.0
PDB-CPX-130029,1su5 a1 i1,1sw0 a1 i1,25,23,0.92,0.92,0.0
PDB-CPX-130029,1su5 a1 i1,1sw3 a1 i1,25,24,0.8846,0.8846,0.0
PDB-CPX-130029,1su5 a1 i1,1sw7 a1 i1,25,23,0.92,0.92,0.0
PDB-CPX-130029,1su5 a1 i1,1tim a1 i1,25,19,0.76,0.76,0.0
PDB-CPX-130029,1su5 a1 i1,1tpb a1 i1,25,23,0.92,0.92,0.0
PDB-CPX-130029,1su5 a1 i1,1tpc a1 i1,25,22,0.88,0.88,0.0
PDB-CPX-130029,1su5 a1 i1,1tph a1 i1,25,23,0.92,0.92,0.0
PDB-CPX-130029,1su5 a1 i1,1tpu a1 i1,25,22,0.88,0.88,0.0
PDB-CPX-130029,1su5 a1 i1,1tpv a1 i1,25,24,0.8846,0.8846,0.0
PDB-CPX-130029,1su5 a1 i1,1tpw a1 i1,25,24,0.8846,0.8846,0.0
PDB-CPX-130029,1su5 a1 i1,4p61 a1 i1,25,25,0.8519,0.8519,0.0
PDB-CPX-130029,1su5 a1 i1,8tim a1 i1,25,22,0.88,0.88,0.0
PDB-CPX-130029,1sw0 a1 i1,1sw3 a1 i1,23,24,0.9583,0.9583,0.0
PDB-CPX-130029,1sw0 a1 i1,1sw7 a1 i1,23,23,1.0,1.0,0.0
PDB-CPX-130029,1sw0 a1 i1,1tim a1 i1,23,19,0.75,0.75,0.0
PDB-CPX-130029,1sw0 a1 i1,1tpb a1 i1,23,23,1.0,1.0,0.0
PDB-CPX-130029,1sw0 a1 i1,1tpc a1 i1,23,22,0.9565,0.9565,0.0
PDB-CPX-130029,1sw0 a1 i1,1tph a1 i1,23,23,1.0,1.0,0.0
PDB-CPX-130029,1sw0 a1 i1,1tpu a1 i1,23,22,0.9565,0.9565,0.0
PDB-CPX-130029,1sw0 a1 i1,1tpv a1 i1,23,24,0.9583,0.9583,0.0
PDB-CPX-130029,1sw0 a1 i1,1tpw a1 i1,23,24,0.88,0.88,0.0
PDB-CPX-130029,1sw0 a1 i1,4p61 a1 i1,23,25,0.92,0.92,0.0
PDB-CPX-130029,1sw0 a1 i1,8tim a1 i1,23,22,0.875,0.875,0.0
PDB-CPX-130029,1sw3 a1 i1,1sw7 a1 i1,24,23,0.9583,0.9583,0.0
PDB-CPX-130029,1sw3 a1 i1,1tim a1 i1,24,19,0.72,0.72,0.0
PDB-CPX-130029,1sw3 a1 i1,1tpb a1 i1,24,23,0.9583,0.9583,0.0
PDB-CPX-130029,1sw3 a1 i1,1tpc a1 i1,24,22,0.9167,0.9167,0.0
PDB-CPX-130029,1sw3 a1 i1,1tph a1 i1,24,23,0.9583,0.9583,0.0
PDB-CPX-130029,1sw3 a1 i1,1tpu a1 i1,24,22,0.9167,0.9167,0.0
PDB-CPX-130029,1sw3 a1 i1,1tpv a1 i1,24,24,1.0,0.92,-0.08
PDB-CPX-130029,1sw3 a1 i1,1tpw a1 i1,24,24,0.8462,0.8462,0.0
PDB-CPX-130029,1sw3 a1 i1,4p61 a1 i1,24,25,0.8846,0.8846,0.0
PDB-CPX-130029,1sw3 a1 i1,8tim a1 i1,24,22,0.84,0.84,0.0
PDB-CPX-130029,1sw7 a1 i1,1tim a1 i1,23,19,0.75,0.75,0.0
PDB-CPX-130029,1sw7 a1 i1,1tpb a1 i1,23,23,1.0,1.0,0.0
PDB-CPX-130029,1sw7 a1 i1,1tpc a1 i1,23,22,0.9565,0.9565,0.0
PDB-CPX-130029,1sw7 a1 i1,1tph a1 i1,23,23,1.0,1.0,0.0
PDB-CPX-130029,1sw7 a1 i1,1tpu a1 i1,23,22,0.9565,0.9565,0.0
PDB-CPX-130029,1sw7 a1 i1,1tpv a1 i1,23,24,0.9583,0.9583,0.0
PDB-CPX-130029,1sw7 a1 i1,1tpw a1 i1,23,24,0.88,0.88,0.0
PDB-CPX-130029,1sw7 a1 i1,4p61 a1 i1,23,25,0.92,0.92,0.0
PDB-CPX-130029,1sw7 a1 i1,8tim a1 i1,23,22,0.875,0.875,0.0
PDB-CPX-130029,1tim a1 i1,1tpb a1 i1,19,23,0.75,0.75,0.0
PDB-CPX-130029,1tim a1 i1,1tpc a1 i1,19,22,0.7826,0.7826,0.0
PDB-CPX-130029,1tim a1 i1,1tph a1 i1,19,23,0.75,0.75,0.0
PDB-CPX-130029,1tim a1 i1,1tpu a1 i1,19,22,0.7826,0.7826,0.0
PDB-CPX-130029,1tim a1 i1,1tpv a1 i1,19,24,0.72,0.72,0.0
PDB-CPX-130029,1tim a1 i1,1tpw a1 i1,19,24,0.72,0.7917,0.0717
PDB-CPX-130029,1tim a1 i1,4p61 a1 i1,19,25,0.6923,0.6923,0.0
PDB-CPX-130029,1tim a1 i1,8tim a1 i1,19,22,0.7826,0.7083,-0.0743
PDB-CPX-130029,1tpb a1 i1,1tpc a1 i1,23,22,0.9565,0.9565,0.0
PDB-CPX-130029,1tpb a1 i1,1tph a1 i1,23,23,1.0,1.0,0.0
PDB-CPX-130029,1tpb a1 i1,1tpu a1 i1,23,22,0.9565,0.9565,0.0
PDB-CPX-130029,1tpb a1 i1,1tpv a1 i1,23,24,0.9583,0.9583,0.0
PDB-CPX-130029,1tpb a1 i1,1tpw a1 i1,23,24,0.88,0.88,0.0
PDB-CPX-130029,1tpb a1 i1,4p61 a1 i1,23,25,0.92,0.92,0.0
PDB-CPX-130029,1tpb a1 i1,8tim a1 i1,23,22,0.875,0.875,0.0
PDB-CPX-130029,1tpc a1 i1,1tph a1 i1,22,23,0.9565,0.9565,0.0
PDB-CPX-130029,1tpc a1 i1,1tpu a1 i1,22,22,1.0,1.0,0.0
PDB-CPX-130029,1tpc a1 i1,1tpv a1 i1,22,24,0.9167,0.9167,0.0
PDB-CPX-130029,1tpc a1 i1,1tpw a1 i1,22,24,0.9167,0.9167,0.0
PDB-CPX-130029,1tpc a1 i1,4p61 a1 i1,22,25,0.88,0.88,0.0
PDB-CPX-130029,1tpc a1 i1,8tim a1 i1,22,22,0.8333,0.8333,0.0
PDB-CPX-130029,1tph a1 i1,1tpu a1 i1,23,22,0.9565,0.9565,0.0
PDB-CPX-130029,1tph a1 i1,1tpv a1 i1,23,24,0.9583,0.9583,0.0
PDB-CPX-130029,1tph a1 i1,1tpw a1 i1,23,24,0.88,0.88,0.0
PDB-CPX-130029,1tph a1 i1,4p61 a1 i1,23,25,0.92,0.92,0.0
PDB-CPX-130029,1tph a1 i1,8tim a1 i1,23,22,0.875,0.875,0.0
PDB-CPX-130029,1tpu a1 i1,1tpv a1 i1,22,24,0.9167,0.9167,0.0
PDB-CPX-130029,1tpu a1 i1,1tpw a1 i1,22,24,0.9167,0.9167,0.0
PDB-CPX-130029,1tpu a1 i1,4p61 a1 i1,22,25,0.88,0.88,0.0
PDB-CPX-130029,1tpu a1 i1,8tim a1 i1,22,22,0.8333,0.8333,0.0
PDB-CPX-130029,1tpv a1 i1,1tpw a1 i1,24,24,0.8462,0.8462,0.0
PDB-CPX-130029,1tpv a1 i1,4p61 a1 i1,24,25,0.8846,0.8846,0.0
PDB-CPX-130029,1tpv a1 i1,8tim a1 i1,24,22,0.84,0.84,0.0
PDB-CPX-130029,1tpw a1 i1,4p61 a1 i1,24,25,0.8148,0.8148,0.0
PDB-CPX-130029,1tpw a1 i1,8tim a1 i1,24,22,0.7692,0.84,0.0708
PDB-CPX-130029,4p61 a1 i1,8tim a1 i1,25,22,0.8077,0.8077,0.0
PDB-CPX-138703,7p34 a1 i1,9g3f a1 i1,21,13,0.3077,0.3077,0.0
PDB-CPX-138703,7p34 a1 i1,9g3g a1 i1,21,23,0.375,0.375,0.0
PDB-CPX-138703,7p34 a1 i1,9rqj a1 i1,21,22,0.4333,0.4333,0.0
PDB-CPX-138703,9g3f a1 i1,9g3g a1 i1,13,23,0.5,0.5,0.0
PDB-CPX-138703,9g3f a1 i1,9rqj a1 i1,13,22,0.2963,0.2963,0.0
PDB-CPX-138703,9g3g a1 i1,9rqj a1 i1,23,22,0.4062,0.4062,0.0
PDB-CPX-148643,1ds7 a1 i1,1icr a1 i1,33,41,0.6818,0.6444,-0.0374
PDB-CPX-148643,1ds7 a1 i1,1icu a1 i1,33,40,0.6977,0.6222,-0.0755
PDB-CPX-148643,1ds7 a1 i1,1icu a2 i1,33,42,0.6667,0.6667,0.0
PDB-CPX-148643,1ds7 a1 i1,1icv a1 i1,33,42,0.6667,0.6667,0.0
PDB-CPX-148643,1ds7 a1 i1,1icv a2 i1,33,41,0.6818,0.6444,-0.0374
PDB-CPX-148643,1ds7 a1 i1,1idt a1 i1,33,34,0.8611,0.675,-0.1861
PDB-CPX-148643,1ds7 a1 i1,1oo5 a1 i1,33,36,0.7692,0.6829,-0.0863
PDB-CPX-148643,1ds7 a1 i1,1oo6 a1 i1,33,34,0.8611,0.675,-0.1861
PDB-CPX-148643,1ds7 a1 i1,1oon a1 i1,33,36,0.8649,0.6829,-0.1819
PDB-CPX-148643,1ds7 a1 i1,1ooq a1 i1,33,34,0.8611,0.675,-0.1861
PDB-CPX-148643,1ds7 a1 i1,1yki a1 i1,33,38,0.6512,0.6136,-0.0375
PDB-CPX-148643,1ds7 a1 i1,1yki a2 i1,33,39,0.6364,0.6364,0.0
PDB-CPX-148643,1ds7 a1 i1,1ylr a1 i1,33,41,0.6818,0.6444,-0.0374
PDB-CPX-148643,1ds7 a1 i1,1ylu a1 i1,33,42,0.7045,0.6667,-0.0379
PDB-CPX-148643,1ds7 a1 i1,3x21 a1 i1,33,44,0.6739,0.6042,-0.0697
PDB-CPX-148643,1ds7 a1 i1,3x21 a2 i1,33,45,0.6596,0.6596,0.0
PDB-CPX-148643,1ds7 a1 i1,3x21 a3 i1,33,44,0.6383,0.6739,0.0356
PDB-CPX-148643,1ds7 a1 i1,3x21 a4 i1,33,45,0.6596,0.5918,-0.0677
PDB-CPX-148643,1ds7 a1 i1,3x21 a5 i1,33,45,0.625,0.56,-0.065
PDB-CPX-148643,1ds7 a1 i1,3x22 a1 i1,33,42,0.6667,0.6304,-0.0362
PDB-CPX-148643,1ds7 a1 i1,7x32 a1 i1,33,40,0.6977,0.6977,0.0
PDB-CPX-148643,1ds7 a1 i1,7x32 a2 i1,33,42,0.6667,0.6667,0.0
PDB-CPX-148643,1ds7 a1 i1,7x32 a3 i1,33,42,0.6667,0.6667,0.0
PDB-CPX-148643,1ds7 a1 i1,7x32 a4 i1,33,41,0.6818,0.6818,0.0
PDB-CPX-148643,1ds7 a1 i1,7xww a1 i1,33,36,0.6047,0.5682,-0.0365
PDB-CPX-148643,1ds7 a1 i1,7xww a2 i1,33,39,0.6,0.6364,0.0364
PDB-CPX-148643,1ds7 a1 i1,8c5e a1 i1,33,42,0.6667,0.6667,0.0
PDB-CPX-148643,1ds7 a1 i1,8c5f a1 i1,33,42,0.6667,0.6667,0.0
PDB-CPX-148643,1ds7 a1 i1,8c5p a1 i1,33,42,0.6667,0.6667,0.0
PDB-CPX-148643,1ds7 a1 i1,8ccv a1 i1,33,42,0.6667,0.6667,0.0
PDB-CPX-148643,1ds7 a1 i1,8cj0 a1 i1,33,43,0.6522,0.6522,0.0
PDB-CPX-148643,1ds7 a1 i1,8og3 a1 i1,33,38,0.7317,0.7317,0.0
PDB-CPX-148643,1ds7 a1 i1,8qes a1 i1,33,44,0.6042,0.6042,0.0
PDB-CPX-148643,1ds7 a1 i1,8qes a2 i1,33,44,0.6042,0.6042,0.0
PDB-CPX-148643,1ds7 a1 i1,8qpo a1 i1,33,40,0.6591,0.6591,0.0
PDB-CPX-148643,1ds7 a1 i1,8qpo a2 i1,33,40,0.6591,0.6591,0.0
PDB-CPX-148643,1ds7 a1 i1,8qpo a3 i1,33,41,0.6818,0.6818,0.0
PDB-CPX-148643,1ds7 a1 i1,8qpo a4 i1,33,41,0.6444,0.6444,0.0
PDB-CPX-148643,1ds7 a1 i1,8v5b a1 i1,33,42,0.6667,0.6667,0.0
PDB-CPX-148643,1ds7 a1 i1,8v5b a2 i1,33,45,0.625,0.6596,0.0346
PDB-CPX-148643,1icr a1 i1,1icu a1 i1,41,40,0.8409,0.8,-0.0409
PDB-CPX-148643,1icr a1 i1,1icu a2 i1,41,42,0.8864,0.8043,-0.082
PDB-CPX-148643,1icr a1 i1,1icv a1 i1,41,42,0.9302,0.9302,0.0
PDB-CPX-148643,1icr a1 i1,1icv a2 i1,41,41,0.907,0.8636,-0.0433
PDB-CPX-148643,1icr a1 i1,1idt a1 i1,41,34,0.7442,0.7045,-0.0396
PDB-CPX-148643,1icr a1 i1,1oo5 a1 i1,41,36,0.6739,0.7111,0.0372
PDB-CPX-148643,1icr a1 i1,1oo6 a1 i1,41,34,0.7045,0.7045,0.0
PDB-CPX-148643,1icr a1 i1,1oon a1 i1,41,36,0.6739,0.6739,0.0
PDB-CPX-148643,1icr a1 i1,1ooq a1 i1,41,34,0.7045,0.6667,-0.0379
PDB-CPX-148643,1icr a1 i1,1yki a1 i1,41,38,0.8372,0.7955,-0.0418
PDB-CPX-148643,1icr a1 i1,1yki a2 i1,41,39,0.8605,0.8182,-0.0423
PDB-CPX-148643,1icr a1 i1,1ylr a1 i1,41,41,0.9524,0.907,-0.0454
PDB-CPX-148643,1icr a1 i1,1ylu a1 i1,41,42,0.8864,0.8444,-0.0419
PDB-CPX-148643,1icr a1 i1,3x21 a1 i1,41,44,0.8085,0.8085,0.0
PDB-CPX-148643,1icr a1 i1,3x21 a2 i1,41,45,0.8696,0.7917,-0.0779
PDB-CPX-148643,1icr a1 i1,3x21 a3 i1,41,44,0.8478,0.8085,-0.0393
PDB-CPX-148643,1icr a1 i1,3x21 a4 i1,41,45,0.7551,0.72,-0.0351
PDB-CPX-148643,1icr a1 i1,3x21 a5 i1,41,45,0.7551,0.7551,0.0
PDB-CPX-148643,1icr a1 i1,3x22 a1 i1,41,42,0.9302,0.8864,-0.0439
PDB-CPX-148643,1icr a1 i1,7x32 a1 i1,41,40,0.8837,0.9286,0.0449
PDB-CPX-148643,1icr a1 i1,7x32 a2 i1,41,42,0.9302,0.9302,0.0
PDB-CPX-148643,1icr a1 i1,7x32 a3 i1,41,42,0.9302,0.9302,0.0
PDB-CPX-148643,1icr a1 i1,7x32 a4 i1,41,41,0.907,0.9524,0.0454
PDB-CPX-148643,1icr a1 i1,7xww a1 i1,41,36,0.6042,0.6042,0.0
PDB-CPX-148643,1icr a1 i1,7xww a2 i1,41,39,0.6327,0.6667,0.034
PDB-CPX-148643,1icr a1 i1,8c5e a1 i1,41,42,0.9302,0.9302,0.0
PDB-CPX-148643,1icr a1 i1,8c5f a1 i1,41,42,0.9302,0.9302,0.0
PDB-CPX-148643,1icr a1 i1,8c5p a1 i1,41,42,0.9302,0.9302,0.0
PDB-CPX-148643,1icr a1 i1,8ccv a1 i1,41,42,0.9302,0.9302,0.0
PDB-CPX-148643,1icr a1 i1,8cj0 a1 i1,41,43,0.9091,0.9091,0.0
PDB-CPX-148643,1icr a1 i1,8og3 a1 i1,41,38,0.881,0.881,0.0
PDB-CPX-148643,1icr a1 i1,8qes a1 i1,41,44,0.8085,0.8085,0.0
PDB-CPX-148643,1icr a1 i1,8qes a2 i1,41,44,0.8478,0.8478,0.0
PDB-CPX-148643,1icr a1 i1,8qpo a1 i1,41,40,0.8837,0.8837,0.0
PDB-CPX-148643,1icr a1 i1,8qpo a2 i1,41,40,0.8837,0.8837,0.0
PDB-CPX-148643,1icr a1 i1,8qpo a3 i1,41,41,0.907,0.907,0.0
PDB-CPX-148643,1icr a1 i1,8qpo a4 i1,41,41,0.907,0.907,0.0
PDB-CPX-148643,1icr a1 i1,8v5b a1 i1,41,42,0.9302,0.9302,0.0
PDB-CPX-148643,1icr a1 i1,8v5b a2 i1,41,45,0.8298,0.8298,0.0
PDB-CPX-148643,1icu a1 i1,1icu a2 i1,40,42,0.8636,0.7826,-0.081
PDB-CPX-148643,1icu a1 i1,1icv a1 i1,40,42,0.8636,0.8636,0.0
PDB-CPX-148643,1icu a1 i1,1icv a2 i1,40,41,0.8837,0.8837,0.0
PDB-CPX-148643,1icu a1 i1,1idt a1 i1,40,34,0.8049,0.7209,-0.0839
PDB-CPX-148643,1icu a1 i1,1oo5 a1 i1,40,36,0.7273,0.6522,-0.0751
PDB-CPX-148643,1icu a1 i1,1oo6 a1 i1,40,34,0.7619,0.6818,-0.0801
PDB-CPX-148643,1icu a1 i1,1oon a1 i1,40,36,0.6889,0.617,-0.0719
PDB-CPX-148643,1icu a1 i1,1ooq a1 i1,40,34,0.7209,0.6444,-0.0765
PDB-CPX-148643,1icu a1 i1,1yki a1 i1,40,38,0.8571,0.7333,-0.1238
PDB-CPX-148643,1icu a1 i1,1yki a2 i1,40,39,0.8372,0.7556,-0.0817
PDB-CPX-148643,1icu a1 i1,1ylr a1 i1,40,41,0.8837,0.8409,-0.0428
PDB-CPX-148643,1icu a1 i1,1ylu a1 i1,40,42,0.8636,0.7826,-0.081
PDB-CPX-148643,1icu a1 i1,3x21 a1 i1,40,44,0.7872,0.7872,0.0
PDB-CPX-148643,1icu a1 i1,3x21 a2 i1,40,45,0.7708,0.7347,-0.0361
PDB-CPX-148643,1icu a1 i1,3x21 a3 i1,40,44,0.7872,0.8261,0.0389
PDB-CPX-148643,1icu a1 i1,3x21 a4 i1,40,45,0.7347,0.7347,0.0
PDB-CPX-148643,1icu a1 i1,3x21 a5 i1,40,45,0.7347,0.7708,0.0361
PDB-CPX-148643,1icu a1 i1,3x22 a1 i1,40,42,0.7826,0.7826,0.0
PDB-CPX-148643,1icu a1 i1,7x32 a1 i1,40,40,0.8605,0.8182,-0.0423
PDB-CPX-148643,1icu a1 i1,7x32 a2 i1,40,42,0.8636,0.8636,0.0
PDB-CPX-148643,1icu a1 i1,7x32 a3 i1,40,42,0.8636,0.8636,0.0
PDB-CPX-148643,1icu a1 i1,7x32 a4 i1,40,41,0.8409,0.8409,0.0
PDB-CPX-148643,1icu a1 i1,7xww a1 i1,40,36,0.52,0.5833,0.0633
PDB-CPX-148643,1icu a1 i1,7xww a2 i1,40,39,0.58,0.6122,0.0322
PDB-CPX-148643,1icu a1 i1,8c5e a1 i1,40,42,0.8636,0.8636,0.0
PDB-CPX-148643,1icu a1 i1,8c5f a1 i1,40,42,0.8636,0.8636,0.0
PDB-CPX-148643,1icu a1 i1,8c5p a1 i1,40,42,0.8636,0.8636,0.0
PDB-CPX-148643,1icu a1 i1,8ccv a1 i1,40,42,0.8636,0.8636,0.0
PDB-CPX-148643,1icu a1 i1,8cj0 a1 i1,40,43,0.8444,0.8444,0.0
PDB-CPX-148643,1icu a1 i1,8og3 a1 i1,40,38,0.814,0.814,0.0
PDB-CPX-148643,1icu a1 i1,8qes a1 i1,40,44,0.75,0.7872,0.0372
PDB-CPX-148643,1icu a1 i1,8qes a2 i1,40,44,0.7872,0.7872,0.0
PDB-CPX-148643,1icu a1 i1,8qpo a1 i1,40,40,0.8605,0.8182,-0.0423
PDB-CPX-148643,1icu a1 i1,8qpo a2 i1,40,40,0.8182,0.8605,0.0423
PDB-CPX-148643,1icu a1 i1,8qpo a3 i1,40,41,0.8409,0.8837,0.0428
PDB-CPX-148643,1icu a1 i1,8qpo a4 i1,40,41,0.8409,0.8409,0.0
PDB-CPX-148643,1icu a1 i1,8v5b a1 i1,40,42,0.8636,0.8636,0.0
PDB-CPX-148643,1icu a1 i1,8v5b a2 i1,40,45,0.7708,0.7708,0.0
PDB-CPX-148643,1icu a2 i1,1icv a1 i1,42,42,0.8667,0.8667,0.0
PDB-CPX-148643,1icu a2 i1,1icv a2 i1,42,41,0.8864,0.8043,-0.082
PDB-CPX-148643,1icu a2 i1,1idt a1 i1,42,34,0.7273,0.6889,-0.0384
PDB-CPX-148643,1icu a2 i1,1oo5 a1 i1,42,36,0.6957,0.6596,-0.0361
PDB-CPX-148643,1icu a2 i1,1oo6 a1 i1,42,34,0.6889,0.6889,0.0
PDB-CPX-148643,1icu a2 i1,1oon a1 i1,42,36,0.6957,0.6596,-0.0361
PDB-CPX-148643,1icu a2 i1,1ooq a1 i1,42,34,0.6889,0.6522,-0.0367
PDB-CPX-148643,1icu a2 i1,1yki a1 i1,42,38,0.8182,0.7391,-0.0791
PDB-CPX-148643,1icu a2 i1,1yki a2 i1,42,39,0.8409,0.7609,-0.08
PDB-CPX-148643,1icu a2 i1,1ylr a1 i1,42,41,0.8864,0.8444,-0.0419
PDB-CPX-148643,1icu a2 i1,1ylu a1 i1,42,42,0.8667,0.7872,-0.0794
PDB-CPX-148643,1icu a2 i1,3x21 a1 i1,42,44,0.7917,0.7917,0.0
PDB-CPX-148643,1icu a2 i1,3x21 a2 i1,42,45,0.8125,0.7755,-0.037
PDB-CPX-148643,1icu a2 i1,3x21 a3 i1,42,44,0.7917,0.7917,0.0
PDB-CPX-148643,1icu a2 i1,3x21 a4 i1,42,45,0.7059,0.7059,0.0
PDB-CPX-148643,1icu a2 i1,3x21 a5 i1,42,45,0.7059,0.7755,0.0696
PDB-CPX-148643,1icu a2 i1,3x22 a1 i1,42,42,0.8261,0.7872,-0.0389
PDB-CPX-148643,1icu a2 i1,7x32 a1 i1,42,40,0.8222,0.8636,0.0414
PDB-CPX-148643,1icu a2 i1,7x32 a2 i1,42,42,0.8667,0.8667,0.0
PDB-CPX-148643,1icu a2 i1,7x32 a3 i1,42,42,0.8667,0.8667,0.0
PDB-CPX-148643,1icu a2 i1,7x32 a4 i1,42,41,0.8444,0.8864,0.0419
PDB-CPX-148643,1icu a2 i1,7xww a1 i1,42,36,0.5918,0.5918,0.0
PDB-CPX-148643,1icu a2 i1,7xww a2 i1,42,39,0.62,0.6531,0.0331
PDB-CPX-148643,1icu a2 i1,8c5e a1 i1,42,42,0.8667,0.8667,0.0
PDB-CPX-148643,1icu a2 i1,8c5f a1 i1,42,42,0.8667,0.8667,0.0
PDB-CPX-148643,1icu a2 i1,8c5p a1 i1,42,42,0.8667,0.8667,0.0
PDB-CPX-148643,1icu a2 i1,8ccv a1 i1,42,42,0.8667,0.8667,0.0
PDB-CPX-148643,1icu a2 i1,8cj0 a1 i1,42,43,0.8478,0.8478,0.0
PDB-CPX-148643,1icu a2 i1,8og3 a1 i1,42,38,0.8182,0.8182,0.0
PDB-CPX-148643,1icu a2 i1,8qes a1 i1,42,44,0.7551,0.7917,0.0366
PDB-CPX-148643,1icu a2 i1,8qes a2 i1,42,44,0.7917,0.7917,0.0
PDB-CPX-148643,1icu a2 i1,8qpo a1 i1,42,40,0.8222,0.8222,0.0
PDB-CPX-148643,1icu a2 i1,8qpo a2 i1,42,40,0.8222,0.8222,0.0
PDB-CPX-148643,1icu a2 i1,8qpo a3 i1,42,41,0.8444,0.8444,0.0
PDB-CPX-148643,1icu a2 i1,8qpo a4 i1,42,41,0.8444,0.8444,0.0
PDB-CPX-148643,1icu a2 i1,8v5b a1 i1,42,42,0.8667,0.8667,0.0
PDB-CPX-148643,1icu a2 i1,8v5b a2 i1,42,45,0.7755,0.7755,0.0
PDB-CPX-148643,1icv a1 i1,1icv a2 i1,42,41,0.9302,0.9302,0.0
PDB-CPX-148643,1icv a1 i1,1idt a1 i1,42,34,0.7674,0.7674,0.0
PDB-CPX-148643,1icv a1 i1,1oo5 a1 i1,42,36,0.7333,0.7333,0.0
PDB-CPX-148643,1icv a1 i1,1oo6 a1 i1,42,34,0.7273,0.7273,0.0
PDB-CPX-148643,1icv a1 i1,1oon a1 i1,42,36,0.6596,0.6596,0.0
PDB-CPX-148643,1icv a1 i1,1ooq a1 i1,42,34,0.6889,0.6889,0.0
PDB-CPX-148643,1icv a1 i1,1yki a1 i1,42,38,0.8605,0.8605,0.0
PDB-CPX-148643,1icv a1 i1,1yki a2 i1,42,39,0.8837,0.8837,0.0
PDB-CPX-148643,1icv a1 i1,1ylr a1 i1,42,41,0.9762,0.9762,0.0
PDB-CPX-148643,1icv a1 i1,1ylu a1 i1,42,42,0.9091,0.9091,0.0
PDB-CPX-148643,1icv a1 i1,3x21 a1 i1,42,44,0.8298,0.8298,0.0
PDB-CPX-148643,1icv a1 i1,3x21 a2 i1,42,45,0.8511,0.8511,0.0
PDB-CPX-148643,1icv a1 i1,3x21 a3 i1,42,44,0.8298,0.8298,0.0
PDB-CPX-148643,1icv a1 i1,3x21 a4 i1,42,45,0.74,0.74,0.0
PDB-CPX-148643,1icv a1 i1,3x21 a5 i1,42,45,0.7755,0.7755,0.0
PDB-CPX-148643,1icv a1 i1,3x22 a1 i1,42,42,0.9091,0.9091,0.0
PDB-CPX-148643,1icv a1 i1,7x32 a1 i1,42,40,0.9524,0.9524,0.0
PDB-CPX-148643,1icv a1 i1,7x32 a2 i1,42,42,1.0,1.0,0.0
PDB-CPX-148643,1icv a1 i1,7x32 a3 i1,42,42,1.0,1.0,0.0
PDB-CPX-148643,1icv a1 i1,7x32 a4 i1,42,41,0.9762,0.9762,0.0
PDB-CPX-148643,1icv a1 i1,7xww a1 i1,42,36,0.5918,0.5918,0.0
PDB-CPX-148643,1icv a1 i1,7xww a2 i1,42,39,0.6531,0.6531,0.0
PDB-CPX-148643,1icv a1 i1,8c5e a1 i1,42,42,1.0,1.0,0.0
PDB-CPX-148643,1icv a1 i1,8c5f a1 i1,42,42,1.0,1.0,0.0
PDB-CPX-148643,1icv a1 i1,8c5p a1 i1,42,42,1.0,1.0,0.0
PDB-CPX-148643,1icv a1 i1,8ccv a1 i1,42,42,1.0,1.0,0.0
PDB-CPX-148643,1icv a1 i1,8cj0 a1 i1,42,43,0.9767,0.9767,0.0
PDB-CPX-148643,1icv a1 i1,8og3 a1 i1,42,38,0.9048,0.9048,0.0
PDB-CPX-148643,1icv a1 i1,8qes a1 i1,42,44,0.8696,0.8696,0.0
PDB-CPX-148643,1icv a1 i1,8qes a2 i1,42,44,0.9111,0.9111,0.0
PDB-CPX-148643,1icv a1 i1,8qpo a1 i1,42,40,0.9524,0.9524,0.0
PDB-CPX-148643,1icv a1 i1,8qpo a2 i1,42,40,0.9524,0.9524,0.0
PDB-CPX-148643,1icv a1 i1,8qpo a3 i1,42,41,0.9762,0.9762,0.0
PDB-CPX-148643,1icv a1 i1,8qpo a4 i1,42,41,0.9762,0.9762,0.0
PDB-CPX-148643,1icv a1 i1,8v5b a1 i1,42,42,1.0,1.0,0.0
PDB-CPX-148643,1icv a1 i1,8v5b a2 i1,42,45,0.8913,0.8913,0.0
PDB-CPX-148643,1icv a2 i1,1idt a1 i1,41,34,0.7857,0.7442,-0.0415
PDB-CPX-148643,1icv a2 i1,1oo5 a1 i1,41,36,0.7111,0.7111,0.0
PDB-CPX-148643,1icv a2 i1,1oo6 a1 i1,41,34,0.7442,0.7045,-0.0396
PDB-CPX-148643,1icv a2 i1,1oon a1 i1,41,36,0.6739,0.6383,-0.0356
PDB-CPX-148643,1icv a2 i1,1ooq a1 i1,41,34,0.7045,0.6667,-0.0379
PDB-CPX-148643,1icv a2 i1,1yki a1 i1,41,38,0.8372,0.7955,-0.0418
PDB-CPX-148643,1icv a2 i1,1yki a2 i1,41,39,0.8605,0.8182,-0.0423
PDB-CPX-148643,1icv a2 i1,1ylr a1 i1,41,41,0.9524,0.907,-0.0454
PDB-CPX-148643,1icv a2 i1,1ylu a1 i1,41,42,0.8864,0.8444,-0.0419
PDB-CPX-148643,1icv a2 i1,3x21 a1 i1,41,44,0.8085,0.8085,0.0
PDB-CPX-148643,1icv a2 i1,3x21 a2 i1,41,45,0.7917,0.8298,0.0381
PDB-CPX-148643,1icv a2 i1,3x21 a3 i1,41,44,0.8478,0.8085,-0.0393
PDB-CPX-148643,1icv a2 i1,3x21 a4 i1,41,45,0.7551,0.7551,0.0
PDB-CPX-148643,1icv a2 i1,3x21 a5 i1,41,45,0.7917,0.7551,-0.0366
PDB-CPX-148643,1icv a2 i1,3x22 a1 i1,41,42,0.8444,0.8444,0.0
PDB-CPX-148643,1icv a2 i1,7x32 a1 i1,41,40,0.8837,0.9286,0.0449
PDB-CPX-148643,1icv a2 i1,7x32 a2 i1,41,42,0.9302,0.9302,0.0
PDB-CPX-148643,1icv a2 i1,7x32 a3 i1,41,42,0.9302,0.9302,0.0
PDB-CPX-148643,1icv a2 i1,7x32 a4 i1,41,41,0.907,0.907,0.0
PDB-CPX-148643,1icv a2 i1,7xww a1 i1,41,36,0.6042,0.54,-0.0642
PDB-CPX-148643,1icv a2 i1,7xww a2 i1,41,39,0.6327,0.6667,0.034
PDB-CPX-148643,1icv a2 i1,8c5e a1 i1,41,42,0.9302,0.9302,0.0
PDB-CPX-148643,1icv a2 i1,8c5f a1 i1,41,42,0.9302,0.9302,0.0
PDB-CPX-148643,1icv a2 i1,8c5p a1 i1,41,42,0.9302,0.9302,0.0
PDB-CPX-148643,1icv a2 i1,8ccv a1 i1,41,42,0.9302,0.9302,0.0
PDB-CPX-148643,1icv a2 i1,8cj0 a1 i1,41,43,0.9091,0.9091,0.0
PDB-CPX-148643,1icv a2 i1,8og3 a1 i1,41,38,0.881,0.881,0.0
PDB-CPX-148643,1icv a2 i1,8qes a1 i1,41,44,0.8085,0.8085,0.0
PDB-CPX-148643,1icv a2 i1,8qes a2 i1,41,44,0.8478,0.8478,0.0
PDB-CPX-148643,1icv a2 i1,8qpo a1 i1,41,40,0.8837,0.9286,0.0449
PDB-CPX-148643,1icv a2 i1,8qpo a2 i1,41,40,0.9286,0.8837,-0.0449
PDB-CPX-148643,1icv a2 i1,8qpo a3 i1,41,41,0.9524,0.907,-0.0454
PDB-CPX-148643,1icv a2 i1,8qpo a4 i1,41,41,0.907,0.907,0.0
PDB-CPX-148643,1icv a2 i1,8v5b a1 i1,41,42,0.9302,0.9302,0.0
PDB-CPX-148643,1icv a2 i1,8v5b a2 i1,41,45,0.8298,0.8298,0.0
PDB-CPX-148643,1idt a1 i1,1oo5 a1 i1,34,36,0.7949,0.7073,-0.0876
PDB-CPX-148643,1idt a1 i1,1oo6 a1 i1,34,34,0.9429,0.7436,-0.1993
PDB-CPX-148643,1idt a1 i1,1oon a1 i1,34,36,0.8421,0.6667,-0.1754
PDB-CPX-148643,1idt a1 i1,1ooq a1 i1,34,34,0.8889,0.7,-0.1889
PDB-CPX-148643,1idt a1 i1,1yki a1 i1,34,38,0.7561,0.6744,-0.0817
PDB-CPX-148643,1idt a1 i1,1yki a2 i1,34,39,0.7381,0.6977,-0.0404
PDB-CPX-148643,1idt a1 i1,1ylr a1 i1,34,41,0.7857,0.7442,-0.0415
PDB-CPX-148643,1idt a1 i1,1ylu a1 i1,34,42,0.7674,0.7273,-0.0402
PDB-CPX-148643,1idt a1 i1,3x21 a1 i1,34,44,0.625,0.625,0.0
PDB-CPX-148643,1idt a1 i1,3x21 a2 i1,34,45,0.6809,0.6809,0.0
PDB-CPX-148643,1idt a1 i1,3x21 a3 i1,34,44,0.6596,0.6596,0.0
PDB-CPX-148643,1idt a1 i1,3x21 a4 i1,34,45,0.6122,0.6122,0.0
PDB-CPX-148643,1idt a1 i1,3x21 a5 i1,34,45,0.6122,0.6122,0.0
PDB-CPX-148643,1idt a1 i1,3x22 a1 i1,34,42,0.6889,0.6889,0.0
PDB-CPX-148643,1idt a1 i1,7x32 a1 i1,34,40,0.7619,0.7619,0.0
PDB-CPX-148643,1idt a1 i1,7x32 a2 i1,34,42,0.7674,0.7674,0.0
PDB-CPX-148643,1idt a1 i1,7x32 a3 i1,34,42,0.7674,0.7674,0.0
PDB-CPX-148643,1idt a1 i1,7x32 a4 i1,34,41,0.7442,0.7442,0.0
PDB-CPX-148643,1idt a1 i1,7xww a1 i1,34,36,0.5556,0.5556,0.0
PDB-CPX-148643,1idt a1 i1,7xww a2 i1,34,39,0.5532,0.587,0.0338
PDB-CPX-148643,1idt a1 i1,8c5e a1 i1,34,42,0.7674,0.7674,0.0
PDB-CPX-148643,1idt a1 i1,8c5f a1 i1,34,42,0.7674,0.7674,0.0
PDB-CPX-148643,1idt a1 i1,8c5p a1 i1,34,42,0.7674,0.7674,0.0
PDB-CPX-148643,1idt a1 i1,8ccv a1 i1,34,42,0.7674,0.7674,0.0
PDB-CPX-148643,1idt a1 i1,8cj0 a1 i1,34,43,0.75,0.75,0.0
PDB-CPX-148643,1idt a1 i1,8og3 a1 i1,34,38,0.7561,0.7561,0.0
PDB-CPX-148643,1idt a1 i1,8qes a1 i1,34,44,0.6957,0.6957,0.0
PDB-CPX-148643,1idt a1 i1,8qes a2 i1,34,44,0.6957,0.6957,0.0
PDB-CPX-148643,1idt a1 i1,8qpo a1 i1,34,40,0.7619,0.7619,0.0
PDB-CPX-148643,1idt a1 i1,8qpo a2 i1,34,40,0.7619,0.7619,0.0
PDB-CPX-148643,1idt a1 i1,8qpo a3 i1,34,41,0.7857,0.7857,0.0
PDB-CPX-148643,1idt a1 i1,8qpo a4 i1,34,41,0.7442,0.7442,0.0
PDB-CPX-148643,1idt a1 i1,8v5b a1 i1,34,42,0.7674,0.7674,0.0
PDB-CPX-148643,1idt a1 i1,8v5b a2 i1,34,45,0.6809,0.6809,0.0
PDB-CPX-148643,1oo5 a1 i1,1oo6 a1 i1,36,34,0.8421,0.6667,-0.1754
PDB-CPX-148643,1oo5 a1 i1,1oon a1 i1,36,36,0.7561,0.6744,-0.0817
PDB-CPX-148643,1oo5 a1 i1,1ooq a1 i1,36,34,0.75,0.6667,-0.0833
PDB-CPX-148643,1oo5 a1 i1,1yki a1 i1,36,38,0.6818,0.6444,-0.0374
PDB-CPX-148643,1oo5 a1 i1,1yki a2 i1,36,39,0.6667,0.6667,0.0
PDB-CPX-148643,1oo5 a1 i1,1ylr a1 i1,36,41,0.7111,0.7111,0.0
PDB-CPX-148643,1oo5 a1 i1,1ylu a1 i1,36,42,0.7333,0.6957,-0.0377
PDB-CPX-148643,1oo5 a1 i1,3x21 a1 i1,36,44,0.6667,0.6327,-0.034
PDB-CPX-148643,1oo5 a1 i1,3x21 a2 i1,36,45,0.6875,0.7234,0.0359
PDB-CPX-148643,1oo5 a1 i1,3x21 a3 i1,36,44,0.6667,0.7021,0.0355
PDB-CPX-148643,1oo5 a1 i1,3x21 a4 i1,36,45,0.6531,0.62,-0.0331
PDB-CPX-148643,1oo5 a1 i1,3x21 a5 i1,36,45,0.62,0.62,0.0
PDB-CPX-148643,1oo5 a1 i1,3x22 a1 i1,36,42,0.6596,0.6957,0.0361
PDB-CPX-148643,1oo5 a1 i1,7x32 a1 i1,36,40,0.7674,0.7273,-0.0402
PDB-CPX-148643,1oo5 a1 i1,7x32 a2 i1,36,42,0.7333,0.7333,0.0
PDB-CPX-148643,1oo5 a1 i1,7x32 a3 i1,36,42,0.7333,0.7333,0.0
PDB-CPX-148643,1oo5 a1 i1,7x32 a4 i1,36,41,0.75,0.7111,-0.0389
PDB-CPX-148643,1oo5 a1 i1,7xww a1 i1,36,36,0.5652,0.6,0.0348
PDB-CPX-148643,1oo5 a1 i1,7xww a2 i1,36,39,0.6667,0.6304,-0.0362
PDB-CPX-148643,1oo5 a1 i1,8c5e a1 i1,36,42,0.7333,0.7333,0.0
PDB-CPX-148643,1oo5 a1 i1,8c5f a1 i1,36,42,0.7333,0.7333,0.0
PDB-CPX-148643,1oo5 a1 i1,8c5p a1 i1,36,42,0.7333,0.7333,0.0
PDB-CPX-148643,1oo5 a1 i1,8ccv a1 i1,36,42,0.7333,0.7333,0.0
PDB-CPX-148643,1oo5 a1 i1,8cj0 a1 i1,36,43,0.7174,0.7174,0.0
PDB-CPX-148643,1oo5 a1 i1,8og3 a1 i1,36,38,0.7619,0.7619,0.0
PDB-CPX-148643,1oo5 a1 i1,8qes a1 i1,36,44,0.6327,0.6667,0.034
PDB-CPX-148643,1oo5 a1 i1,8qes a2 i1,36,44,0.6667,0.6667,0.0
PDB-CPX-148643,1oo5 a1 i1,8qpo a1 i1,36,40,0.7273,0.7273,0.0
PDB-CPX-148643,1oo5 a1 i1,8qpo a2 i1,36,40,0.7273,0.7273,0.0
PDB-CPX-148643,1oo5 a1 i1,8qpo a3 i1,36,41,0.75,0.75,0.0
PDB-CPX-148643,1oo5 a1 i1,8qpo a4 i1,36,41,0.7111,0.7111,0.0
PDB-CPX-148643,1oo5 a1 i1,8v5b a1 i1,36,42,0.7333,0.7333,0.0
PDB-CPX-148643,1oo5 a1 i1,8v5b a2 i1,36,45,0.6875,0.6875,0.0
PDB-CPX-148643,1oo6 a1 i1,1oon a1 i1,34,36,0.8421,0.6667,-0.1754
PDB-CPX-148643,1oo6 a1 i1,1ooq a1 i1,34,34,0.8889,0.7,-0.1889
PDB-CPX-148643,1oo6 a1 i1,1yki a1 i1,34,38,0.7143,0.6364,-0.0779
PDB-CPX-148643,1oo6 a1 i1,1yki a2 i1,34,39,0.6977,0.6591,-0.0386
PDB-CPX-148643,1oo6 a1 i1,1ylr a1 i1,34,41,0.7442,0.7045,-0.0396
PDB-CPX-148643,1oo6 a1 i1,1ylu a1 i1,34,42,0.7273,0.6889,-0.0384
PDB-CPX-148643,1oo6 a1 i1,3x21 a1 i1,34,44,0.625,0.625,0.0
PDB-CPX-148643,1oo6 a1 i1,3x21 a2 i1,34,45,0.6458,0.6809,0.035
PDB-CPX-148643,1oo6 a1 i1,3x21 a3 i1,34,44,0.6596,0.6596,0.0
PDB-CPX-148643,1oo6 a1 i1,3x21 a4 i1,34,45,0.6122,0.6122,0.0
PDB-CPX-148643,1oo6 a1 i1,3x21 a5 i1,34,45,0.6122,0.58,-0.0322
PDB-CPX-148643,1oo6 a1 i1,3x22 a1 i1,34,42,0.6522,0.6889,0.0367
PDB-CPX-148643,1oo6 a1 i1,7x32 a1 i1,34,40,0.7619,0.7209,-0.041
PDB-CPX-148643,1oo6 a1 i1,7x32 a2 i1,34,42,0.7273,0.7273,0.0
PDB-CPX-148643,1oo6 a1 i1,7x32 a3 i1,34,42,0.7273,0.7273,0.0
PDB-CPX-148643,1oo6 a1 i1,7x32 a4 i1,34,41,0.7442,0.7045,-0.0396
PDB-CPX-148643,1oo6 a1 i1,7xww a1 i1,34,36,0.5556,0.5556,0.0
PDB-CPX-148643,1oo6 a1 i1,7xww a2 i1,34,39,0.5532,0.587,0.0338
PDB-CPX-148643,1oo6 a1 i1,8c5e a1 i1,34,42,0.7273,0.7273,0.0
PDB-CPX-148643,1oo6 a1 i1,8c5f a1 i1,34,42,0.7273,0.7273,0.0
PDB-CPX-148643,1oo6 a1 i1,8c5p a1 i1,34,42,0.7273,0.7273,0.0
PDB-CPX-148643,1oo6 a1 i1,8ccv a1 i1,34,42,0.7273,0.7273,0.0
PDB-CPX-148643,1oo6 a1 i1,8cj0 a1 i1,34,43,0.7111,0.7111,0.0
PDB-CPX-148643,1oo6 a1 i1,8og3 a1 i1,34,38,0.7561,0.7561,0.0
PDB-CPX-148643,1oo6 a1 i1,8qes a1 i1,34,44,0.6596,0.6596,0.0
PDB-CPX-148643,1oo6 a1 i1,8qes a2 i1,34,44,0.6596,0.6596,0.0
PDB-CPX-148643,1oo6 a1 i1,8qpo a1 i1,34,40,0.7209,0.7209,0.0
PDB-CPX-148643,1oo6 a1 i1,8qpo a2 i1,34,40,0.7209,0.7209,0.0
PDB-CPX-148643,1oo6 a1 i1,8qpo a3 i1,34,41,0.7442,0.7442,0.0
PDB-CPX-148643,1oo6 a1 i1,8qpo a4 i1,34,41,0.7045,0.7045,0.0
PDB-CPX-148643,1oo6 a1 i1,8v5b a1 i1,34,42,0.7273,0.7273,0.0
PDB-CPX-148643,1oo6 a1 i1,8v5b a2 i1,34,45,0.6458,0.6458,0.0
PDB-CPX-148643,1oon a1 i1,1ooq a1 i1,36,34,0.8919,0.7073,-0.1846
PDB-CPX-148643,1oon a1 i1,1yki a1 i1,36,38,0.6444,0.5745,-0.07
PDB-CPX-148643,1oon a1 i1,1yki a2 i1,36,39,0.6304,0.5957,-0.0347
PDB-CPX-148643,1oon a1 i1,1ylr a1 i1,36,41,0.6739,0.6383,-0.0356
PDB-CPX-148643,1oon a1 i1,1ylu a1 i1,36,42,0.6596,0.625,-0.0346
PDB-CPX-148643,1oon a1 i1,3x21 a1 i1,36,44,0.6,0.6,0.0
PDB-CPX-148643,1oon a1 i1,3x21 a2 i1,36,45,0.6875,0.7234,0.0359
PDB-CPX-148643,1oon a1 i1,3x21 a3 i1,36,44,0.6327,0.6667,0.034
PDB-CPX-148643,1oon a1 i1,3x21 a4 i1,36,45,0.5882,0.62,0.0318
PDB-CPX-148643,1oon a1 i1,3x21 a5 i1,36,45,0.5882,0.62,0.0318
PDB-CPX-148643,1oon a1 i1,3x22 a1 i1,36,42,0.6596,0.6596,0.0
PDB-CPX-148643,1oon a1 i1,7x32 a1 i1,36,40,0.6889,0.6889,0.0
PDB-CPX-148643,1oon a1 i1,7x32 a2 i1,36,42,0.6596,0.6596,0.0
PDB-CPX-148643,1oon a1 i1,7x32 a3 i1,36,42,0.6596,0.6596,0.0
PDB-CPX-148643,1oon a1 i1,7x32 a4 i1,36,41,0.6739,0.6739,0.0
PDB-CPX-148643,1oon a1 i1,7xww a1 i1,36,36,0.6364,0.6364,0.0
PDB-CPX-148643,1oon a1 i1,7xww a2 i1,36,39,0.6304,0.6304,0.0
PDB-CPX-148643,1oon a1 i1,8c5e a1 i1,36,42,0.6596,0.6596,0.0
PDB-CPX-148643,1oon a1 i1,8c5f a1 i1,36,42,0.6596,0.6596,0.0
PDB-CPX-148643,1oon a1 i1,8c5p a1 i1,36,42,0.6596,0.6596,0.0
PDB-CPX-148643,1oon a1 i1,8ccv a1 i1,36,42,0.6596,0.6596,0.0
PDB-CPX-148643,1oon a1 i1,8cj0 a1 i1,36,43,0.6458,0.6458,0.0
PDB-CPX-148643,1oon a1 i1,8og3 a1 i1,36,38,0.7209,0.7209,0.0
PDB-CPX-148643,1oon a1 i1,8qes a1 i1,36,44,0.6,0.6327,0.0327
PDB-CPX-148643,1oon a1 i1,8qes a2 i1,36,44,0.6327,0.6,-0.0327
PDB-CPX-148643,1oon a1 i1,8qpo a1 i1,36,40,0.6522,0.6522,0.0
PDB-CPX-148643,1oon a1 i1,8qpo a2 i1,36,40,0.6522,0.6522,0.0
PDB-CPX-148643,1oon a1 i1,8qpo a3 i1,36,41,0.6739,0.6739,0.0
PDB-CPX-148643,1oon a1 i1,8qpo a4 i1,36,41,0.6383,0.6383,0.0
PDB-CPX-148643,1oon a1 i1,8v5b a1 i1,36,42,0.6596,0.6596,0.0
PDB-CPX-148643,1oon a1 i1,8v5b a2 i1,36,45,0.5882,0.62,0.0318
PDB-CPX-148643,1ooq a1 i1,1yki a1 i1,34,38,0.6744,0.6,-0.0744
PDB-CPX-148643,1ooq a1 i1,1yki a2 i1,34,39,0.6591,0.6222,-0.0369
PDB-CPX-148643,1ooq a1 i1,1ylr a1 i1,34,41,0.7045,0.6667,-0.0379
PDB-CPX-148643,1ooq a1 i1,1ylu a1 i1,34,42,0.6889,0.6522,-0.0367
PDB-CPX-148643,1ooq a1 i1,3x21 a1 i1,34,44,0.625,0.625,0.0
PDB-CPX-148643,1ooq a1 i1,3x21 a2 i1,34,45,0.6458,0.6458,0.0
PDB-CPX-148643,1ooq a1 i1,3x21 a3 i1,34,44,0.6596,0.6596,0.0
PDB-CPX-148643,1ooq a1 i1,3x21 a4 i1,34,45,0.6122,0.6122,0.0
PDB-CPX-148643,1ooq a1 i1,3x21 a5 i1,34,45,0.58,0.58,0.0
PDB-CPX-148643,1ooq a1 i1,3x22 a1 i1,34,42,0.6522,0.6522,0.0
PDB-CPX-148643,1ooq a1 i1,7x32 a1 i1,34,40,0.7209,0.7209,0.0
PDB-CPX-148643,1ooq a1 i1,7x32 a2 i1,34,42,0.6889,0.6889,0.0
PDB-CPX-148643,1ooq a1 i1,7x32 a3 i1,34,42,0.6889,0.6889,0.0
PDB-CPX-148643,1ooq a1 i1,7x32 a4 i1,34,41,0.7045,0.7045,0.0
PDB-CPX-148643,1ooq a1 i1,7xww a1 i1,34,36,0.5909,0.5909,0.0
PDB-CPX-148643,1ooq a1 i1,7xww a2 i1,34,39,0.587,0.6222,0.0353
PDB-CPX-148643,1ooq a1 i1,8c5e a1 i1,34,42,0.6889,0.6889,0.0
PDB-CPX-148643,1ooq a1 i1,8c5f a1 i1,34,42,0.6889,0.6889,0.0
PDB-CPX-148643,1ooq a1 i1,8c5p a1 i1,34,42,0.6889,0.6889,0.0
PDB-CPX-148643,1ooq a1 i1,8ccv a1 i1,34,42,0.6889,0.6889,0.0
PDB-CPX-148643,1ooq a1 i1,8cj0 a1 i1,34,43,0.6739,0.6739,0.0
PDB-CPX-148643,1ooq a1 i1,8og3 a1 i1,34,38,0.7561,0.7561,0.0
PDB-CPX-148643,1ooq a1 i1,8qes a1 i1,34,44,0.6596,0.6596,0.0
PDB-CPX-148643,1ooq a1 i1,8qes a2 i1,34,44,0.6596,0.6596,0.0
PDB-CPX-148643,1ooq a1 i1,8qpo a1 i1,34,40,0.6818,0.6818,0.0
PDB-CPX-148643,1ooq a1 i1,8qpo a2 i1,34,40,0.6818,0.6818,0.0
PDB-CPX-148643,1ooq a1 i1,8qpo a3 i1,34,41,0.7045,0.7045,0.0
PDB-CPX-148643,1ooq a1 i1,8qpo a4 i1,34,41,0.6667,0.6667,0.0
PDB-CPX-148643,1ooq a1 i1,8v5b a1 i1,34,42,0.6889,0.6889,0.0
PDB-CPX-148643,1ooq a1 i1,8v5b a2 i1,34,45,0.6458,0.6458,0.0
PDB-CPX-148643,1yki a1 i1,1yki a2 i1,38,39,0.9744,0.8333,-0.141
PDB-CPX-148643,1yki a1 i1,1ylr a1 i1,38,41,0.881,0.8372,-0.0437
PDB-CPX-148643,1yki a1 i1,1ylu a1 i1,38,42,0.9048,0.8182,-0.0866
PDB-CPX-148643,1yki a1 i1,3x21 a1 i1,38,44,0.7083,0.7447,0.0363
PDB-CPX-148643,1yki a1 i1,3x21 a2 i1,38,45,0.7292,0.7292,0.0
PDB-CPX-148643,1yki a1 i1,3x21 a3 i1,38,44,0.7447,0.7083,-0.0363
PDB-CPX-148643,1yki a1 i1,3x21 a4 i1,38,45,0.6275,0.66,0.0325
PDB-CPX-148643,1yki a1 i1,3x21 a5 i1,38,45,0.66,0.66,0.0
PDB-CPX-148643,1yki a1 i1,3x22 a1 i1,38,42,0.7778,0.7778,0.0
PDB-CPX-148643,1yki a1 i1,7x32 a1 i1,38,40,0.814,0.814,0.0
PDB-CPX-148643,1yki a1 i1,7x32 a2 i1,38,42,0.8605,0.8605,0.0
PDB-CPX-148643,1yki a1 i1,7x32 a3 i1,38,42,0.8605,0.8605,0.0
PDB-CPX-148643,1yki a1 i1,7x32 a4 i1,38,41,0.8372,0.8372,0.0
PDB-CPX-148643,1yki a1 i1,7xww a1 i1,38,36,0.5417,0.6087,0.067
PDB-CPX-148643,1yki a1 i1,7xww a2 i1,38,39,0.6042,0.6383,0.0341
PDB-CPX-148643,1yki a1 i1,8c5e a1 i1,38,42,0.8605,0.8605,0.0
PDB-CPX-148643,1yki a1 i1,8c5f a1 i1,38,42,0.8605,0.8605,0.0
PDB-CPX-148643,1yki a1 i1,8c5p a1 i1,38,42,0.8605,0.8605,0.0
PDB-CPX-148643,1yki a1 i1,8ccv a1 i1,38,42,0.8605,0.8605,0.0
PDB-CPX-148643,1yki a1 i1,8cj0 a1 i1,38,43,0.8409,0.8409,0.0
PDB-CPX-148643,1yki a1 i1,8og3 a1 i1,38,38,0.7674,0.7674,0.0
PDB-CPX-148643,1yki a1 i1,8qes a1 i1,38,44,0.7447,0.7826,0.0379
PDB-CPX-148643,1yki a1 i1,8qes a2 i1,38,44,0.7826,0.7826,0.0
PDB-CPX-148643,1yki a1 i1,8qpo a1 i1,38,40,0.814,0.814,0.0
PDB-CPX-148643,1yki a1 i1,8qpo a2 i1,38,40,0.814,0.814,0.0
PDB-CPX-148643,1yki a1 i1,8qpo a3 i1,38,41,0.8372,0.8372,0.0
PDB-CPX-148643,1yki a1 i1,8qpo a4 i1,38,41,0.8372,0.8372,0.0
PDB-CPX-148643,1yki a1 i1,8v5b a1 i1,38,42,0.8605,0.8605,0.0
PDB-CPX-148643,1yki a1 i1,8v5b a2 i1,38,45,0.8043,0.8043,0.0
PDB-CPX-148643,1yki a2 i1,1ylr a1 i1,39,41,0.9048,0.8605,-0.0443
PDB-CPX-148643,1yki a2 i1,1ylu a1 i1,39,42,0.9286,0.8409,-0.0877
PDB-CPX-148643,1yki a2 i1,3x21 a1 i1,39,44,0.7292,0.766,0.0368
PDB-CPX-148643,1yki a2 i1,3x21 a2 i1,39,45,0.75,0.75,0.0
PDB-CPX-148643,1yki a2 i1,3x21 a3 i1,39,44,0.766,0.7292,-0.0368
PDB-CPX-148643,1yki a2 i1,3x21 a4 i1,39,45,0.6471,0.68,0.0329
PDB-CPX-148643,1yki a2 i1,3x21 a5 i1,39,45,0.68,0.68,0.0
PDB-CPX-148643,1yki a2 i1,3x22 a1 i1,39,42,0.8,0.8,0.0
PDB-CPX-148643,1yki a2 i1,7x32 a1 i1,39,40,0.8372,0.8372,0.0
PDB-CPX-148643,1yki a2 i1,7x32 a2 i1,39,42,0.8837,0.8837,0.0
PDB-CPX-148643,1yki a2 i1,7x32 a3 i1,39,42,0.8837,0.8837,0.0
PDB-CPX-148643,1yki a2 i1,7x32 a4 i1,39,41,0.8605,0.8605,0.0
PDB-CPX-148643,1yki a2 i1,7xww a1 i1,39,36,0.5625,0.5957,0.0332
PDB-CPX-148643,1yki a2 i1,7xww a2 i1,39,39,0.625,0.6596,0.0346
PDB-CPX-148643,1yki a2 i1,8c5e a1 i1,39,42,0.8837,0.8837,0.0
PDB-CPX-148643,1yki a2 i1,8c5f a1 i1,39,42,0.8837,0.8837,0.0
PDB-CPX-148643,1yki a2 i1,8c5p a1 i1,39,42,0.8837,0.8837,0.0
PDB-CPX-148643,1yki a2 i1,8ccv a1 i1,39,42,0.8837,0.8837,0.0
PDB-CPX-148643,1yki a2 i1,8cj0 a1 i1,39,43,0.8636,0.8636,0.0
PDB-CPX-148643,1yki a2 i1,8og3 a1 i1,39,38,0.7907,0.7907,0.0
PDB-CPX-148643,1yki a2 i1,8qes a1 i1,39,44,0.766,0.8043,0.0384
PDB-CPX-148643,1yki a2 i1,8qes a2 i1,39,44,0.8043,0.8043,0.0
PDB-CPX-148643,1yki a2 i1,8qpo a1 i1,39,40,0.8372,0.8372,0.0
PDB-CPX-148643,1yki a2 i1,8qpo a2 i1,39,40,0.8372,0.8372,0.0
PDB-CPX-148643,1yki a2 i1,8qpo a3 i1,39,41,0.8605,0.8605,0.0
PDB-CPX-148643,1yki a2 i1,8qpo a4 i1,39,41,0.8605,0.8605,0.0
PDB-CPX-148643,1yki a2 i1,8v5b a1 i1,39,42,0.8837,0.8837,0.0
PDB-CPX-148643,1yki a2 i1,8v5b a2 i1,39,45,0.8261,0.8261,0.0
PDB-CPX-148643,1ylr a1 i1,1ylu a1 i1,41,42,0.9302,0.8864,-0.0439
PDB-CPX-148643,1ylr a1 i1,3x21 a1 i1,41,44,0.8085,0.8085,0.0
PDB-CPX-148643,1ylr a1 i1,3x21 a2 i1,41,45,0.8298,0.8298,0.0
PDB-CPX-148643,1ylr a1 i1,3x21 a3 i1,41,44,0.8085,0.8085,0.0
PDB-CPX-148643,1ylr a1 i1,3x21 a4 i1,41,45,0.72,0.72,0.0
PDB-CPX-148643,1ylr a1 i1,3x21 a5 i1,41,45,0.7551,0.7551,0.0
PDB-CPX-148643,1ylr a1 i1,3x22 a1 i1,41,42,0.8864,0.8864,0.0
PDB-CPX-148643,1ylr a1 i1,7x32 a1 i1,41,40,0.9286,0.9286,0.0
PDB-CPX-148643,1ylr a1 i1,7x32 a2 i1,41,42,0.9762,0.9762,0.0
PDB-CPX-148643,1ylr a1 i1,7x32 a3 i1,41,42,0.9762,0.9762,0.0
PDB-CPX-148643,1ylr a1 i1,7x32 a4 i1,41,41,0.9524,0.9524,0.0
PDB-CPX-148643,1ylr a1 i1,7xww a1 i1,41,36,0.6042,0.5714,-0.0327
PDB-CPX-148643,1ylr a1 i1,7xww a2 i1,41,39,0.6327,0.6667,0.034
PDB-CPX-148643,1ylr a1 i1,8c5e a1 i1,41,42,0.9762,0.9762,0.0
PDB-CPX-148643,1ylr a1 i1,8c5f a1 i1,41,42,0.9762,0.9762,0.0
PDB-CPX-148643,1ylr a1 i1,8c5p a1 i1,41,42,0.9762,0.9762,0.0
PDB-CPX-148643,1ylr a1 i1,8ccv a1 i1,41,42,0.9762,0.9762,0.0
PDB-CPX-148643,1ylr a1 i1,8cj0 a1 i1,41,43,0.9535,0.9535,0.0
PDB-CPX-148643,1ylr a1 i1,8og3 a1 i1,41,38,0.881,0.881,0.0
PDB-CPX-148643,1ylr a1 i1,8qes a1 i1,41,44,0.8478,0.8478,0.0
PDB-CPX-148643,1ylr a1 i1,8qes a2 i1,41,44,0.8889,0.8889,0.0
PDB-CPX-148643,1ylr a1 i1,8qpo a1 i1,41,40,0.9286,0.9286,0.0
PDB-CPX-148643,1ylr a1 i1,8qpo a2 i1,41,40,0.9286,0.9286,0.0
PDB-CPX-148643,1ylr a1 i1,8qpo a3 i1,41,41,0.9524,0.9524,0.0
PDB-CPX-148643,1ylr a1 i1,8qpo a4 i1,41,41,0.9524,0.9524,0.0
PDB-CPX-148643,1ylr a1 i1,8v5b a1 i1,41,42,0.9762,0.9762,0.0
PDB-CPX-148643,1ylr a1 i1,8v5b a2 i1,41,45,0.8696,0.8696,0.0
PDB-CPX-148643,1ylu a1 i1,3x21 a1 i1,42,44,0.7917,0.7917,0.0
PDB-CPX-148643,1ylu a1 i1,3x21 a2 i1,42,45,0.7755,0.7755,0.0
PDB-CPX-148643,1ylu a1 i1,3x21 a3 i1,42,44,0.7917,0.7917,0.0
PDB-CPX-148643,1ylu a1 i1,3x21 a4 i1,42,45,0.7059,0.7059,0.0
PDB-CPX-148643,1ylu a1 i1,3x21 a5 i1,42,45,0.7059,0.7059,0.0
PDB-CPX-148643,1ylu a1 i1,3x22 a1 i1,42,42,0.8261,0.8261,0.0
PDB-CPX-148643,1ylu a1 i1,7x32 a1 i1,42,40,0.8636,0.8636,0.0
PDB-CPX-148643,1ylu a1 i1,7x32 a2 i1,42,42,0.9091,0.9091,0.0
PDB-CPX-148643,1ylu a1 i1,7x32 a3 i1,42,42,0.9091,0.9091,0.0
PDB-CPX-148643,1ylu a1 i1,7x32 a4 i1,42,41,0.8864,0.8864,0.0
PDB-CPX-148643,1ylu a1 i1,7xww a1 i1,42,36,0.5918,0.5918,0.0
PDB-CPX-148643,1ylu a1 i1,7xww a2 i1,42,39,0.6531,0.6875,0.0344
PDB-CPX-148643,1ylu a1 i1,8c5e a1 i1,42,42,0.9091,0.9091,0.0
PDB-CPX-148643,1ylu a1 i1,8c5f a1 i1,42,42,0.9091,0.9091,0.0
PDB-CPX-148643,1ylu a1 i1,8c5p a1 i1,42,42,0.9091,0.9091,0.0
PDB-CPX-148643,1ylu a1 i1,8ccv a1 i1,42,42,0.9091,0.9091,0.0
PDB-CPX-148643,1ylu a1 i1,8cj0 a1 i1,42,43,0.8889,0.8889,0.0
PDB-CPX-148643,1ylu a1 i1,8og3 a1 i1,42,38,0.8182,0.8182,0.0
PDB-CPX-148643,1ylu a1 i1,8qes a1 i1,42,44,0.7917,0.8298,0.0381
PDB-CPX-148643,1ylu a1 i1,8qes a2 i1,42,44,0.8298,0.8298,0.0
PDB-CPX-148643,1ylu a1 i1,8qpo a1 i1,42,40,0.8636,0.8636,0.0
PDB-CPX-148643,1ylu a1 i1,8qpo a2 i1,42,40,0.8636,0.8636,0.0
PDB-CPX-148643,1ylu a1 i1,8qpo a3 i1,42,41,0.8864,0.8864,0.0
PDB-CPX-148643,1ylu a1 i1,8qpo a4 i1,42,41,0.8864,0.8864,0.0
PDB-CPX-148643,1ylu a1 i1,8v5b a1 i1,42,42,0.9091,0.9091,0.0
PDB-CPX-148643,1ylu a1 i1,8v5b a2 i1,42,45,0.8913,0.8913,0.0
PDB-CPX-148643,3x21 a1 i1,3x21 a2 i1,44,45,0.7451,0.78,0.0349
PDB-CPX-148643,3x21 a1 i1,3x21 a3 i1,44,44,0.8723,0.8723,0.0
PDB-CPX-148643,3x21 a1 i1,3x21 a4 i1,44,45,0.8542,0.8163,-0.0378
PDB-CPX-148643,3x21 a1 i1,3x21 a5 i1,44,45,0.8542,0.7451,-0.1091
PDB-CPX-148643,3x21 a1 i1,3x22 a1 i1,44,42,0.8298,0.7917,-0.0381
PDB-CPX-148643,3x21 a1 i1,7x32 a1 i1,44,40,0.8261,0.8261,0.0
PDB-CPX-148643,3x21 a1 i1,7x32 a2 i1,44,42,0.8298,0.8298,0.0
PDB-CPX-148643,3x21 a1 i1,7x32 a3 i1,44,42,0.8298,0.8298,0.0
PDB-CPX-148643,3x21 a1 i1,7x32 a4 i1,44,41,0.8478,0.8478,0.0
PDB-CPX-148643,3x21 a1 i1,7xww a1 i1,44,36,0.5686,0.5385,-0.0302
PDB-CPX-148643,3x21 a1 i1,7xww a2 i1,44,39,0.6275,0.6275,0.0
PDB-CPX-148643,3x21 a1 i1,8c5e a1 i1,44,42,0.8298,0.8298,0.0
PDB-CPX-148643,3x21 a1 i1,8c5f a1 i1,44,42,0.8298,0.8298,0.0
PDB-CPX-148643,3x21 a1 i1,8c5p a1 i1,44,42,0.8298,0.8298,0.0
PDB-CPX-148643,3x21 a1 i1,8ccv a1 i1,44,42,0.8298,0.8298,0.0
PDB-CPX-148643,3x21 a1 i1,8cj0 a1 i1,44,43,0.8125,0.8511,0.0386
PDB-CPX-148643,3x21 a1 i1,8og3 a1 i1,44,38,0.8222,0.8222,0.0
PDB-CPX-148643,3x21 a1 i1,8qes a1 i1,44,44,0.7255,0.76,0.0345
PDB-CPX-148643,3x21 a1 i1,8qes a2 i1,44,44,0.76,0.76,0.0
PDB-CPX-148643,3x21 a1 i1,8qpo a1 i1,44,40,0.7872,0.7872,0.0
PDB-CPX-148643,3x21 a1 i1,8qpo a2 i1,44,40,0.7872,0.7872,0.0
PDB-CPX-148643,3x21 a1 i1,8qpo a3 i1,44,41,0.8085,0.8085,0.0
PDB-CPX-148643,3x21 a1 i1,8qpo a4 i1,44,41,0.8085,0.8085,0.0
PDB-CPX-148643,3x21 a1 i1,8v5b a1 i1,44,42,0.8298,0.8298,0.0
PDB-CPX-148643,3x21 a1 i1,8v5b a2 i1,44,45,0.8163,0.8163,0.0
PDB-CPX-148643,3x21 a2 i1,3x21 a3 i1,45,44,0.78,0.78,0.0
PDB-CPX-148643,3x21 a2 i1,3x21 a4 i1,45,45,0.7647,0.6981,-0.0666
PDB-CPX-148643,3x21 a2 i1,3x21 a5 i1,45,45,0.7647,0.8,0.0353
PDB-CPX-148643,3x21 a2 i1,3x22 a1 i1,45,42,0.8511,0.8125,-0.0386
PDB-CPX-148643,3x21 a2 i1,7x32 a1 i1,45,40,0.8478,0.8478,0.0
PDB-CPX-148643,3x21 a2 i1,7x32 a2 i1,45,42,0.8511,0.8511,0.0
PDB-CPX-148643,3x21 a2 i1,7x32 a3 i1,45,42,0.8511,0.8511,0.0
PDB-CPX-148643,3x21 a2 i1,7x32 a4 i1,45,41,0.8298,0.8696,0.0398
PDB-CPX-148643,3x21 a2 i1,7xww a1 i1,45,36,0.5882,0.6531,0.0648
PDB-CPX-148643,3x21 a2 i1,7xww a2 i1,45,39,0.68,0.68,0.0
PDB-CPX-148643,3x21 a2 i1,8c5e a1 i1,45,42,0.8511,0.8511,0.0
PDB-CPX-148643,3x21 a2 i1,8c5f a1 i1,45,42,0.8511,0.8511,0.0
PDB-CPX-148643,3x21 a2 i1,8c5p a1 i1,45,42,0.8511,0.8511,0.0
PDB-CPX-148643,3x21 a2 i1,8ccv a1 i1,45,42,0.8511,0.8511,0.0
PDB-CPX-148643,3x21 a2 i1,8cj0 a1 i1,45,43,0.8333,0.8333,0.0
PDB-CPX-148643,3x21 a2 i1,8og3 a1 i1,45,38,0.8444,0.8444,0.0
PDB-CPX-148643,3x21 a2 i1,8qes a1 i1,45,44,0.7451,0.7451,0.0
PDB-CPX-148643,3x21 a2 i1,8qes a2 i1,45,44,0.78,0.78,0.0
PDB-CPX-148643,3x21 a2 i1,8qpo a1 i1,45,40,0.8478,0.8085,-0.0393
PDB-CPX-148643,3x21 a2 i1,8qpo a2 i1,45,40,0.8085,0.8478,0.0393
PDB-CPX-148643,3x21 a2 i1,8qpo a3 i1,45,41,0.8298,0.8696,0.0398
PDB-CPX-148643,3x21 a2 i1,8qpo a4 i1,45,41,0.8298,0.8298,0.0
PDB-CPX-148643,3x21 a2 i1,8v5b a1 i1,45,42,0.8511,0.8511,0.0
PDB-CPX-148643,3x21 a2 i1,8v5b a2 i1,45,45,0.7647,0.7647,0.0
PDB-CPX-148643,3x21 a3 i1,3x21 a4 i1,44,45,0.8542,0.8542,0.0
PDB-CPX-148643,3x21 a3 i1,3x21 a5 i1,44,45,0.8542,0.7451,-0.1091
PDB-CPX-148643,3x21 a3 i1,3x22 a1 i1,44,42,0.8298,0.8298,0.0
PDB-CPX-148643,3x21 a3 i1,7x32 a1 i1,44,40,0.8261,0.8667,0.0406
PDB-CPX-148643,3x21 a3 i1,7x32 a2 i1,44,42,0.8298,0.8298,0.0
PDB-CPX-148643,3x21 a3 i1,7x32 a3 i1,44,42,0.8298,0.8298,0.0
PDB-CPX-148643,3x21 a3 i1,7x32 a4 i1,44,41,0.8478,0.8478,0.0
PDB-CPX-148643,3x21 a3 i1,7xww a1 i1,44,36,0.5686,0.6,0.0314
PDB-CPX-148643,3x21 a3 i1,7xww a2 i1,44,39,0.66,0.66,0.0
PDB-CPX-148643,3x21 a3 i1,8c5e a1 i1,44,42,0.8298,0.8298,0.0
PDB-CPX-148643,3x21 a3 i1,8c5f a1 i1,44,42,0.8298,0.8298,0.0
PDB-CPX-148643,3x21 a3 i1,8c5p a1 i1,44,42,0.8298,0.8298,0.0
PDB-CPX-148643,3x21 a3 i1,8ccv a1 i1,44,42,0.8298,0.8298,0.0
PDB-CPX-148643,3x21 a3 i1,8cj0 a1 i1,44,43,0.8125,0.8511,0.0386
PDB-CPX-148643,3x21 a3 i1,8og3 a1 i1,44,38,0.8636,0.8636,0.0
PDB-CPX-148643,3x21 a3 i1,8qes a1 i1,44,44,0.7255,0.76,0.0345
PDB-CPX-148643,3x21 a3 i1,8qes a2 i1,44,44,0.76,0.76,0.0
PDB-CPX-148643,3x21 a3 i1,8qpo a1 i1,44,40,0.7872,0.8261,0.0389
PDB-CPX-148643,3x21 a3 i1,8qpo a2 i1,44,40,0.8261,0.7872,-0.0389
PDB-CPX-148643,3x21 a3 i1,8qpo a3 i1,44,41,0.8478,0.8085,-0.0393
PDB-CPX-148643,3x21 a3 i1,8qpo a4 i1,44,41,0.8085,0.8085,0.0
PDB-CPX-148643,3x21 a3 i1,8v5b a1 i1,44,42,0.8298,0.8298,0.0
PDB-CPX-148643,3x21 a3 i1,8v5b a2 i1,44,45,0.8163,0.78,-0.0363
PDB-CPX-148643,3x21 a4 i1,3x21 a5 i1,45,45,0.8,0.7647,-0.0353
PDB-CPX-148643,3x21 a4 i1,3x22 a1 i1,45,42,0.7755,0.74,-0.0355
PDB-CPX-148643,3x21 a4 i1,7x32 a1 i1,45,40,0.7708,0.7708,0.0
PDB-CPX-148643,3x21 a4 i1,7x32 a2 i1,45,42,0.74,0.74,0.0
PDB-CPX-148643,3x21 a4 i1,7x32 a3 i1,45,42,0.74,0.74,0.0
PDB-CPX-148643,3x21 a4 i1,7x32 a4 i1,45,41,0.7551,0.7551,0.0
PDB-CPX-148643,3x21 a4 i1,7xww a1 i1,45,36,0.5283,0.5577,0.0294
PDB-CPX-148643,3x21 a4 i1,7xww a2 i1,45,39,0.6154,0.6154,0.0
PDB-CPX-148643,3x21 a4 i1,8c5e a1 i1,45,42,0.74,0.74,0.0
PDB-CPX-148643,3x21 a4 i1,8c5f a1 i1,45,42,0.74,0.74,0.0
PDB-CPX-148643,3x21 a4 i1,8c5p a1 i1,45,42,0.74,0.74,0.0
PDB-CPX-148643,3x21 a4 i1,8ccv a1 i1,45,42,0.74,0.74,0.0
PDB-CPX-148643,3x21 a4 i1,8cj0 a1 i1,45,43,0.76,0.76,0.0
PDB-CPX-148643,3x21 a4 i1,8og3 a1 i1,45,38,0.8043,0.8043,0.0
PDB-CPX-148643,3x21 a4 i1,8qes a1 i1,45,44,0.6792,0.6792,0.0
PDB-CPX-148643,3x21 a4 i1,8qes a2 i1,45,44,0.6792,0.6792,0.0
PDB-CPX-148643,3x21 a4 i1,8qpo a1 i1,45,40,0.7347,0.7347,0.0
PDB-CPX-148643,3x21 a4 i1,8qpo a2 i1,45,40,0.7347,0.7347,0.0
PDB-CPX-148643,3x21 a4 i1,8qpo a3 i1,45,41,0.7551,0.7551,0.0
PDB-CPX-148643,3x21 a4 i1,8qpo a4 i1,45,41,0.72,0.72,0.0
PDB-CPX-148643,3x21 a4 i1,8v5b a1 i1,45,42,0.74,0.74,0.0
PDB-CPX-148643,3x21 a4 i1,8v5b a2 i1,45,45,0.7308,0.7647,0.0339
PDB-CPX-148643,3x21 a5 i1,3x22 a1 i1,45,42,0.7755,0.7755,0.0
PDB-CPX-148643,3x21 a5 i1,7x32 a1 i1,45,40,0.7708,0.7708,0.0
PDB-CPX-148643,3x21 a5 i1,7x32 a2 i1,45,42,0.7755,0.7755,0.0
PDB-CPX-148643,3x21 a5 i1,7x32 a3 i1,45,42,0.7755,0.7755,0.0
PDB-CPX-148643,3x21 a5 i1,7x32 a4 i1,45,41,0.7917,0.7551,-0.0366
PDB-CPX-148643,3x21 a5 i1,7xww a1 i1,45,36,0.5283,0.5283,0.0
PDB-CPX-148643,3x21 a5 i1,7xww a2 i1,45,39,0.5849,0.5849,0.0
PDB-CPX-148643,3x21 a5 i1,8c5e a1 i1,45,42,0.7755,0.7755,0.0
PDB-CPX-148643,3x21 a5 i1,8c5f a1 i1,45,42,0.7755,0.7755,0.0
PDB-CPX-148643,3x21 a5 i1,8c5p a1 i1,45,42,0.7755,0.7755,0.0
PDB-CPX-148643,3x21 a5 i1,8ccv a1 i1,45,42,0.7755,0.7755,0.0
PDB-CPX-148643,3x21 a5 i1,8cj0 a1 i1,45,43,0.76,0.7959,0.0359
PDB-CPX-148643,3x21 a5 i1,8og3 a1 i1,45,38,0.766,0.766,0.0
PDB-CPX-148643,3x21 a5 i1,8qes a1 i1,45,44,0.7115,0.7115,0.0
PDB-CPX-148643,3x21 a5 i1,8qes a2 i1,45,44,0.7451,0.7115,-0.0336
PDB-CPX-148643,3x21 a5 i1,8qpo a1 i1,45,40,0.7708,0.7708,0.0
PDB-CPX-148643,3x21 a5 i1,8qpo a2 i1,45,40,0.7708,0.7708,0.0
PDB-CPX-148643,3x21 a5 i1,8qpo a3 i1,45,41,0.7917,0.7551,-0.0366
PDB-CPX-148643,3x21 a5 i1,8qpo a4 i1,45,41,0.7551,0.7917,0.0366
PDB-CPX-148643,3x21 a5 i1,8v5b a1 i1,45,42,0.7755,0.7755,0.0
PDB-CPX-148643,3x21 a5 i1,8v5b a2 i1,45,45,0.7308,0.7308,0.0
PDB-CPX-148643,3x22 a1 i1,7x32 a1 i1,42,40,0.8636,0.907,0.0433
PDB-CPX-148643,3x22 a1 i1,7x32 a2 i1,42,42,0.9091,0.9091,0.0
PDB-CPX-148643,3x22 a1 i1,7x32 a3 i1,42,42,0.9091,0.9091,0.0
PDB-CPX-148643,3x22 a1 i1,7x32 a4 i1,42,41,0.8864,0.9302,0.0439
PDB-CPX-148643,3x22 a1 i1,7xww a1 i1,42,36,0.5918,0.5918,0.0
PDB-CPX-148643,3x22 a1 i1,7xww a2 i1,42,39,0.62,0.62,0.0
PDB-CPX-148643,3x22 a1 i1,8c5e a1 i1,42,42,0.9091,0.9091,0.0
PDB-CPX-148643,3x22 a1 i1,8c5f a1 i1,42,42,0.9091,0.9091,0.0
PDB-CPX-148643,3x22 a1 i1,8c5p a1 i1,42,42,0.9091,0.9091,0.0
PDB-CPX-148643,3x22 a1 i1,8ccv a1 i1,42,42,0.9091,0.9091,0.0
PDB-CPX-148643,3x22 a1 i1,8cj0 a1 i1,42,43,0.8889,0.8889,0.0
PDB-CPX-148643,3x22 a1 i1,8og3 a1 i1,42,38,0.8605,0.8605,0.0
PDB-CPX-148643,3x22 a1 i1,8qes a1 i1,42,44,0.7917,0.7917,0.0
PDB-CPX-148643,3x22 a1 i1,8qes a2 i1,42,44,0.8298,0.8298,0.0
PDB-CPX-148643,3x22 a1 i1,8qpo a1 i1,42,40,0.8636,0.8636,0.0
PDB-CPX-148643,3x22 a1 i1,8qpo a2 i1,42,40,0.8636,0.8636,0.0
PDB-CPX-148643,3x22 a1 i1,8qpo a3 i1,42,41,0.8864,0.8864,0.0
PDB-CPX-148643,3x22 a1 i1,8qpo a4 i1,42,41,0.8864,0.8864,0.0
PDB-CPX-148643,3x22 a1 i1,8v5b a1 i1,42,42,0.9091,0.9091,0.0
PDB-CPX-148643,3x22 a1 i1,8v5b a2 i1,42,45,0.8125,0.8511,0.0386
PDB-CPX-148643,7x32 a1 i1,7x32 a2 i1,40,42,0.9524,0.9524,0.0
PDB-CPX-148643,7x32 a1 i1,7x32 a3 i1,40,42,0.9524,0.9524,0.0
PDB-CPX-148643,7x32 a1 i1,7x32 a4 i1,40,41,0.9756,0.9286,-0.047
PDB-CPX-148643,7x32 a1 i1,7xww a1 i1,40,36,0.5833,0.617,0.0337
PDB-CPX-148643,7x32 a1 i1,7xww a2 i1,40,39,0.6809,0.6809,0.0
PDB-CPX-148643,7x32 a1 i1,8c5e a1 i1,40,42,0.9524,0.9524,0.0
PDB-CPX-148643,7x32 a1 i1,8c5f a1 i1,40,42,0.9524,0.9524,0.0
PDB-CPX-148643,7x32 a1 i1,8c5p a1 i1,40,42,0.9524,0.9524,0.0
PDB-CPX-148643,7x32 a1 i1,8ccv a1 i1,40,42,0.9524,0.9524,0.0
PDB-CPX-148643,7x32 a1 i1,8cj0 a1 i1,40,43,0.9302,0.9302,0.0
PDB-CPX-148643,7x32 a1 i1,8og3 a1 i1,40,38,0.95,0.95,0.0
PDB-CPX-148643,7x32 a1 i1,8qes a1 i1,40,44,0.8261,0.8261,0.0
PDB-CPX-148643,7x32 a1 i1,8qes a2 i1,40,44,0.8667,0.8667,0.0
PDB-CPX-148643,7x32 a1 i1,8qpo a1 i1,40,40,0.9512,0.9048,-0.0465
PDB-CPX-148643,7x32 a1 i1,8qpo a2 i1,40,40,0.9048,0.9512,0.0465
PDB-CPX-148643,7x32 a1 i1,8qpo a3 i1,40,41,0.9286,0.9756,0.047
PDB-CPX-148643,7x32 a1 i1,8qpo a4 i1,40,41,0.9286,0.9286,0.0
PDB-CPX-148643,7x32 a1 i1,8v5b a1 i1,40,42,0.9524,0.9524,0.0
PDB-CPX-148643,7x32 a1 i1,8v5b a2 i1,40,45,0.8478,0.8478,0.0
PDB-CPX-148643,7x32 a2 i1,7x32 a3 i1,42,42,1.0,1.0,0.0
PDB-CPX-148643,7x32 a2 i1,7x32 a4 i1,42,41,0.9762,0.9762,0.0
PDB-CPX-148643,7x32 a2 i1,7xww a1 i1,42,36,0.5918,0.5918,0.0
PDB-CPX-148643,7x32 a2 i1,7xww a2 i1,42,39,0.6531,0.6531,0.0
PDB-CPX-148643,7x32 a2 i1,8c5e a1 i1,42,42,1.0,1.0,0.0
PDB-CPX-148643,7x32 a2 i1,8c5f a1 i1,42,42,1.0,1.0,0.0
PDB-CPX-148643,7x32 a2 i1,8c5p a1 i1,42,42,1.0,1.0,0.0
PDB-CPX-148643,7x32 a2 i1,8ccv a1 i1,42,42,1.0,1.0,0.0
PDB-CPX-148643,7x32 a2 i1,8cj0 a1 i1,42,43,0.9767,0.9767,0.0
PDB-CPX-148643,7x32 a2 i1,8og3 a1 i1,42,38,0.9048,0.9048,0.0
PDB-CPX-148643,7x32 a2 i1,8qes a1 i1,42,44,0.8696,0.8696,0.0
PDB-CPX-148643,7x32 a2 i1,8qes a2 i1,42,44,0.9111,0.9111,0.0
PDB-CPX-148643,7x32 a2 i1,8qpo a1 i1,42,40,0.9524,0.9524,0.0
PDB-CPX-148643,7x32 a2 i1,8qpo a2 i1,42,40,0.9524,0.9524,0.0
PDB-CPX-148643,7x32 a2 i1,8qpo a3 i1,42,41,0.9762,0.9762,0.0
PDB-CPX-148643,7x32 a2 i1,8qpo a4 i1,42,41,0.9762,0.9762,0.0
PDB-CPX-148643,7x32 a2 i1,8v5b a1 i1,42,42,1.0,1.0,0.0
PDB-CPX-148643,7x32 a2 i1,8v5b a2 i1,42,45,0.8913,0.8913,0.0
PDB-CPX-148643,7x32 a3 i1,7x32 a4 i1,42,41,0.9762,0.9762,0.0
PDB-CPX-148643,7x32 a3 i1,7xww a1 i1,42,36,0.5918,0.5918,0.0
PDB-CPX-148643,7x32 a3 i1,7xww a2 i1,42,39,0.6531,0.6531,0.0
PDB-CPX-148643,7x32 a3 i1,8c5e a1 i1,42,42,1.0,1.0,0.0
PDB-CPX-148643,7x32 a3 i1,8c5f a1 i1,42,42,1.0,1.0,0.0
PDB-CPX-148643,7x32 a3 i1,8c5p a1 i1,42,42,1.0,1.0,0.0
PDB-CPX-148643,7x32 a3 i1,8ccv a1 i1,42,42,1.0,1.0,0.0
PDB-CPX-148643,7x32 a3 i1,8cj0 a1 i1,42,43,0.9767,0.9767,0.0
PDB-CPX-148643,7x32 a3 i1,8og3 a1 i1,42,38,0.9048,0.9048,0.0
PDB-CPX-148643,7x32 a3 i1,8qes a1 i1,42,44,0.8696,0.8696,0.0
PDB-CPX-148643,7x32 a3 i1,8qes a2 i1,42,44,0.9111,0.9111,0.0
PDB-CPX-148643,7x32 a3 i1,8qpo a1 i1,42,40,0.9524,0.9524,0.0
PDB-CPX-148643,7x32 a3 i1,8qpo a2 i1,42,40,0.9524,0.9524,0.0
PDB-CPX-148643,7x32 a3 i1,8qpo a3 i1,42,41,0.9762,0.9762,0.0
PDB-CPX-148643,7x32 a3 i1,8qpo a4 i1,42,41,0.9762,0.9762,0.0
PDB-CPX-148643,7x32 a3 i1,8v5b a1 i1,42,42,1.0,1.0,0.0
PDB-CPX-148643,7x32 a3 i1,8v5b a2 i1,42,45,0.8913,0.8913,0.0
PDB-CPX-148643,7x32 a4 i1,7xww a1 i1,41,36,0.6042,0.6042,0.0
PDB-CPX-148643,7x32 a4 i1,7xww a2 i1,41,39,0.6667,0.6667,0.0
PDB-CPX-148643,7x32 a4 i1,8c5e a1 i1,41,42,0.9762,0.9762,0.0
PDB-CPX-148643,7x32 a4 i1,8c5f a1 i1,41,42,0.9762,0.9762,0.0
PDB-CPX-148643,7x32 a4 i1,8c5p a1 i1,41,42,0.9762,0.9762,0.0
PDB-CPX-148643,7x32 a4 i1,8ccv a1 i1,41,42,0.9762,0.9762,0.0
PDB-CPX-148643,7x32 a4 i1,8cj0 a1 i1,41,43,0.9535,0.9535,0.0
PDB-CPX-148643,7x32 a4 i1,8og3 a1 i1,41,38,0.9268,0.9268,0.0
PDB-CPX-148643,7x32 a4 i1,8qes a1 i1,41,44,0.8478,0.8478,0.0
PDB-CPX-148643,7x32 a4 i1,8qes a2 i1,41,44,0.8889,0.8889,0.0
PDB-CPX-148643,7x32 a4 i1,8qpo a1 i1,41,40,0.9286,0.9286,0.0
PDB-CPX-148643,7x32 a4 i1,8qpo a2 i1,41,40,0.9286,0.9286,0.0
PDB-CPX-148643,7x32 a4 i1,8qpo a3 i1,41,41,0.9524,0.9524,0.0
PDB-CPX-148643,7x32 a4 i1,8qpo a4 i1,41,41,0.9524,0.9524,0.0
PDB-CPX-148643,7x32 a4 i1,8v5b a1 i1,41,42,0.9762,0.9762,0.0
PDB-CPX-148643,7x32 a4 i1,8v5b a2 i1,41,45,0.8696,0.8696,0.0
PDB-CPX-148643,7xww a1 i1,7xww a2 i1,36,39,0.5957,0.7045,0.1088
PDB-CPX-148643,7xww a1 i1,8c5e a1 i1,36,42,0.5918,0.5918,0.0
PDB-CPX-148643,7xww a1 i1,8c5f a1 i1,36,42,0.5918,0.5918,0.0
PDB-CPX-148643,7xww a1 i1,8c5p a1 i1,36,42,0.5918,0.5918,0.0
PDB-CPX-148643,7xww a1 i1,8ccv a1 i1,36,42,0.5918,0.5918,0.0
PDB-CPX-148643,7xww a1 i1,8cj0 a1 i1,36,43,0.58,0.58,0.0
PDB-CPX-148643,7xww a1 i1,8og3 a1 i1,36,38,0.6087,0.6087,0.0
PDB-CPX-148643,7xww a1 i1,8qes a1 i1,36,44,0.5686,0.5094,-0.0592
PDB-CPX-148643,7xww a1 i1,8qes a2 i1,36,44,0.5385,0.5686,0.0302
PDB-CPX-148643,7xww a1 i1,8qpo a1 i1,36,40,0.551,0.5833,0.0323
PDB-CPX-148643,7xww a1 i1,8qpo a2 i1,36,40,0.5833,0.551,-0.0323
PDB-CPX-148643,7xww a1 i1,8qpo a3 i1,36,41,0.6042,0.5714,-0.0327
PDB-CPX-148643,7xww a1 i1,8qpo a4 i1,36,41,0.5714,0.5714,0.0
PDB-CPX-148643,7xww a1 i1,8v5b a1 i1,36,42,0.5918,0.5918,0.0
PDB-CPX-148643,7xww a1 i1,8v5b a2 i1,36,45,0.5882,0.5577,-0.0305
PDB-CPX-148643,7xww a2 i1,8c5e a1 i1,39,42,0.6531,0.6531,0.0
PDB-CPX-148643,7xww a2 i1,8c5f a1 i1,39,42,0.6531,0.6531,0.0
PDB-CPX-148643,7xww a2 i1,8c5p a1 i1,39,42,0.6531,0.6531,0.0
PDB-CPX-148643,7xww a2 i1,8ccv a1 i1,39,42,0.6531,0.6531,0.0
PDB-CPX-148643,7xww a2 i1,8cj0 a1 i1,39,43,0.64,0.64,0.0
PDB-CPX-148643,7xww a2 i1,8og3 a1 i1,39,38,0.7111,0.7111,0.0
PDB-CPX-148643,7xww a2 i1,8qes a1 i1,39,44,0.566,0.5962,0.0301
PDB-CPX-148643,7xww a2 i1,8qes a2 i1,39,44,0.6275,0.5962,-0.0313
PDB-CPX-148643,7xww a2 i1,8qpo a1 i1,39,40,0.6458,0.6458,0.0
PDB-CPX-148643,7xww a2 i1,8qpo a2 i1,39,40,0.6458,0.6458,0.0
PDB-CPX-148643,7xww a2 i1,8qpo a3 i1,39,41,0.6667,0.6667,0.0
PDB-CPX-148643,7xww a2 i1,8qpo a4 i1,39,41,0.6327,0.6327,0.0
PDB-CPX-148643,7xww a2 i1,8v5b a1 i1,39,42,0.6531,0.6531,0.0
PDB-CPX-148643,7xww a2 i1,8v5b a2 i1,39,45,0.6471,0.68,0.0329
PDB-CPX-148643,8c5e a1 i1,8c5f a1 i1,42,42,1.0,1.0,0.0
PDB-CPX-148643,8c5e a1 i1,8c5p a1 i1,42,42,1.0,1.0,0.0
PDB-CPX-148643,8c5e a1 i1,8ccv a1 i1,42,42,1.0,1.0,0.0
PDB-CPX-148643,8c5e a1 i1,8cj0 a1 i1,42,43,0.9767,0.9767,0.0
PDB-CPX-148643,8c5e a1 i1,8og3 a1 i1,42,38,0.9048,0.9048,0.0
PDB-CPX-148643,8c5e a1 i1,8qes a1 i1,42,44,0.8696,0.8696,0.0
PDB-CPX-148643,8c5e a1 i1,8qes a2 i1,42,44,0.9111,0.9111,0.0
PDB-CPX-148643,8c5e a1 i1,8qpo a1 i1,42,40,0.9524,0.9524,0.0
PDB-CPX-148643,8c5e a1 i1,8qpo a2 i1,42,40,0.9524,0.9524,0.0
PDB-CPX-148643,8c5e a1 i1,8qpo a3 i1,42,41,0.9762,0.9762,0.0
PDB-CPX-148643,8c5e a1 i1,8qpo a4 i1,42,41,0.9762,0.9762,0.0
PDB-CPX-148643,8c5e a1 i1,8v5b a1 i1,42,42,1.0,1.0,0.0
PDB-CPX-148643,8c5e a1 i1,8v5b a2 i1,42,45,0.8913,0.8913,0.0
PDB-CPX-148643,8c5f a1 i1,8c5p a1 i1,42,42,1.0,1.0,0.0
PDB-CPX-148643,8c5f a1 i1,8ccv a1 i1,42,42,1.0,1.0,0.0
PDB-CPX-148643,8c5f a1 i1,8cj0 a1 i1,42,43,0.9767,0.9767,0.0
PDB-CPX-148643,8c5f a1 i1,8og3 a1 i1,42,38,0.9048,0.9048,0.0
PDB-CPX-148643,8c5f a1 i1,8qes a1 i1,42,44,0.8696,0.8696,0.0
PDB-CPX-148643,8c5f a1 i1,8qes a2 i1,42,44,0.9111,0.9111,0.0
PDB-CPX-148643,8c5f a1 i1,8qpo a1 i1,42,40,0.9524,0.9524,0.0
PDB-CPX-148643,8c5f a1 i1,8qpo a2 i1,42,40,0.9524,0.9524,0.0
PDB-CPX-148643,8c5f a1 i1,8qpo a3 i1,42,41,0.9762,0.9762,0.0
PDB-CPX-148643,8c5f a1 i1,8qpo a4 i1,42,41,0.9762,0.9762,0.0
PDB-CPX-148643,8c5f a1 i1,8v5b a1 i1,42,42,1.0,1.0,0.0
PDB-CPX-148643,8c5f a1 i1,8v5b a2 i1,42,45,0.8913,0.8913,0.0
PDB-CPX-148643,8c5p a1 i1,8ccv a1 i1,42,42,1.0,1.0,0.0
PDB-CPX-148643,8c5p a1 i1,8cj0 a1 i1,42,43,0.9767,0.9767,0.0
PDB-CPX-148643,8c5p a1 i1,8og3 a1 i1,42,38,0.9048,0.9048,0.0
PDB-CPX-148643,8c5p a1 i1,8qes a1 i1,42,44,0.8696,0.8696,0.0
PDB-CPX-148643,8c5p a1 i1,8qes a2 i1,42,44,0.9111,0.9111,0.0
PDB-CPX-148643,8c5p a1 i1,8qpo a1 i1,42,40,0.9524,0.9524,0.0
PDB-CPX-148643,8c5p a1 i1,8qpo a2 i1,42,40,0.9524,0.9524,0.0
PDB-CPX-148643,8c5p a1 i1,8qpo a3 i1,42,41,0.9762,0.9762,0.0
PDB-CPX-148643,8c5p a1 i1,8qpo a4 i1,42,41,0.9762,0.9762,0.0
PDB-CPX-148643,8c5p a1 i1,8v5b a1 i1,42,42,1.0,1.0,0.0
PDB-CPX-148643,8c5p a1 i1,8v5b a2 i1,42,45,0.8913,0.8913,0.0
PDB-CPX-148643,8ccv a1 i1,8cj0 a1 i1,42,43,0.9767,0.9767,0.0
PDB-CPX-148643,8ccv a1 i1,8og3 a1 i1,42,38,0.9048,0.9048,0.0
PDB-CPX-148643,8ccv a1 i1,8qes a1 i1,42,44,0.8696,0.8696,0.0
PDB-CPX-148643,8ccv a1 i1,8qes a2 i1,42,44,0.9111,0.9111,0.0
PDB-CPX-148643,8ccv a1 i1,8qpo a1 i1,42,40,0.9524,0.9524,0.0
PDB-CPX-148643,8ccv a1 i1,8qpo a2 i1,42,40,0.9524,0.9524,0.0
PDB-CPX-148643,8ccv a1 i1,8qpo a3 i1,42,41,0.9762,0.9762,0.0
PDB-CPX-148643,8ccv a1 i1,8qpo a4 i1,42,41,0.9762,0.9762,0.0
PDB-CPX-148643,8ccv a1 i1,8v5b a1 i1,42,42,1.0,1.0,0.0
PDB-CPX-148643,8ccv a1 i1,8v5b a2 i1,42,45,0.8913,0.8913,0.0
PDB-CPX-148643,8cj0 a1 i1,8og3 a1 i1,43,38,0.8837,0.8837,0.0
PDB-CPX-148643,8cj0 a1 i1,8qes a1 i1,43,44,0.8913,0.8511,-0.0402
PDB-CPX-148643,8cj0 a1 i1,8qes a2 i1,43,44,0.8913,0.8913,0.0
PDB-CPX-148643,8cj0 a1 i1,8qpo a1 i1,43,40,0.9302,0.9302,0.0
PDB-CPX-148643,8cj0 a1 i1,8qpo a2 i1,43,40,0.9302,0.9302,0.0
PDB-CPX-148643,8cj0 a1 i1,8qpo a3 i1,43,41,0.9535,0.9535,0.0
PDB-CPX-148643,8cj0 a1 i1,8qpo a4 i1,43,41,0.9535,0.9535,0.0
PDB-CPX-148643,8cj0 a1 i1,8v5b a1 i1,43,42,0.9767,0.9767,0.0
PDB-CPX-148643,8cj0 a1 i1,8v5b a2 i1,43,45,0.8723,0.913,0.0407
PDB-CPX-148643,8og3 a1 i1,8qes a1 i1,38,44,0.7826,0.7826,0.0
PDB-CPX-148643,8og3 a1 i1,8qes a2 i1,38,44,0.8222,0.8222,0.0
PDB-CPX-148643,8og3 a1 i1,8qpo a1 i1,38,40,0.9024,0.9024,0.0
PDB-CPX-148643,8og3 a1 i1,8qpo a2 i1,38,40,0.9024,0.9024,0.0
PDB-CPX-148643,8og3 a1 i1,8qpo a3 i1,38,41,0.9268,0.9268,0.0
PDB-CPX-148643,8og3 a1 i1,8qpo a4 i1,38,41,0.881,0.881,0.0
PDB-CPX-148643,8og3 a1 i1,8v5b a1 i1,38,42,0.9048,0.9048,0.0
PDB-CPX-148643,8og3 a1 i1,8v5b a2 i1,38,45,0.8043,0.8043,0.0
PDB-CPX-148643,8qes a1 i1,8qes a2 i1,44,44,0.913,0.913,0.0
PDB-CPX-148643,8qes a1 i1,8qpo a1 i1,44,40,0.8667,0.8261,-0.0406
PDB-CPX-148643,8qes a1 i1,8qpo a2 i1,44,40,0.8261,0.8667,0.0406
PDB-CPX-148643,8qes a1 i1,8qpo a3 i1,44,41,0.8478,0.8478,0.0
PDB-CPX-148643,8qes a1 i1,8qpo a4 i1,44,41,0.8478,0.8889,0.0411
PDB-CPX-148643,8qes a1 i1,8v5b a1 i1,44,42,0.8696,0.8696,0.0
PDB-CPX-148643,8qes a1 i1,8v5b a2 i1,44,45,0.8163,0.8163,0.0
PDB-CPX-148643,8qes a2 i1,8qpo a1 i1,44,40,0.9091,0.8667,-0.0424
PDB-CPX-148643,8qes a2 i1,8qpo a2 i1,44,40,0.8667,0.9091,0.0424
PDB-CPX-148643,8qes a2 i1,8qpo a3 i1,44,41,0.8889,0.8889,0.0
PDB-CPX-148643,8qes a2 i1,8qpo a4 i1,44,41,0.8889,0.9318,0.0429
PDB-CPX-148643,8qes a2 i1,8v5b a1 i1,44,42,0.9111,0.9111,0.0
PDB-CPX-148643,8qes a2 i1,8v5b a2 i1,44,45,0.8163,0.8542,0.0378
PDB-CPX-148643,8qpo a1 i1,8qpo a2 i1,40,40,0.9048,1.0,0.0952
PDB-CPX-148643,8qpo a1 i1,8qpo a3 i1,40,41,0.9286,0.9756,0.047
PDB-CPX-148643,8qpo a1 i1,8qpo a4 i1,40,41,0.9286,0.9756,0.047
PDB-CPX-148643,8qpo a1 i1,8v5b a1 i1,40,42,0.9524,0.9524,0.0
PDB-CPX-148643,8qpo a1 i1,8v5b a2 i1,40,45,0.8478,0.8478,0.0
PDB-CPX-148643,8qpo a2 i1,8qpo a3 i1,40,41,0.9756,0.9286,-0.047
PDB-CPX-148643,8qpo a2 i1,8qpo a4 i1,40,41,0.9756,0.9286,-0.047
PDB-CPX-148643,8qpo a2 i1,8v5b a1 i1,40,42,0.9524,0.9524,0.0
PDB-CPX-148643,8qpo a2 i1,8v5b a2 i1,40,45,0.8478,0.8478,0.0
PDB-CPX-148643,8qpo a3 i1,8qpo a4 i1,41,41,0.9524,0.9524,0.0
PDB-CPX-148643,8qpo a3 i1,8v5b a1 i1,41,42,0.9762,0.9762,0.0
PDB-CPX-148643,8qpo a3 i1,8v5b a2 i1,41,45,0.8696,0.8696,0.0
PDB-CPX-148643,8qpo a4 i1,8v5b a1 i1,41,42,0.9762,0.9762,0.0
PDB-CPX-148643,8qpo a4 i1,8v5b a2 i1,41,45,0.8696,0.8696,0.0
PDB-CPX-148643,8v5b a1 i1,8v5b a2 i1,42,45,0.8913,0.8913,0.0
PDB-CPX-156367,1ay4 a1 i1,1ay5 a1 i1,34,34,0.7,0.7436,0.0436
PDB-CPX-156367,1ay4 a1 i1,1ay8 a1 i1,34,35,0.8158,0.7692,-0.0466
PDB-CPX-156367,1ay4 a1 i1,2ay1 a1 i1,34,35,0.6829,0.6047,-0.0783
PDB-CPX-156367,1ay4 a1 i1,2ay2 a1 i1,34,35,0.8649,0.725,-0.1399
PDB-CPX-156367,1ay4 a1 i1,2ay3 a1 i1,34,34,0.7895,0.8378,0.0484
PDB-CPX-156367,1ay4 a1 i1,2ay4 a1 i1,34,35,0.7692,0.6829,-0.0863
PDB-CPX-156367,1ay4 a1 i1,2ay5 a1 i1,34,36,0.7949,0.75,-0.0449
PDB-CPX-156367,1ay4 a1 i1,2ay6 a1 i1,34,34,0.7895,0.7,-0.0895
PDB-CPX-156367,1ay4 a1 i1,2ay7 a1 i1,34,34,0.7436,0.7436,0.0
PDB-CPX-156367,1ay4 a1 i1,2ay8 a1 i1,34,36,0.7073,0.6667,-0.0407
PDB-CPX-156367,1ay4 a1 i1,2ay9 a1 i1,34,35,0.8158,0.8158,0.0
PDB-CPX-156367,1ay5 a1 i1,1ay8 a1 i1,34,35,0.6429,0.6829,0.0401
PDB-CPX-156367,1ay5 a1 i1,2ay1 a1 i1,34,35,0.5333,0.5682,0.0348
PDB-CPX-156367,1ay5 a1 i1,2ay2 a1 i1,34,35,0.6429,0.6829,0.0401
PDB-CPX-156367,1ay5 a1 i1,2ay3 a1 i1,34,34,0.6585,0.7,0.0415
PDB-CPX-156367,1ay5 a1 i1,2ay4 a1 i1,34,35,0.6047,0.6429,0.0382
PDB-CPX-156367,1ay5 a1 i1,2ay5 a1 i1,34,36,0.6667,0.7949,0.1282
PDB-CPX-156367,1ay5 a1 i1,2ay6 a1 i1,34,34,0.5814,0.6585,0.0771
PDB-CPX-156367,1ay5 a1 i1,2ay7 a1 i1,34,34,0.6585,0.6585,0.0
PDB-CPX-156367,1ay5 a1 i1,2ay8 a1 i1,34,36,0.5909,0.5909,0.0
PDB-CPX-156367,1ay5 a1 i1,2ay9 a1 i1,34,35,0.725,0.6829,-0.0421
PDB-CPX-156367,1ay8 a1 i1,2ay1 a1 i1,35,35,0.7949,0.6279,-0.167
PDB-CPX-156367,1ay8 a1 i1,2ay2 a1 i1,35,35,0.8919,0.7949,-0.097
PDB-CPX-156367,1ay8 a1 i1,2ay3 a1 i1,35,34,0.8158,0.7692,-0.0466
PDB-CPX-156367,1ay8 a1 i1,2ay4 a1 i1,35,35,0.8919,0.75,-0.1419
PDB-CPX-156367,1ay8 a1 i1,2ay5 a1 i1,35,36,0.8205,0.7317,-0.0888
PDB-CPX-156367,1ay8 a1 i1,2ay6 a1 i1,35,34,0.8158,0.7692,-0.0466
PDB-CPX-156367,1ay8 a1 i1,2ay7 a1 i1,35,34,0.8649,0.6829,-0.1819
PDB-CPX-156367,1ay8 a1 i1,2ay8 a1 i1,35,36,0.775,0.7317,-0.0433
PDB-CPX-156367,1ay8 a1 i1,2ay9 a1 i1,35,35,0.7949,0.75,-0.0449
PDB-CPX-156367,2ay1 a1 i1,2ay2 a1 i1,35,35,0.75,0.6279,-0.1221
PDB-CPX-156367,2ay1 a1 i1,2ay3 a1 i1,35,34,0.6829,0.6829,0.0
PDB-CPX-156367,2ay1 a1 i1,2ay4 a1 i1,35,35,0.8421,0.6667,-0.1754
PDB-CPX-156367,2ay1 a1 i1,2ay5 a1 i1,35,36,0.7317,0.6136,-0.1181
PDB-CPX-156367,2ay1 a1 i1,2ay6 a1 i1,35,34,0.725,0.725,0.0
PDB-CPX-156367,2ay1 a1 i1,2ay7 a1 i1,35,34,0.7692,0.6047,-0.1646
PDB-CPX-156367,2ay1 a1 i1,2ay8 a1 i1,35,36,0.8205,0.6136,-0.2069
PDB-CPX-156367,2ay1 a1 i1,2ay9 a1 i1,35,35,0.6667,0.6667,0.0
PDB-CPX-156367,2ay2 a1 i1,2ay3 a1 i1,35,34,0.7692,0.8649,0.0956
PDB-CPX-156367,2ay2 a1 i1,2ay4 a1 i1,35,35,0.8421,0.75,-0.0921
PDB-CPX-156367,2ay2 a1 i1,2ay5 a1 i1,35,36,0.8205,0.7317,-0.0888
PDB-CPX-156367,2ay2 a1 i1,2ay6 a1 i1,35,34,0.8158,0.7692,-0.0466
PDB-CPX-156367,2ay2 a1 i1,2ay7 a1 i1,35,34,0.8649,0.7692,-0.0956
PDB-CPX-156367,2ay2 a1 i1,2ay8 a1 i1,35,36,0.775,0.6512,-0.1238
PDB-CPX-156367,2ay2 a1 i1,2ay9 a1 i1,35,35,0.7949,0.7949,0.0
PDB-CPX-156367,2ay3 a1 i1,2ay4 a1 i1,34,35,0.7692,0.725,-0.0442
PDB-CPX-156367,2ay3 a1 i1,2ay5 a1 i1,34,36,0.7949,0.75,-0.0449
PDB-CPX-156367,2ay3 a1 i1,2ay6 a1 i1,34,34,0.8378,0.7436,-0.0942
PDB-CPX-156367,2ay3 a1 i1,2ay7 a1 i1,34,34,0.7895,0.8378,0.0484
PDB-CPX-156367,2ay3 a1 i1,2ay8 a1 i1,34,36,0.7073,0.7073,0.0
PDB-CPX-156367,2ay3 a1 i1,2ay9 a1 i1,34,35,0.8649,0.8649,0.0
PDB-CPX-156367,2ay4 a1 i1,2ay5 a1 i1,35,36,0.8205,0.6905,-0.13
PDB-CPX-156367,2ay4 a1 i1,2ay6 a1 i1,35,34,0.8649,0.725,-0.1399
PDB-CPX-156367,2ay4 a1 i1,2ay7 a1 i1,35,34,0.8158,0.725,-0.0908
PDB-CPX-156367,2ay4 a1 i1,2ay8 a1 i1,35,36,0.8205,0.6905,-0.13
PDB-CPX-156367,2ay4 a1 i1,2ay9 a1 i1,35,35,0.75,0.7073,-0.0427
PDB-CPX-156367,2ay5 a1 i1,2ay6 a1 i1,36,34,0.8421,0.7073,-0.1348
PDB-CPX-156367,2ay5 a1 i1,2ay7 a1 i1,36,34,0.7949,0.7073,-0.0876
PDB-CPX-156367,2ay5 a1 i1,2ay8 a1 i1,36,36,0.7143,0.6364,-0.0779
PDB-CPX-156367,2ay5 a1 i1,2ay9 a1 i1,36,35,0.7317,0.8205,0.0888
PDB-CPX-156367,2ay6 a1 i1,2ay7 a1 i1,34,34,0.7436,0.7895,0.0459
PDB-CPX-156367,2ay6 a1 i1,2ay8 a1 i1,34,36,0.7073,0.7073,0.0
PDB-CPX-156367,2ay6 a1 i1,2ay9 a1 i1,34,35,0.7692,0.7692,0.0
PDB-CPX-156367,2ay7 a1 i1,2ay8 a1 i1,34,36,0.7073,0.6667,-0.0407
PDB-CPX-156367,2ay7 a1 i1,2ay9 a1 i1,34,35,0.8158,0.7692,-0.0466
PDB-CPX-156367,2ay8 a1 i1,2ay9 a1 i1,36,35,0.6905,0.6905,0.0
PDB-CPX-146587,1bi5 a1 i1,1bq6 a1 i1,46,46,1.0,1.0,0.0
PDB-CPX-146587,1bi5 a1 i1,1cgk a1 i1,46,50,0.92,0.92,0.0
PDB-CPX-146587,1bi5 a1 i1,1cgz a1 i1,46,46,1.0,1.0,0.0
PDB-CPX-146587,1bi5 a1 i1,1chw a1 i1,46,47,0.9375,0.9375,0.0
PDB-CPX-146587,1bi5 a1 i1,1cml a1 i1,46,52,0.8846,0.8846,0.0
PDB-CPX-146587,1bi5 a1 i1,1d6f a1 i1,46,50,0.92,0.92,0.0
PDB-CPX-146587,1bi5 a1 i1,1d6h a1 i1,46,46,1.0,1.0,0.0
PDB-CPX-146587,1bi5 a1 i1,1d6i a2 i1,46,50,0.92,0.92,0.0
PDB-CPX-146587,1bi5 a1 i1,1i86 a1 i1,46,48,0.9583,0.9583,0.0
PDB-CPX-146587,1bi5 a1 i1,1i88 a1 i1,46,48,0.9583,0.9583,0.0
PDB-CPX-146587,1bi5 a1 i1,1i89 a1 i1,46,48,0.9583,0.9583,0.0
PDB-CPX-146587,1bi5 a1 i1,1i8b a1 i1,46,49,0.9388,0.9388,0.0
PDB-CPX-146587,1bi5 a1 i1,1jwx a1 i1,46,46,1.0,1.0,0.0
PDB-CPX-146587,1bi5 a1 i1,1u0v a1 i1,46,47,0.6034,0.6034,0.0
PDB-CPX-146587,1bi5 a1 i1,1u0w a1 i1,46,57,0.6094,0.6094,0.0
PDB-CPX-146587,1bi5 a1 i1,1u0w a2 i1,46,54,0.5873,0.5873,0.0
PDB-CPX-146587,1bq6 a1 i1,1cgk a1 i1,46,50,0.92,0.92,0.0
PDB-CPX-146587,1bq6 a1 i1,1cgz a1 i1,46,46,1.0,1.0,0.0
PDB-CPX-146587,1bq6 a1 i1,1chw a1 i1,46,47,0.9375,0.9375,0.0
PDB-CPX-146587,1bq6 a1 i1,1cml a1 i1,46,52,0.8846,0.8846,0.0
PDB-CPX-146587,1bq6 a1 i1,1d6f a1 i1,46,50,0.92,0.92,0.0
PDB-CPX-146587,1bq6 a1 i1,1d6h a1 i1,46,46,1.0,1.0,0.0
PDB-CPX-146587,1bq6 a1 i1,1d6i a2 i1,46,50,0.92,0.92,0.0
PDB-CPX-146587,1bq6 a1 i1,1i86 a1 i1,46,48,0.9583,0.9583,0.0
PDB-CPX-146587,1bq6 a1 i1,1i88 a1 i1,46,48,0.9583,0.9583,0.0
PDB-CPX-146587,1bq6 a1 i1,1i89 a1 i1,46,48,0.9583,0.9583,0.0
PDB-CPX-146587,1bq6 a1 i1,1i8b a1 i1,46,49,0.9388,0.9388,0.0
PDB-CPX-146587,1bq6 a1 i1,1jwx a1 i1,46,46,1.0,1.0,0.0
PDB-CPX-146587,1bq6 a1 i1,1u0v a1 i1,46,47,0.6034,0.6034,0.0
PDB-CPX-146587,1bq6 a1 i1,1u0w a1 i1,46,57,0.6094,0.6094,0.0
PDB-CPX-146587,1bq6 a1 i1,1u0w a2 i1,46,54,0.5873,0.5873,0.0
PDB-CPX-146587,1cgk a1 i1,1cgz a1 i1,50,46,0.92,0.92,0.0
PDB-CPX-146587,1cgk a1 i1,1chw a1 i1,50,47,0.8654,0.8654,0.0
PDB-CPX-146587,1cgk a1 i1,1cml a1 i1,50,52,0.9615,0.9615,0.0
PDB-CPX-146587,1cgk a1 i1,1d6f a1 i1,50,50,0.8519,0.8519,0.0
PDB-CPX-146587,1cgk a1 i1,1d6h a1 i1,50,46,0.92,0.92,0.0
PDB-CPX-146587,1cgk a1 i1,1d6i a2 i1,50,50,0.8868,0.8868,0.0
PDB-CPX-146587,1cgk a1 i1,1i86 a1 i1,50,48,0.8846,0.8846,0.0
PDB-CPX-146587,1cgk a1 i1,1i88 a1 i1,50,48,0.8846,0.8846,0.0
PDB-CPX-146587,1cgk a1 i1,1i89 a1 i1,50,48,0.8846,0.8846,0.0
PDB-CPX-146587,1cgk a1 i1,1i8b a1 i1,50,49,0.8679,0.8679,0.0
PDB-CPX-146587,1cgk a1 i1,1jwx a1 i1,50,46,0.92,0.92,0.0
PDB-CPX-146587,1cgk a1 i1,1u0v a1 i1,50,47,0.5645,0.5645,0.0
PDB-CPX-146587,1cgk a1 i1,1u0w a1 i1,50,57,0.597,0.597,0.0
PDB-CPX-146587,1cgk a1 i1,1u0w a2 i1,50,54,0.5522,0.5522,0.0
PDB-CPX-146587,1cgz a1 i1,1chw a1 i1,46,47,0.9375,0.9375,0.0
PDB-CPX-146587,1cgz a1 i1,1cml a1 i1,46,52,0.8846,0.8846,0.0
PDB-CPX-146587,1cgz a1 i1,1d6f a1 i1,46,50,0.92,0.92,0.0
PDB-CPX-146587,1cgz a1 i1,1d6h a1 i1,46,46,1.0,1.0,0.0
PDB-CPX-146587,1cgz a1 i1,1d6i a2 i1,46,50,0.92,0.92,0.0
PDB-CPX-146587,1cgz a1 i1,1i86 a1 i1,46,48,0.9583,0.9583,0.0
PDB-CPX-146587,1cgz a1 i1,1i88 a1 i1,46,48,0.9583,0.9583,0.0
PDB-CPX-146587,1cgz a1 i1,1i89 a1 i1,46,48,0.9583,0.9583,0.0
PDB-CPX-146587,1cgz a1 i1,1i8b a1 i1,46,49,0.9388,0.9388,0.0
PDB-CPX-146587,1cgz a1 i1,1jwx a1 i1,46,46,1.0,1.0,0.0
PDB-CPX-146587,1cgz a1 i1,1u0v a1 i1,46,47,0.6034,0.6034,0.0
PDB-CPX-146587,1cgz a1 i1,1u0w a1 i1,46,57,0.6094,0.6094,0.0
PDB-CPX-146587,1cgz a1 i1,1u0w a2 i1,46,54,0.5873,0.5873,0.0
PDB-CPX-146587,1chw a1 i1,1cml a1 i1,47,52,0.8333,0.8333,0.0
PDB-CPX-146587,1chw a1 i1,1d6f a1 i1,47,50,0.94,0.94,0.0
PDB-CPX-146587,1chw a1 i1,1d6h a1 i1,47,46,0.9375,0.9375,0.0
PDB-CPX-146587,1chw a1 i1,1d6i a2 i1,47,50,0.94,0.94,0.0
PDB-CPX-146587,1chw a1 i1,1i86 a1 i1,47,48,0.9,0.9,0.0
PDB-CPX-146587,1chw a1 i1,1i88 a1 i1,47,48,0.9,0.9,0.0
PDB-CPX-146587,1chw a1 i1,1i89 a1 i1,47,48,0.9388,0.9388,0.0
PDB-CPX-146587,1chw a1 i1,1i8b a1 i1,47,49,0.8824,0.8824,0.0
PDB-CPX-146587,1chw a1 i1,1jwx a1 i1,47,46,0.9375,0.9375,0.0
PDB-CPX-146587,1chw a1 i1,1u0v a1 i1,47,47,0.5667,0.5667,0.0
PDB-CPX-146587,1chw a1 i1,1u0w a1 i1,47,57,0.6,0.6,0.0
PDB-CPX-146587,1chw a1 i1,1u0w a2 i1,47,54,0.5781,0.5781,0.0
PDB-CPX-146587,1cml a1 i1,1d6f a1 i1,52,50,0.8889,0.8889,0.0
PDB-CPX-146587,1cml a1 i1,1d6h a1 i1,52,46,0.8846,0.8846,0.0
PDB-CPX-146587,1cml a1 i1,1d6i a2 i1,52,50,0.8545,0.8545,0.0
PDB-CPX-146587,1cml a1 i1,1i86 a1 i1,52,48,0.9231,0.9231,0.0
PDB-CPX-146587,1cml a1 i1,1i88 a1 i1,52,48,0.9231,0.9231,0.0
PDB-CPX-146587,1cml a1 i1,1i89 a1 i1,52,48,0.8519,0.8519,0.0
PDB-CPX-146587,1cml a1 i1,1i8b a1 i1,52,49,0.8364,0.8364,0.0
PDB-CPX-146587,1cml a1 i1,1jwx a1 i1,52,46,0.8846,0.8846,0.0
PDB-CPX-146587,1cml a1 i1,1u0v a1 i1,52,47,0.5469,0.5469,0.0
PDB-CPX-146587,1cml a1 i1,1u0w a1 i1,52,57,0.5797,0.5797,0.0
PDB-CPX-146587,1cml a1 i1,1u0w a2 i1,52,54,0.5362,0.5362,0.0
PDB-CPX-146587,1d6f a1 i1,1d6h a1 i1,50,46,0.92,0.92,0.0
PDB-CPX-146587,1d6f a1 i1,1d6i a2 i1,50,50,0.9231,0.9231,0.0
PDB-CPX-146587,1d6f a1 i1,1i86 a1 i1,50,48,0.96,0.96,0.0
PDB-CPX-146587,1d6f a1 i1,1i88 a1 i1,50,48,0.96,0.96,0.0
PDB-CPX-146587,1d6f a1 i1,1i89 a1 i1,50,48,0.9216,0.9216,0.0
PDB-CPX-146587,1d6f a1 i1,1i8b a1 i1,50,49,0.8679,0.8679,0.0
PDB-CPX-146587,1d6f a1 i1,1jwx a1 i1,50,46,0.92,0.92,0.0
PDB-CPX-146587,1d6f a1 i1,1u0v a1 i1,50,47,0.5645,0.5645,0.0
PDB-CPX-146587,1d6f a1 i1,1u0w a1 i1,50,57,0.597,0.597,0.0
PDB-CPX-146587,1d6f a1 i1,1u0w a2 i1,50,54,0.5522,0.5522,0.0
PDB-CPX-146587,1d6h a1 i1,1d6i a2 i1,46,50,0.92,0.92,0.0
PDB-CPX-146587,1d6h a1 i1,1i86 a1 i1,46,48,0.9583,0.9583,0.0
PDB-CPX-146587,1d6h a1 i1,1i88 a1 i1,46,48,0.9583,0.9583,0.0
PDB-CPX-146587,1d6h a1 i1,1i89 a1 i1,46,48,0.9583,0.9583,0.0
PDB-CPX-146587,1d6h a1 i1,1i8b a1 i1,46,49,0.9388,0.9388,0.0
PDB-CPX-146587,1d6h a1 i1,1jwx a1 i1,46,46,1.0,1.0,0.0
PDB-CPX-146587,1d6h a1 i1,1u0v a1 i1,46,47,0.6034,0.6034,0.0
PDB-CPX-146587,1d6h a1 i1,1u0w a1 i1,46,57,0.6094,0.6094,0.0
PDB-CPX-146587,1d6h a1 i1,1u0w a2 i1,46,54,0.5873,0.5873,0.0
PDB-CPX-146587,1d6i a2 i1,1i86 a1 i1,50,48,0.8846,0.8846,0.0
PDB-CPX-146587,1d6i a2 i1,1i88 a1 i1,50,48,0.8846,0.8846,0.0
PDB-CPX-146587,1d6i a2 i1,1i89 a1 i1,50,48,0.9216,0.9216,0.0
PDB-CPX-146587,1d6i a2 i1,1i8b a1 i1,50,49,0.9038,0.8679,-0.0359
PDB-CPX-146587,1d6i a2 i1,1jwx a1 i1,50,46,0.92,0.92,0.0
PDB-CPX-146587,1d6i a2 i1,1u0v a1 i1,50,47,0.5645,0.5645,0.0
PDB-CPX-146587,1d6i a2 i1,1u0w a1 i1,50,57,0.597,0.6212,0.0242
PDB-CPX-146587,1d6i a2 i1,1u0w a2 i1,50,54,0.5522,0.5522,0.0
PDB-CPX-146587,1i86 a1 i1,1i88 a1 i1,48,48,1.0,1.0,0.0
PDB-CPX-146587,1i86 a1 i1,1i89 a1 i1,48,48,0.92,0.92,0.0
PDB-CPX-146587,1i86 a1 i1,1i8b a1 i1,48,49,0.902,0.902,0.0
PDB-CPX-146587,1i86 a1 i1,1jwx a1 i1,48,46,0.9583,0.9583,0.0
PDB-CPX-146587,1i86 a1 i1,1u0v a1 i1,48,47,0.5833,0.5833,0.0
PDB-CPX-146587,1i86 a1 i1,1u0w a1 i1,48,57,0.5909,0.5909,0.0
PDB-CPX-146587,1i86 a1 i1,1u0w a2 i1,48,54,0.5692,0.5692,0.0
PDB-CPX-146587,1i88 a1 i1,1i89 a1 i1,48,48,0.92,0.92,0.0
PDB-CPX-146587,1i88 a1 i1,1i8b a1 i1,48,49,0.902,0.902,0.0
PDB-CPX-146587,1i88 a1 i1,1jwx a1 i1,48,46,0.9583,0.9583,0.0
PDB-CPX-146587,1i88 a1 i1,1u0v a1 i1,48,47,0.5833,0.5833,0.0
PDB-CPX-146587,1i88 a1 i1,1u0w a1 i1,48,57,0.5909,0.5909,0.0
PDB-CPX-146587,1i88 a1 i1,1u0w a2 i1,48,54,0.5692,0.5692,0.0
PDB-CPX-146587,1i89 a1 i1,1i8b a1 i1,48,49,0.94,0.94,0.0
PDB-CPX-146587,1i89 a1 i1,1jwx a1 i1,48,46,0.9583,0.9583,0.0
PDB-CPX-146587,1i89 a1 i1,1u0v a1 i1,48,47,0.5833,0.5833,0.0
PDB-CPX-146587,1i89 a1 i1,1u0w a1 i1,48,57,0.6154,0.5909,-0.0245
PDB-CPX-146587,1i89 a1 i1,1u0w a2 i1,48,54,0.5692,0.5692,0.0
PDB-CPX-146587,1i8b a1 i1,1jwx a1 i1,49,46,0.9388,0.9388,0.0
PDB-CPX-146587,1i8b a1 i1,1u0v a1 i1,49,47,0.5738,0.5738,0.0
PDB-CPX-146587,1i8b a1 i1,1u0w a1 i1,49,57,0.5821,0.5821,0.0
PDB-CPX-146587,1i8b a1 i1,1u0w a2 i1,49,54,0.5606,0.5606,0.0
PDB-CPX-146587,1jwx a1 i1,1u0v a1 i1,46,47,0.6034,0.6034,0.0
PDB-CPX-146587,1jwx a1 i1,1u0w a1 i1,46,57,0.6094,0.6094,0.0
PDB-CPX-146587,1jwx a1 i1,1u0w a2 i1,46,54,0.5873,0.5873,0.0
PDB-CPX-146587,1u0v a1 i1,1u0w a1 i1,47,57,0.7931,0.8246,0.0315
PDB-CPX-146587,1u0v a1 i1,1u0w a2 i1,47,54,0.7719,0.8036,0.0316
PDB-CPX-146587,1u0w a1 i1,1u0w a2 i1,57,54,0.9138,0.85,-0.0638
PDB-CPX-187754,2uxh a1 i1,2uxi a1 i1,29,24,0.7667,0.6061,-0.1606
PDB-CPX-187754,2uxh a1 i1,2uxo a1 i1,29,24,0.7667,0.6562,-0.1104
PDB-CPX-187754,2uxh a1 i1,2uxp a1 i1,29,26,0.7742,0.7188,-0.0554
PDB-CPX-187754,2uxh a1 i1,2uxu a1 i1,29,24,0.7667,0.5588,-0.2078
PDB-CPX-187754,2uxh a1 i1,2xdn a1 i1,29,31,0.7647,0.5789,-0.1858
PDB-CPX-187754,2uxh a1 i1,2xdn a2 i1,29,26,0.8966,0.7188,-0.1778
PDB-CPX-187754,2uxh a1 i1,7k1a a1 i1,29,16,0.4516,0.5517,0.1001
PDB-CPX-187754,2uxh a1 i1,7k1c a1 i1,29,19,0.5,0.6,0.1
PDB-CPX-187754,2uxh a1 i1,7kd8 a1 i1,29,25,0.6875,0.8,0.1125
PDB-CPX-187754,2uxh a1 i1,7kd8 a2 i1,29,27,0.75,0.8065,0.0565
PDB-CPX-187754,2uxh a1 i1,8v90 a1 i1,29,15,0.4667,0.5172,0.0506
PDB-CPX-187754,2uxh a1 i1,8v90 a2 i1,29,16,0.4516,0.5,0.0484
PDB-CPX-187754,2uxi a1 i1,2uxo a1 i1,24,24,0.7778,0.6,-0.1778
PDB-CPX-187754,2uxi a1 i1,2uxp a1 i1,24,26,0.7857,0.6129,-0.1728
PDB-CPX-187754,2uxi a1 i1,2uxu a1 i1,24,24,0.7778,0.5484,-0.2294
PDB-CPX-187754,2uxi a1 i1,2xdn a1 i1,24,31,0.7188,0.5278,-0.191
PDB-CPX-187754,2uxi a1 i1,2xdn a2 i1,24,26,0.8519,0.6129,-0.2389
PDB-CPX-187754,2uxi a1 i1,7k1a a1 i1,24,16,0.4815,0.6,0.1185
PDB-CPX-187754,2uxi a1 i1,7k1c a1 i1,24,19,0.5357,0.5926,0.0569
PDB-CPX-187754,2uxi a1 i1,7kd8 a1 i1,24,25,0.6333,0.75,0.1167
PDB-CPX-187754,2uxi a1 i1,7kd8 a2 i1,24,27,0.6452,0.7586,0.1135
PDB-CPX-187754,2uxi a1 i1,8v90 a1 i1,24,15,0.5,0.56,0.06
PDB-CPX-187754,2uxi a1 i1,8v90 a2 i1,24,16,0.4815,0.5385,0.057
PDB-CPX-187754,2uxo a1 i1,2uxp a1 i1,24,26,0.8519,0.6667,-0.1852
PDB-CPX-187754,2uxo a1 i1,2uxu a1 i1,24,24,0.7778,0.5484,-0.2294
PDB-CPX-187754,2uxo a1 i1,2xdn a1 i1,24,31,0.7188,0.5278,-0.191
PDB-CPX-187754,2uxo a1 i1,2xdn a2 i1,24,26,0.8519,0.6667,-0.1852
PDB-CPX-187754,2uxo a1 i1,7k1a a1 i1,24,16,0.4286,0.4815,0.0529
PDB-CPX-187754,2uxo a1 i1,7k1c a1 i1,24,19,0.4333,0.4828,0.0494
PDB-CPX-187754,2uxo a1 i1,7kd8 a1 i1,24,25,0.75,0.8148,0.0648
PDB-CPX-187754,2uxo a1 i1,7kd8 a2 i1,24,27,0.7,0.8214,0.1214
PDB-CPX-187754,2uxo a1 i1,8v90 a1 i1,24,15,0.4444,0.5,0.0556
PDB-CPX-187754,2uxo a1 i1,8v90 a2 i1,24,16,0.4286,0.4815,0.0529
PDB-CPX-187754,2uxp a1 i1,2uxu a1 i1,26,24,0.7241,0.6129,-0.1112
PDB-CPX-187754,2uxp a1 i1,2xdn a1 i1,26,31,0.6765,0.5833,-0.0931
PDB-CPX-187754,2uxp a1 i1,2xdn a2 i1,26,26,0.8571,0.6774,-0.1797
PDB-CPX-187754,2uxp a1 i1,7k1a a1 i1,26,16,0.4483,0.5,0.0517
PDB-CPX-187754,2uxp a1 i1,7k1c a1 i1,26,19,0.5,0.5,0.0
PDB-CPX-187754,2uxp a1 i1,7kd8 a1 i1,26,25,0.7,0.8214,0.1214
PDB-CPX-187754,2uxp a1 i1,7kd8 a2 i1,26,27,0.7097,0.8929,0.1832
PDB-CPX-187754,2uxp a1 i1,8v90 a1 i1,26,15,0.4643,0.5185,0.0542
PDB-CPX-187754,2uxp a1 i1,8v90 a2 i1,26,16,0.4483,0.5,0.0517
PDB-CPX-187754,2uxu a1 i1,2xdn a1 i1,24,31,0.7742,0.4474,-0.3268
PDB-CPX-187754,2uxu a1 i1,2xdn a2 i1,24,26,0.7857,0.5625,-0.2232
PDB-CPX-187754,2uxu a1 i1,7k1a a1 i1,24,16,0.4815,0.6,0.1185
PDB-CPX-187754,2uxu a1 i1,7k1c a1 i1,24,19,0.5357,0.6538,0.1181
PDB-CPX-187754,2uxu a1 i1,7kd8 a1 i1,24,25,0.5806,0.6897,0.109
PDB-CPX-187754,2uxu a1 i1,7kd8 a2 i1,24,27,0.6452,0.7,0.0548
PDB-CPX-187754,2uxu a1 i1,8v90 a1 i1,24,15,0.5,0.56,0.06
PDB-CPX-187754,2uxu a1 i1,8v90 a2 i1,24,16,0.4815,0.5385,0.057
PDB-CPX-187754,2xdn a1 i1,2xdn a2 i1,31,26,0.7273,0.5833,-0.1439
PDB-CPX-187754,2xdn a1 i1,7k1a a1 i1,31,16,0.3824,0.4688,0.0864
PDB-CPX-187754,2xdn a1 i1,7k1c a1 i1,31,19,0.4286,0.5152,0.0866
PDB-CPX-187754,2xdn a1 i1,7kd8 a1 i1,31,25,0.5556,0.6471,0.0915
PDB-CPX-187754,2xdn a1 i1,7kd8 a2 i1,31,27,0.6111,0.6571,0.046
PDB-CPX-187754,2xdn a1 i1,8v90 a1 i1,31,15,0.3939,0.4375,0.0436
PDB-CPX-187754,2xdn a1 i1,8v90 a2 i1,31,16,0.3824,0.4688,0.0864
PDB-CPX-187754,2xdn a2 i1,7k1a a1 i1,26,16,0.4483,0.5556,0.1073
PDB-CPX-187754,2xdn a2 i1,7k1c a1 i1,26,19,0.5,0.5517,0.0517
PDB-CPX-187754,2xdn a2 i1,7kd8 a1 i1,26,25,0.7,0.8214,0.1214
PDB-CPX-187754,2xdn a2 i1,7kd8 a2 i1,26,27,0.7097,0.8276,0.1179
PDB-CPX-187754,2xdn a2 i1,8v90 a1 i1,26,15,0.4643,0.5185,0.0542
PDB-CPX-187754,2xdn a2 i1,8v90 a2 i1,26,16,0.4483,0.5,0.0517
PDB-CPX-187754,7k1a a1 i1,7k1c a1 i1,16,19,0.8421,0.75,-0.0921
PDB-CPX-187754,7k1a a1 i1,7kd8 a1 i1,16,25,0.5185,0.4643,-0.0542
PDB-CPX-187754,7k1a a1 i1,7kd8 a2 i1,16,27,0.5357,0.4828,-0.053
PDB-CPX-187754,7k1a a1 i1,8v90 a1 i1,16,15,0.9375,0.8235,-0.114
PDB-CPX-187754,7k1a a1 i1,8v90 a2 i1,16,16,0.8824,0.7778,-0.1046
PDB-CPX-187754,7k1c a1 i1,7kd8 a1 i1,19,25,0.5172,0.4667,-0.0506
PDB-CPX-187754,7k1c a1 i1,7kd8 a2 i1,19,27,0.5333,0.5333,0.0
PDB-CPX-187754,7k1c a1 i1,8v90 a1 i1,19,15,0.7895,0.7,-0.0895
PDB-CPX-187754,7k1c a1 i1,8v90 a2 i1,19,16,0.75,0.6667,-0.0833
PDB-CPX-187754,7kd8 a1 i1,7kd8 a2 i1,25,27,0.8571,0.7333,-0.1238
PDB-CPX-187754,7kd8 a1 i1,8v90 a1 i1,25,15,0.5385,0.4815,-0.057
PDB-CPX-187754,7kd8 a1 i1,8v90 a2 i1,25,16,0.5185,0.4643,-0.0542
PDB-CPX-187754,7kd8 a2 i1,8v90 a1 i1,27,15,0.5556,0.5,-0.0556
PDB-CPX-187754,7kd8 a2 i1,8v90 a2 i1,27,16,0.5357,0.4828,-0.053
PDB-CPX-187754,8v90 a1 i1,8v90 a2 i1,15,16,0.9375,0.8235,-0.114
PDB-CPX-129185,1evu a1 i1,1ex0 a1 i1,31,27,0.5676,0.5676,0.0
PDB-CPX-129185,1evu a1 i1,1f13 a1 i1,31,27,0.5676,0.6571,0.0896
PDB-CPX-129185,1evu a1 i1,1fie a1 i1,31,23,0.5,0.5429,0.0429
PDB-CPX-129185,1evu a1 i1,1ggt a1 i1,31,3,0.0,0.0,0.0
PDB-CPX-129185,1evu a1 i1,1ggu a1 i1,31,24,0.6176,0.6176,0.0
PDB-CPX-129185,1evu a1 i1,1ggy a1 i1,31,26,0.5405,0.5405,0.0
PDB-CPX-129185,1evu a1 i1,1qrk a1 i1,31,23,0.4595,0.5882,0.1288
PDB-CPX-129185,1ex0 a1 i1,1f13 a1 i1,27,27,0.6364,0.6364,0.0
PDB-CPX-129185,1ex0 a1 i1,1fie a1 i1,27,23,0.6129,0.5625,-0.0504
PDB-CPX-129185,1ex0 a1 i1,1ggt a1 i1,27,3,0.0,0.0,0.0
PDB-CPX-129185,1ex0 a1 i1,1ggu a1 i1,27,24,0.7586,0.7586,0.0
PDB-CPX-129185,1ex0 a1 i1,1ggy a1 i1,27,26,0.5143,0.4722,-0.0421
PDB-CPX-129185,1ex0 a1 i1,1qrk a1 i1,27,23,0.5152,0.5625,0.0473
PDB-CPX-129185,1f13 a1 i1,1fie a1 i1,27,23,0.7241,0.7241,0.0
PDB-CPX-129185,1f13 a1 i1,1ggt a1 i1,27,3,0.0,0.0,0.0
PDB-CPX-129185,1f13 a1 i1,1ggu a1 i1,27,24,0.7586,0.7586,0.0
PDB-CPX-129185,1f13 a1 i1,1ggy a1 i1,27,26,0.7097,0.7097,0.0
PDB-CPX-129185,1f13 a1 i1,1qrk a1 i1,27,23,0.7241,0.6667,-0.0575
PDB-CPX-129185,1fie a1 i1,1ggt a1 i1,23,3,0.0,0.0,0.0
PDB-CPX-129185,1fie a1 i1,1ggu a1 i1,23,24,0.6786,0.6786,0.0
PDB-CPX-129185,1fie a1 i1,1ggy a1 i1,23,26,0.6897,0.5806,-0.109
PDB-CPX-129185,1fie a1 i1,1qrk a1 i1,23,23,0.7037,0.7692,0.0655
PDB-CPX-129185,1ggt a1 i1,1ggu a1 i1,3,24,0.0,0.0,0.0
PDB-CPX-129185,1ggt a1 i1,1ggy a1 i1,3,26,0.0,0.0,0.0
PDB-CPX-129185,1ggt a1 i1,1qrk a1 i1,3,23,0.0,0.0,0.0
PDB-CPX-129185,1ggu a1 i1,1ggy a1 i1,24,26,0.6129,0.6129,0.0
PDB-CPX-129185,1ggu a1 i1,1qrk a1 i1,24,23,0.6207,0.6207,0.0
PDB-CPX-129185,1ggy a1 i1,1qrk a1 i1,26,23,0.6333,0.75,0.1167
PDB-CPX-181521,6f91 a1 i1,6f91 a2 i1,17,17,0.8889,1.0,0.1111
PDB-CPX-181521,6f91 a1 i1,6f91 a3 i1,17,17,0.8889,1.0,0.1111
PDB-CPX-181521,6f91 a1 i1,6f91 a4 i1,17,19,0.8947,0.8947,0.0
PDB-CPX-181521,6f91 a1 i1,6f91 a5 i1,17,17,1.0,0.8889,-0.1111
PDB-CPX-181521,6f91 a1 i1,6f91 a6 i1,17,17,0.8889,1.0,0.1111
PDB-CPX-181521,6f91 a1 i1,6f92 a1 i1,17,15,0.8824,0.8824,0.0
PDB-CPX-181521,6f91 a1 i1,6f92 a2 i1,17,16,0.9412,0.9412,0.0
PDB-CPX-181521,6f91 a2 i1,6f91 a3 i1,17,17,1.0,0.8889,-0.1111
PDB-CPX-181521,6f91 a2 i1,6f91 a4 i1,17,19,0.8947,0.8947,0.0
PDB-CPX-181521,6f91 a2 i1,6f91 a5 i1,17,17,0.8889,1.0,0.1111
PDB-CPX-181521,6f91 a2 i1,6f91 a6 i1,17,17,1.0,0.8889,-0.1111
PDB-CPX-181521,6f91 a2 i1,6f92 a1 i1,17,15,0.8824,0.8824,0.0
PDB-CPX-181521,6f91 a2 i1,6f92 a2 i1,17,16,0.9412,0.9412,0.0
PDB-CPX-181521,6f91 a3 i1,6f91 a4 i1,17,19,0.8947,0.8947,0.0
PDB-CPX-181521,6f91 a3 i1,6f91 a5 i1,17,17,0.8889,1.0,0.1111
PDB-CPX-181521,6f91 a3 i1,6f91 a6 i1,17,17,1.0,0.8889,-0.1111
PDB-CPX-181521,6f91 a3 i1,6f92 a1 i1,17,15,0.8824,0.8824,0.0
PDB-CPX-181521,6f91 a3 i1,6f92 a2 i1,17,16,0.9412,0.9412,0.0
PDB-CPX-181521,6f91 a4 i1,6f91 a5 i1,19,17,0.8947,0.8947,0.0
PDB-CPX-181521,6f91 a4 i1,6f91 a6 i1,19,17,0.8947,0.8947,0.0
PDB-CPX-181521,6f91 a4 i1,6f92 a1 i1,19,15,0.7895,0.7895,0.0
PDB-CPX-181521,6f91 a4 i1,6f92 a2 i1,19,16,0.8421,0.8421,0.0
PDB-CPX-181521,6f91 a5 i1,6f91 a6 i1,17,17,0.8889,1.0,0.1111
PDB-CPX-181521,6f91 a5 i1,6f92 a1 i1,17,15,0.8824,0.8824,0.0
PDB-CPX-181521,6f91 a5 i1,6f92 a2 i1,17,16,0.9412,0.9412,0.0
PDB-CPX-181521,6f91 a6 i1,6f92 a1 i1,17,15,0.8824,0.8824,0.0
PDB-CPX-181521,6f91 a6 i1,6f92 a2 i1,17,16,0.9412,0.9412,0.0
PDB-CPX-181521,6f92 a1 i1,6f92 a2 i1,15,16,0.9375,0.9375,0.0
PDB-CPX-150984,1fhi a1 i1,1fit a1 i1,16,19,0.4,0.4,0.0
PDB-CPX-150984,1fhi a1 i1,2fhi a1 i1,16,18,0.4167,0.4167,0.0
PDB-CPX-150984,1fhi a1 i1,2fit a1 i1,16,16,0.4545,0.4545,0.0
PDB-CPX-150984,1fhi a1 i1,3fit a1 i1,16,14,0.3636,0.3636,0.0
PDB-CPX-150984,1fhi a1 i1,4fit a1 i1,16,14,0.5,0.5,0.0
PDB-CPX-150984,1fhi a1 i1,5fit a1 i1,16,19,0.4,0.4,0.0
PDB-CPX-150984,1fhi a1 i1,6fit a1 i1,16,20,0.5,0.5,0.0
PDB-CPX-150984,1fhi a1 i1,7p8p a1 i1,16,18,0.3077,0.3077,0.0
PDB-CPX-150984,1fhi a1 i1,7p8p a2 i1,16,18,0.3077,0.3077,0.0
PDB-CPX-150984,1fit a1 i1,2fhi a1 i1,19,18,0.9474,0.9474,0.0
PDB-CPX-150984,1fit a1 i1,2fit a1 i1,19,16,0.6667,0.6667,0.0
PDB-CPX-150984,1fit a1 i1,3fit a1 i1,19,14,0.7368,0.7368,0.0
PDB-CPX-150984,1fit a1 i1,4fit a1 i1,19,14,0.7368,0.7368,0.0
PDB-CPX-150984,1fit a1 i1,5fit a1 i1,19,19,0.8095,0.8095,0.0
PDB-CPX-150984,1fit a1 i1,6fit a1 i1,19,20,0.6957,0.6957,0.0
PDB-CPX-150984,1fit a1 i1,7p8p a1 i1,19,18,0.7619,0.7619,0.0
PDB-CPX-150984,1fit a1 i1,7p8p a2 i1,19,18,0.85,0.85,0.0
PDB-CPX-150984,2fhi a1 i1,2fit a1 i1,18,16,0.7,0.7,0.0
PDB-CPX-150984,2fhi a1 i1,3fit a1 i1,18,14,0.7778,0.7778,0.0
PDB-CPX-150984,2fhi a1 i1,4fit a1 i1,18,14,0.7778,0.7778,0.0
PDB-CPX-150984,2fhi a1 i1,5fit a1 i1,18,19,0.7619,0.7619,0.0
PDB-CPX-150984,2fhi a1 i1,6fit a1 i1,18,20,0.7273,0.7273,0.0
PDB-CPX-150984,2fhi a1 i1,7p8p a1 i1,18,18,0.8,0.8,0.0
PDB-CPX-150984,2fhi a1 i1,7p8p a2 i1,18,18,0.8,0.8,0.0
PDB-CPX-150984,2fit a1 i1,3fit a1 i1,16,14,0.5,0.5,0.0
PDB-CPX-150984,2fit a1 i1,4fit a1 i1,16,14,0.875,0.875,0.0
PDB-CPX-150984,2fit a1 i1,5fit a1 i1,16,19,0.6667,0.6667,0.0
PDB-CPX-150984,2fit a1 i1,6fit a1 i1,16,20,0.5,0.5,0.0
PDB-CPX-150984,2fit a1 i1,7p8p a1 i1,16,18,0.5455,0.5455,0.0
PDB-CPX-150984,2fit a1 i1,7p8p a2 i1,16,18,0.5455,0.5455,0.0
PDB-CPX-150984,3fit a1 i1,4fit a1 i1,14,14,0.5556,0.5556,0.0
PDB-CPX-150984,3fit a1 i1,5fit a1 i1,14,19,0.7368,0.7368,0.0
PDB-CPX-150984,3fit a1 i1,6fit a1 i1,14,20,0.7,0.7,0.0
PDB-CPX-150984,3fit a1 i1,7p8p a1 i1,14,18,0.6,0.6,0.0
PDB-CPX-150984,3fit a1 i1,7p8p a2 i1,14,18,0.6,0.6,0.0
PDB-CPX-150984,4fit a1 i1,5fit a1 i1,14,19,0.5714,0.5714,0.0
PDB-CPX-150984,4fit a1 i1,6fit a1 i1,14,20,0.5455,0.5455,0.0
PDB-CPX-150984,4fit a1 i1,7p8p a1 i1,14,18,0.6,0.6,0.0
PDB-CPX-150984,4fit a1 i1,7p8p a2 i1,14,18,0.6,0.6,0.0
PDB-CPX-150984,5fit a1 i1,6fit a1 i1,19,20,0.6957,0.6957,0.0
PDB-CPX-150984,5fit a1 i1,7p8p a1 i1,19,18,0.6087,0.6087,0.0
PDB-CPX-150984,5fit a1 i1,7p8p a2 i1,19,18,0.6818,0.6818,0.0
PDB-CPX-150984,6fit a1 i1,7p8p a1 i1,20,18,0.5833,0.5833,0.0
PDB-CPX-150984,6fit a1 i1,7p8p a2 i1,20,18,0.5833,0.5833,0.0
PDB-CPX-150984,7p8p a1 i1,7p8p a2 i1,18,18,0.8,0.8947,0.0947
PDB-CPX-188752,3guc a1 i1,3h8v a1 i1,20,19,0.8571,0.8571,0.0
PDB-CPX-188752,3guc a1 i1,6h78 a1 i1,20,33,0.2927,0.2927,0.0
PDB-CPX-188752,3guc a1 i1,6h78 a2 i1,20,33,0.359,0.359,0.0
PDB-CPX-188752,3guc a1 i1,6h78 a3 i1,20,32,0.3333,0.3333,0.0
PDB-CPX-188752,3guc a1 i1,6h78 a4 i1,20,33,0.325,0.325,0.0
PDB-CPX-188752,3guc a1 i1,6h78 a5 i1,20,29,0.3243,0.2895,-0.0349
PDB-CPX-188752,3guc a1 i1,6h78 a6 i1,20,30,0.2821,0.2821,0.0
PDB-CPX-188752,3guc a1 i1,6h78 a7 i1,20,32,0.3684,0.3684,0.0
PDB-CPX-188752,3guc a1 i1,6h78 a8 i1,20,35,0.3415,0.3415,0.0
PDB-CPX-188752,3h8v a1 i1,6h78 a1 i1,19,33,0.3333,0.3333,0.0
PDB-CPX-188752,3h8v a1 i1,6h78 a2 i1,19,33,0.4054,0.4054,0.0
PDB-CPX-188752,3h8v a1 i1,6h78 a3 i1,19,32,0.3784,0.3784,0.0
PDB-CPX-188752,3h8v a1 i1,6h78 a4 i1,19,33,0.3684,0.3684,0.0
PDB-CPX-188752,3h8v a1 i1,6h78 a5 i1,19,29,0.3333,0.3333,0.0
PDB-CPX-188752,3h8v a1 i1,6h78 a6 i1,19,30,0.3243,0.3243,0.0
PDB-CPX-188752,3h8v a1 i1,6h78 a7 i1,19,32,0.4167,0.4167,0.0
PDB-CPX-188752,3h8v a1 i1,6h78 a8 i1,19,35,0.3846,0.3846,0.0
PDB-CPX-188752,6h78 a1 i1,6h78 a2 i1,33,33,0.7368,0.8333,0.0965
PDB-CPX-188752,6h78 a1 i1,6h78 a3 i1,33,32,0.8056,0.7568,-0.0488
PDB-CPX-188752,6h78 a1 i1,6h78 a4 i1,33,33,0.7838,0.8857,0.1019
PDB-CPX-188752,6h78 a1 i1,6h78 a5 i1,33,29,0.7714,0.7222,-0.0492
PDB-CPX-188752,6h78 a1 i1,6h78 a6 i1,33,30,0.8,0.8529,0.0529
PDB-CPX-188752,6h78 a1 i1,6h78 a7 i1,33,32,0.7568,0.7568,0.0
PDB-CPX-188752,6h78 a1 i1,6h78 a8 i1,33,35,0.8378,0.7895,-0.0484
PDB-CPX-188752,6h78 a2 i1,6h78 a3 i1,33,32,0.7568,0.8571,0.1004
PDB-CPX-188752,6h78 a2 i1,6h78 a4 i1,33,33,0.8333,0.7838,-0.0495
PDB-CPX-188752,6h78 a2 i1,6h78 a5 i1,33,29,0.7714,0.7222,-0.0492
PDB-CPX-188752,6h78 a2 i1,6h78 a6 i1,33,30,0.8,0.8,0.0
PDB-CPX-188752,6h78 a2 i1,6h78 a7 i1,33,32,0.8571,0.8571,0.0
PDB-CPX-188752,6h78 a2 i1,6h78 a8 i1,33,35,0.7895,0.8889,0.0994
PDB-CPX-188752,6h78 a3 i1,6h78 a4 i1,32,33,0.8571,0.8056,-0.0516
PDB-CPX-188752,6h78 a3 i1,6h78 a5 i1,32,29,0.6944,0.7941,0.0997
PDB-CPX-188752,6h78 a3 i1,6h78 a6 i1,32,30,0.8235,0.7222,-0.1013
PDB-CPX-188752,6h78 a3 i1,6h78 a7 i1,32,32,0.7297,0.8824,0.1526
PDB-CPX-188752,6h78 a3 i1,6h78 a8 i1,32,35,0.8108,0.7632,-0.0477
PDB-CPX-188752,6h78 a4 i1,6h78 a5 i1,33,29,0.7714,0.7714,0.0
PDB-CPX-188752,6h78 a4 i1,6h78 a6 i1,33,30,0.8529,0.75,-0.1029
PDB-CPX-188752,6h78 a4 i1,6h78 a7 i1,33,32,0.8056,0.8571,0.0516
PDB-CPX-188752,6h78 a4 i1,6h78 a8 i1,33,35,0.8378,0.8378,0.0
PDB-CPX-188752,6h78 a5 i1,6h78 a6 i1,29,30,0.7879,0.7353,-0.0526
PDB-CPX-188752,6h78 a5 i1,6h78 a7 i1,29,32,0.7941,0.6944,-0.0997
PDB-CPX-188752,6h78 a5 i1,6h78 a8 i1,29,35,0.7297,0.7297,0.0
PDB-CPX-188752,6h78 a6 i1,6h78 a7 i1,30,32,0.7714,0.7714,0.0
PDB-CPX-188752,6h78 a6 i1,6h78 a8 i1,30,35,0.8056,0.7568,-0.0488
PDB-CPX-188752,6h78 a7 i1,6h78 a8 i1,32,35,0.8108,0.7632,-0.0477
PDB-CPX-127157,4e5k a1 i1,4e5k a2 i1,22,17,0.7727,0.7727,0.0
PDB-CPX-127157,4e5k a1 i1,4e5m a1 i1,22,24,0.6429,0.5862,-0.0567
PDB-CPX-127157,4e5k a1 i1,4e5n a1 i1,22,22,0.8333,0.76,-0.0733
PDB-CPX-127157,4e5k a1 i1,4e5n a2 i1,22,19,0.7826,0.7826,0.0
PDB-CPX-127157,4e5k a1 i1,4e5n a3 i1,22,18,0.8182,0.8182,0.0
PDB-CPX-127157,4e5k a1 i1,4e5n a4 i1,22,16,0.7273,0.7273,0.0
PDB-CPX-127157,4e5k a1 i1,4e5p a1 i1,22,22,0.6296,0.6923,0.0627
PDB-CPX-127157,4e5k a1 i1,4e5p a2 i1,22,23,0.6667,0.8,0.1333
PDB-CPX-127157,4e5k a1 i1,4e5p a3 i1,22,21,0.72,0.72,0.0
PDB-CPX-127157,4e5k a1 i1,4ebf a1 i1,22,21,0.6538,0.72,0.0662
PDB-CPX-127157,4e5k a1 i1,4ebf a2 i1,22,22,0.6296,0.6923,0.0627
PDB-CPX-127157,4e5k a1 i1,4ebf a3 i1,22,24,0.7692,0.7692,0.0
PDB-CPX-127157,4e5k a1 i1,4nu5 a1 i1,22,16,0.7273,0.7273,0.0
PDB-CPX-127157,4e5k a1 i1,4nu6 a1 i1,22,18,0.7391,0.7391,0.0
PDB-CPX-127157,4e5k a1 i1,9pr0 a1 i1,22,24,0.7037,0.7037,0.0
PDB-CPX-127157,4e5k a1 i1,9pr2 a1 i1,22,20,0.75,0.75,0.0
PDB-CPX-127157,4e5k a1 i1,9prv a1 i1,22,24,0.7037,0.7037,0.0
PDB-CPX-127157,4e5k a1 i1,9pu6 a1 i1,22,22,0.76,0.76,0.0
PDB-CPX-127157,4e5k a1 i1,9pu9 a1 i1,22,22,0.6296,0.6296,0.0
PDB-CPX-127157,4e5k a1 i1,9puc a1 i1,22,22,0.76,0.76,0.0
PDB-CPX-127157,4e5k a2 i1,4e5m a1 i1,17,24,0.5769,0.5769,0.0
PDB-CPX-127157,4e5k a2 i1,4e5n a1 i1,17,22,0.6957,0.7727,0.0771
PDB-CPX-127157,4e5k a2 i1,4e5n a2 i1,17,19,0.8,0.8,0.0
PDB-CPX-127157,4e5k a2 i1,4e5n a3 i1,17,18,0.9444,0.8421,-0.1023
PDB-CPX-127157,4e5k a2 i1,4e5n a4 i1,17,16,0.9412,0.9412,0.0
PDB-CPX-127157,4e5k a2 i1,4e5p a1 i1,17,22,0.6957,0.6957,0.0
PDB-CPX-127157,4e5k a2 i1,4e5p a2 i1,17,23,0.6667,0.6667,0.0
PDB-CPX-127157,4e5k a2 i1,4e5p a3 i1,17,21,0.7273,0.7273,0.0
PDB-CPX-127157,4e5k a2 i1,4ebf a1 i1,17,21,0.7273,0.7273,0.0
PDB-CPX-127157,4e5k a2 i1,4ebf a2 i1,17,22,0.6957,0.6957,0.0
PDB-CPX-127157,4e5k a2 i1,4ebf a3 i1,17,24,0.7083,0.7083,0.0
PDB-CPX-127157,4e5k a2 i1,4nu5 a1 i1,17,16,0.9412,0.9412,0.0
PDB-CPX-127157,4e5k a2 i1,4nu6 a1 i1,17,18,0.8421,0.8421,0.0
PDB-CPX-127157,4e5k a2 i1,9pr0 a1 i1,17,24,0.64,0.64,0.0
PDB-CPX-127157,4e5k a2 i1,9pr2 a1 i1,17,20,0.7619,0.7619,0.0
PDB-CPX-127157,4e5k a2 i1,9prv a1 i1,17,24,0.64,0.64,0.0
PDB-CPX-127157,4e5k a2 i1,9pu6 a1 i1,17,22,0.6957,0.6957,0.0
PDB-CPX-127157,4e5k a2 i1,9pu9 a1 i1,17,22,0.6957,0.6957,0.0
PDB-CPX-127157,4e5k a2 i1,9puc a1 i1,17,22,0.6957,0.6957,0.0
PDB-CPX-127157,4e5m a1 i1,4e5n a1 i1,24,22,0.7692,0.5862,-0.183
PDB-CPX-127157,4e5m a1 i1,4e5n a2 i1,24,19,0.72,0.72,0.0
PDB-CPX-127157,4e5m a1 i1,4e5n a3 i1,24,18,0.6154,0.6154,0.0
PDB-CPX-127157,4e5m a1 i1,4e5n a4 i1,24,16,0.6,0.6,0.0
PDB-CPX-127157,4e5m a1 i1,4e5p a1 i1,24,22,0.5333,0.7037,0.1704
PDB-CPX-127157,4e5m a1 i1,4e5p a2 i1,24,23,0.6207,0.6786,0.0579
PDB-CPX-127157,4e5m a1 i1,4e5p a3 i1,24,21,0.6071,0.6667,0.0595
PDB-CPX-127157,4e5m a1 i1,4ebf a1 i1,24,21,0.5517,0.6667,0.1149
PDB-CPX-127157,4e5m a1 i1,4ebf a2 i1,24,22,0.5333,0.6429,0.1095
PDB-CPX-127157,4e5m a1 i1,4ebf a3 i1,24,24,0.6,0.5484,-0.0516
PDB-CPX-127157,4e5m a1 i1,4nu5 a1 i1,24,16,0.6,0.6,0.0
PDB-CPX-127157,4e5m a1 i1,4nu6 a1 i1,24,18,0.6154,0.6154,0.0
PDB-CPX-127157,4e5m a1 i1,9pr0 a1 i1,24,24,0.6552,0.6552,0.0
PDB-CPX-127157,4e5m a1 i1,9pr2 a1 i1,24,20,0.6923,0.6923,0.0
PDB-CPX-127157,4e5m a1 i1,9prv a1 i1,24,24,0.6552,0.6552,0.0
PDB-CPX-127157,4e5m a1 i1,9pu6 a1 i1,24,22,0.7037,0.7037,0.0
PDB-CPX-127157,4e5m a1 i1,9pu9 a1 i1,24,22,0.5862,0.7692,0.183
PDB-CPX-127157,4e5m a1 i1,9puc a1 i1,24,22,0.7037,0.7037,0.0
PDB-CPX-127157,4e5n a1 i1,4e5n a2 i1,22,19,0.7826,0.7826,0.0
PDB-CPX-127157,4e5n a1 i1,4e5n a3 i1,22,18,0.7391,0.8182,0.0791
PDB-CPX-127157,4e5n a1 i1,4e5n a4 i1,22,16,0.7273,0.7273,0.0
PDB-CPX-127157,4e5n a1 i1,4e5p a1 i1,22,22,0.6296,0.8333,0.2037
PDB-CPX-127157,4e5n a1 i1,4e5p a2 i1,22,23,0.7308,0.8,0.0692
PDB-CPX-127157,4e5n a1 i1,4e5p a3 i1,22,21,0.72,0.7917,0.0717
PDB-CPX-127157,4e5n a1 i1,4ebf a1 i1,22,21,0.6538,0.7917,0.1378
PDB-CPX-127157,4e5n a1 i1,4ebf a2 i1,22,22,0.6296,0.76,0.1304
PDB-CPX-127157,4e5n a1 i1,4ebf a3 i1,22,24,0.7692,0.7037,-0.0655
PDB-CPX-127157,4e5n a1 i1,4nu5 a1 i1,22,16,0.7273,0.7273,0.0
PDB-CPX-127157,4e5n a1 i1,4nu6 a1 i1,22,18,0.7391,0.7391,0.0
PDB-CPX-127157,4e5n a1 i1,9pr0 a1 i1,22,24,0.7692,0.7692,0.0
PDB-CPX-127157,4e5n a1 i1,9pr2 a1 i1,22,20,0.8261,0.8261,0.0
PDB-CPX-127157,4e5n a1 i1,9prv a1 i1,22,24,0.7692,0.7692,0.0
PDB-CPX-127157,4e5n a1 i1,9pu6 a1 i1,22,22,0.8333,0.8333,0.0
PDB-CPX-127157,4e5n a1 i1,9pu9 a1 i1,22,22,0.6296,0.76,0.1304
PDB-CPX-127157,4e5n a1 i1,9puc a1 i1,22,22,0.8333,0.8333,0.0
PDB-CPX-127157,4e5n a2 i1,4e5n a3 i1,19,18,0.85,0.85,0.0
PDB-CPX-127157,4e5n a2 i1,4e5n a4 i1,19,16,0.8421,0.8421,0.0
PDB-CPX-127157,4e5n a2 i1,4e5p a1 i1,19,22,0.7083,0.7083,0.0
PDB-CPX-127157,4e5n a2 i1,4e5p a2 i1,19,23,0.75,0.75,0.0
PDB-CPX-127157,4e5n a2 i1,4e5p a3 i1,19,21,0.7391,0.7391,0.0
PDB-CPX-127157,4e5n a2 i1,4ebf a1 i1,19,21,0.7391,0.7391,0.0
PDB-CPX-127157,4e5n a2 i1,4ebf a2 i1,19,22,0.7083,0.7083,0.0
PDB-CPX-127157,4e5n a2 i1,4ebf a3 i1,19,24,0.72,0.72,0.0
PDB-CPX-127157,4e5n a2 i1,4nu5 a1 i1,19,16,0.8421,0.8421,0.0
PDB-CPX-127157,4e5n a2 i1,4nu6 a1 i1,19,18,0.85,0.85,0.0
PDB-CPX-127157,4e5n a2 i1,9pr0 a1 i1,19,24,0.72,0.72,0.0
PDB-CPX-127157,4e5n a2 i1,9pr2 a1 i1,19,20,0.8571,0.8571,0.0
PDB-CPX-127157,4e5n a2 i1,9prv a1 i1,19,24,0.72,0.72,0.0
PDB-CPX-127157,4e5n a2 i1,9pu6 a1 i1,19,22,0.7826,0.7826,0.0
PDB-CPX-127157,4e5n a2 i1,9pu9 a1 i1,19,22,0.7826,0.7083,-0.0743
PDB-CPX-127157,4e5n a2 i1,9puc a1 i1,19,22,0.7826,0.7826,0.0
PDB-CPX-127157,4e5n a3 i1,4e5n a4 i1,18,16,0.8889,0.8889,0.0
PDB-CPX-127157,4e5n a3 i1,4e5p a1 i1,18,22,0.7391,0.6667,-0.0725
PDB-CPX-127157,4e5n a3 i1,4e5p a2 i1,18,23,0.7083,0.7083,0.0
PDB-CPX-127157,4e5n a3 i1,4e5p a3 i1,18,21,0.7727,0.6957,-0.0771
PDB-CPX-127157,4e5n a3 i1,4ebf a1 i1,18,21,0.7727,0.6957,-0.0771
PDB-CPX-127157,4e5n a3 i1,4ebf a2 i1,18,22,0.7391,0.6667,-0.0725
PDB-CPX-127157,4e5n a3 i1,4ebf a3 i1,18,24,0.75,0.75,0.0
PDB-CPX-127157,4e5n a3 i1,4nu5 a1 i1,18,16,0.8889,0.8889,0.0
PDB-CPX-127157,4e5n a3 i1,4nu6 a1 i1,18,18,0.8,0.8947,0.0947
PDB-CPX-127157,4e5n a3 i1,9pr0 a1 i1,18,24,0.68,0.68,0.0
PDB-CPX-127157,4e5n a3 i1,9pr2 a1 i1,18,20,0.8095,0.8095,0.0
PDB-CPX-127157,4e5n a3 i1,9prv a1 i1,18,24,0.68,0.68,0.0
PDB-CPX-127157,4e5n a3 i1,9pu6 a1 i1,18,22,0.7391,0.7391,0.0
PDB-CPX-127157,4e5n a3 i1,9pu9 a1 i1,18,22,0.7391,0.6667,-0.0725
PDB-CPX-127157,4e5n a3 i1,9puc a1 i1,18,22,0.7391,0.7391,0.0
PDB-CPX-127157,4e5n a4 i1,4e5p a1 i1,16,22,0.7273,0.7273,0.0
PDB-CPX-127157,4e5n a4 i1,4e5p a2 i1,16,23,0.6957,0.6957,0.0
PDB-CPX-127157,4e5n a4 i1,4e5p a3 i1,16,21,0.7619,0.7619,0.0
PDB-CPX-127157,4e5n a4 i1,4ebf a1 i1,16,21,0.7619,0.7619,0.0
PDB-CPX-127157,4e5n a4 i1,4ebf a2 i1,16,22,0.7273,0.7273,0.0
PDB-CPX-127157,4e5n a4 i1,4ebf a3 i1,16,24,0.6667,0.6667,0.0
PDB-CPX-127157,4e5n a4 i1,4nu5 a1 i1,16,16,1.0,1.0,0.0
PDB-CPX-127157,4e5n a4 i1,4nu6 a1 i1,16,18,0.8889,0.8889,0.0
PDB-CPX-127157,4e5n a4 i1,9pr0 a1 i1,16,24,0.6667,0.6667,0.0
PDB-CPX-127157,4e5n a4 i1,9pr2 a1 i1,16,20,0.8,0.8,0.0
PDB-CPX-127157,4e5n a4 i1,9prv a1 i1,16,24,0.6667,0.6667,0.0
PDB-CPX-127157,4e5n a4 i1,9pu6 a1 i1,16,22,0.7273,0.7273,0.0
PDB-CPX-127157,4e5n a4 i1,9pu9 a1 i1,16,22,0.7273,0.7273,0.0
PDB-CPX-127157,4e5n a4 i1,9puc a1 i1,16,22,0.7273,0.7273,0.0
PDB-CPX-127157,4e5p a1 i1,4e5p a2 i1,22,23,0.7308,0.6667,-0.0641
PDB-CPX-127157,4e5p a1 i1,4e5p a3 i1,22,21,0.7917,0.6538,-0.1378
PDB-CPX-127157,4e5p a1 i1,4ebf a1 i1,22,21,0.7917,0.5926,-0.1991
PDB-CPX-127157,4e5p a1 i1,4ebf a2 i1,22,22,0.76,0.5714,-0.1886
PDB-CPX-127157,4e5p a1 i1,4ebf a3 i1,22,24,0.6429,0.7037,0.0608
PDB-CPX-127157,4e5p a1 i1,4nu5 a1 i1,22,16,0.7273,0.7273,0.0
PDB-CPX-127157,4e5p a1 i1,4nu6 a1 i1,22,18,0.6667,0.7391,0.0725
PDB-CPX-127157,4e5p a1 i1,9pr0 a1 i1,22,24,0.7037,0.7037,0.0
PDB-CPX-127157,4e5p a1 i1,9pr2 a1 i1,22,20,0.75,0.75,0.0
PDB-CPX-127157,4e5p a1 i1,9prv a1 i1,22,24,0.7037,0.7037,0.0
PDB-CPX-127157,4e5p a1 i1,9pu6 a1 i1,22,22,0.76,0.76,0.0
PDB-CPX-127157,4e5p a1 i1,9pu9 a1 i1,22,22,0.76,0.5714,-0.1886
PDB-CPX-127157,4e5p a1 i1,9puc a1 i1,22,22,0.76,0.76,0.0
PDB-CPX-127157,4e5p a2 i1,4e5p a3 i1,23,21,0.76,0.6923,-0.0677
PDB-CPX-127157,4e5p a2 i1,4ebf a1 i1,23,21,0.76,0.6296,-0.1304
PDB-CPX-127157,4e5p a2 i1,4ebf a2 i1,23,22,0.7308,0.6071,-0.1236
PDB-CPX-127157,4e5p a2 i1,4ebf a3 i1,23,24,0.6207,0.6786,0.0579
PDB-CPX-127157,4e5p a2 i1,4nu5 a1 i1,23,16,0.6957,0.6957,0.0
PDB-CPX-127157,4e5p a2 i1,4nu6 a1 i1,23,18,0.7083,0.7083,0.0
PDB-CPX-127157,4e5p a2 i1,9pr0 a1 i1,23,24,0.7407,0.7407,0.0
PDB-CPX-127157,4e5p a2 i1,9pr2 a1 i1,23,20,0.7917,0.7917,0.0
PDB-CPX-127157,4e5p a2 i1,9prv a1 i1,23,24,0.7407,0.7407,0.0
PDB-CPX-127157,4e5p a2 i1,9pu6 a1 i1,23,22,0.8,0.8,0.0
PDB-CPX-127157,4e5p a2 i1,9pu9 a1 i1,23,22,0.6667,0.6667,0.0
PDB-CPX-127157,4e5p a2 i1,9puc a1 i1,23,22,0.8,0.8,0.0
PDB-CPX-127157,4e5p a3 i1,4ebf a1 i1,21,21,0.9091,0.68,-0.2291
PDB-CPX-127157,4e5p a3 i1,4ebf a2 i1,21,22,0.8696,0.6538,-0.2157
PDB-CPX-127157,4e5p a3 i1,4ebf a3 i1,21,24,0.6071,0.7308,0.1236
PDB-CPX-127157,4e5p a3 i1,4nu5 a1 i1,21,16,0.7619,0.7619,0.0
PDB-CPX-127157,4e5p a3 i1,4nu6 a1 i1,21,18,0.6957,0.7727,0.0771
PDB-CPX-127157,4e5p a3 i1,9pr0 a1 i1,21,24,0.8,0.8,0.0
PDB-CPX-127157,4e5p a3 i1,9pr2 a1 i1,21,20,0.7826,0.7826,0.0
PDB-CPX-127157,4e5p a3 i1,9prv a1 i1,21,24,0.8,0.8,0.0
PDB-CPX-127157,4e5p a3 i1,9pu6 a1 i1,21,22,0.8696,0.8696,0.0
PDB-CPX-127157,4e5p a3 i1,9pu9 a1 i1,21,22,0.72,0.5926,-0.1274
PDB-CPX-127157,4e5p a3 i1,9puc a1 i1,21,22,0.8696,0.8696,0.0
PDB-CPX-127157,4ebf a1 i1,4ebf a2 i1,21,22,0.8696,0.5926,-0.277
PDB-CPX-127157,4ebf a1 i1,4ebf a3 i1,21,24,0.6071,0.7308,0.1236
PDB-CPX-127157,4ebf a1 i1,4nu5 a1 i1,21,16,0.7619,0.7619,0.0
PDB-CPX-127157,4ebf a1 i1,4nu6 a1 i1,21,18,0.6957,0.8571,0.1615
PDB-CPX-127157,4ebf a1 i1,9pr0 a1 i1,21,24,0.7308,0.7308,0.0
PDB-CPX-127157,4ebf a1 i1,9pr2 a1 i1,21,20,0.7826,0.7826,0.0
PDB-CPX-127157,4ebf a1 i1,9prv a1 i1,21,24,0.7308,0.7308,0.0
PDB-CPX-127157,4ebf a1 i1,9pu6 a1 i1,21,22,0.7917,0.7917,0.0
PDB-CPX-127157,4ebf a1 i1,9pu9 a1 i1,21,22,0.72,0.5926,-0.1274
PDB-CPX-127157,4ebf a1 i1,9puc a1 i1,21,22,0.7917,0.7917,0.0
PDB-CPX-127157,4ebf a2 i1,4ebf a3 i1,22,24,0.5862,0.7037,0.1175
PDB-CPX-127157,4ebf a2 i1,4nu5 a1 i1,22,16,0.7273,0.7273,0.0
PDB-CPX-127157,4ebf a2 i1,4nu6 a1 i1,22,18,0.6667,0.7391,0.0725
PDB-CPX-127157,4ebf a2 i1,9pr0 a1 i1,22,24,0.7692,0.7692,0.0
PDB-CPX-127157,4ebf a2 i1,9pr2 a1 i1,22,20,0.75,0.75,0.0
PDB-CPX-127157,4ebf a2 i1,9prv a1 i1,22,24,0.7692,0.7692,0.0
PDB-CPX-127157,4ebf a2 i1,9pu6 a1 i1,22,22,0.76,0.76,0.0
PDB-CPX-127157,4ebf a2 i1,9pu9 a1 i1,22,22,0.76,0.5714,-0.1886
PDB-CPX-127157,4ebf a2 i1,9puc a1 i1,22,22,0.76,0.76,0.0
PDB-CPX-127157,4ebf a3 i1,4nu5 a1 i1,24,16,0.6667,0.6667,0.0
PDB-CPX-127157,4ebf a3 i1,4nu6 a1 i1,24,18,0.68,0.68,0.0
PDB-CPX-127157,4ebf a3 i1,9pr0 a1 i1,24,24,0.6552,0.6552,0.0
PDB-CPX-127157,4ebf a3 i1,9pr2 a1 i1,24,20,0.76,0.76,0.0
PDB-CPX-127157,4ebf a3 i1,9prv a1 i1,24,24,0.6552,0.6552,0.0
PDB-CPX-127157,4ebf a3 i1,9pu6 a1 i1,24,22,0.7037,0.7037,0.0
PDB-CPX-127157,4ebf a3 i1,9pu9 a1 i1,24,22,0.5862,0.6429,0.0567
PDB-CPX-127157,4ebf a3 i1,9puc a1 i1,24,22,0.7037,0.7037,0.0
PDB-CPX-127157,4nu5 a1 i1,4nu6 a1 i1,16,18,0.8889,0.8889,0.0
PDB-CPX-127157,4nu5 a1 i1,9pr0 a1 i1,16,24,0.6667,0.6667,0.0
PDB-CPX-127157,4nu5 a1 i1,9pr2 a1 i1,16,20,0.8,0.8,0.0
PDB-CPX-127157,4nu5 a1 i1,9prv a1 i1,16,24,0.6667,0.6667,0.0
PDB-CPX-127157,4nu5 a1 i1,9pu6 a1 i1,16,22,0.7273,0.7273,0.0
PDB-CPX-127157,4nu5 a1 i1,9pu9 a1 i1,16,22,0.7273,0.7273,0.0
PDB-CPX-127157,4nu5 a1 i1,9puc a1 i1,16,22,0.7273,0.7273,0.0
PDB-CPX-127157,4nu6 a1 i1,9pr0 a1 i1,18,24,0.68,0.68,0.0
PDB-CPX-127157,4nu6 a1 i1,9pr2 a1 i1,18,20,0.8095,0.8095,0.0
PDB-CPX-127157,4nu6 a1 i1,9prv a1 i1,18,24,0.68,0.68,0.0
PDB-CPX-127157,4nu6 a1 i1,9pu6 a1 i1,18,22,0.7391,0.7391,0.0
PDB-CPX-127157,4nu6 a1 i1,9pu9 a1 i1,18,22,0.6667,0.7391,0.0725
PDB-CPX-127157,4nu6 a1 i1,9puc a1 i1,18,22,0.7391,0.7391,0.0
PDB-CPX-127157,9pr0 a1 i1,9pr2 a1 i1,24,20,0.8333,0.8333,0.0
PDB-CPX-127157,9pr0 a1 i1,9prv a1 i1,24,24,1.0,1.0,0.0
PDB-CPX-127157,9pr0 a1 i1,9pu6 a1 i1,24,22,0.9167,0.9167,0.0
PDB-CPX-127157,9pr0 a1 i1,9pu9 a1 i1,24,22,0.7037,0.7037,0.0
PDB-CPX-127157,9pr0 a1 i1,9puc a1 i1,24,22,0.9167,0.9167,0.0
PDB-CPX-127157,9pr2 a1 i1,9prv a1 i1,20,24,0.8333,0.8333,0.0
PDB-CPX-127157,9pr2 a1 i1,9pu6 a1 i1,20,22,0.9091,0.9091,0.0
PDB-CPX-127157,9pr2 a1 i1,9pu9 a1 i1,20,22,0.75,0.75,0.0
PDB-CPX-127157,9pr2 a1 i1,9puc a1 i1,20,22,0.9091,0.9091,0.0
PDB-CPX-127157,9prv a1 i1,9pu6 a1 i1,24,22,0.9167,0.9167,0.0
PDB-CPX-127157,9prv a1 i1,9pu9 a1 i1,24,22,0.7037,0.7037,0.0
PDB-CPX-127157,9prv a1 i1,9puc a1 i1,24,22,0.9167,0.9167,0.0
PDB-CPX-127157,9pu6 a1 i1,9pu9 a1 i1,22,22,0.6923,0.6923,0.0
PDB-CPX-127157,9pu6 a1 i1,9puc a1 i1,22,22,1.0,1.0,0.0
PDB-CPX-127157,9pu9 a1 i1,9puc a1 i1,22,22,0.6923,0.6923,0.0
PDB-CPX-118634,5vlg a1 i1,5vlg a2 i1,1,2,0.0,0.0,0.0
PDB-CPX-118634,5vlg a1 i1,5vlg a3 i1,1,1,0.0,0.0,0.0
PDB-CPX-118634,5vlg a1 i1,5vlg a4 i1,1,1,0.0,0.0,0.0
PDB-CPX-118634,5vlg a1 i1,5vlm a1 i1,1,2,0.0,0.0,0.0
PDB-CPX-118634,5vlg a1 i1,5vlm a2 i1,1,3,0.3333,0.0,-0.3333
PDB-CPX-118634,5vlg a1 i1,5vlm a3 i1,1,1,0.0,0.0,0.0
PDB-CPX-118634,5vlg a1 i1,5vlm a4 i1,1,3,0.0,0.0,0.0
PDB-CPX-118634,5vlg a2 i1,5vlg a3 i1,2,1,0.0,0.0,0.0
PDB-CPX-118634,5vlg a2 i1,5vlg a4 i1,2,1,0.0,0.0,0.0
PDB-CPX-118634,5vlg a2 i1,5vlm a1 i1,2,2,0.3333,0.3333,0.0
PDB-CPX-118634,5vlg a2 i1,5vlm a2 i1,2,3,0.25,0.25,0.0
PDB-CPX-118634,5vlg a2 i1,5vlm a3 i1,2,1,0.0,0.0,0.0
PDB-CPX-118634,5vlg a2 i1,5vlm a4 i1,2,3,0.25,0.25,0.0
PDB-CPX-118634,5vlg a3 i1,5vlg a4 i1,1,1,0.0,1.0,1.0
PDB-CPX-118634,5vlg a3 i1,5vlm a1 i1,1,2,0.5,0.0,-0.5
PDB-CPX-118634,5vlg a3 i1,5vlm a2 i1,1,3,0.0,0.3333,0.3333
PDB-CPX-118634,5vlg a3 i1,5vlm a3 i1,1,1,1.0,0.0,-1.0
PDB-CPX-118634,5vlg a3 i1,5vlm a4 i1,1,3,0.3333,0.3333,0.0
PDB-CPX-118634,5vlg a4 i1,5vlm a1 i1,1,2,0.0,0.5,0.5
PDB-CPX-118634,5vlg a4 i1,5vlm a2 i1,1,3,0.3333,0.0,-0.3333
PDB-CPX-118634,5vlg a4 i1,5vlm a3 i1,1,1,0.0,1.0,1.0
PDB-CPX-118634,5vlg a4 i1,5vlm a4 i1,1,3,0.3333,0.3333,0.0
PDB-CPX-118634,5vlm a1 i1,5vlm a2 i1,2,3,0.25,0.25,0.0
PDB-CPX-118634,5vlm a1 i1,5vlm a3 i1,2,1,0.5,0.0,-0.5
PDB-CPX-118634,5vlm a1 i1,5vlm a4 i1,2,3,0.6667,0.25,-0.4167
PDB-CPX-118634,5vlm a2 i1,5vlm a3 i1,3,1,0.0,0.3333,0.3333
PDB-CPX-118634,5vlm a2 i1,5vlm a4 i1,3,3,0.5,0.2,-0.3
PDB-CPX-118634,5vlm a3 i1,5vlm a4 i1,1,3,0.3333,0.3333,0.0
PDB-CPX-172325,2h50 a1 i1,2h50 a10 i1,26,26,1.0,0.625,-0.375
PDB-CPX-172325,2h50 a1 i1,2h50 a11 i1,26,26,1.0,0.625,-0.375
PDB-CPX-172325,2h50 a1 i1,2h50 a12 i1,26,26,1.0,0.625,-0.375
PDB-CPX-172325,2h50 a1 i1,2h50 a2 i1,26,26,1.0,0.625,-0.375
PDB-CPX-172325,2h50 a1 i1,2h50 a3 i1,26,26,1.0,0.625,-0.375
PDB-CPX-172325,2h50 a1 i1,2h50 a4 i1,26,26,1.0,0.625,-0.375
PDB-CPX-172325,2h50 a1 i1,2h50 a5 i1,26,26,1.0,0.625,-0.375
PDB-CPX-172325,2h50 a1 i1,2h50 a6 i1,26,26,1.0,0.625,-0.375
PDB-CPX-172325,2h50 a1 i1,2h50 a7 i1,26,26,1.0,0.625,-0.375
PDB-CPX-172325,2h50 a1 i1,2h50 a8 i1,26,26,1.0,0.625,-0.375
PDB-CPX-172325,2h50 a1 i1,2h50 a9 i1,26,26,1.0,0.625,-0.375
PDB-CPX-172325,2h50 a1 i1,2h53 a1 i1,26,26,1.0,0.625,-0.375
PDB-CPX-172325,2h50 a1 i1,2h53 a10 i1,26,26,1.0,0.625,-0.375
PDB-CPX-172325,2h50 a1 i1,2h53 a11 i1,26,26,1.0,0.625,-0.375
PDB-CPX-172325,2h50 a1 i1,2h53 a12 i1,26,26,1.0,0.625,-0.375
PDB-CPX-172325,2h50 a1 i1,2h53 a2 i1,26,26,1.0,0.625,-0.375
PDB-CPX-172325,2h50 a1 i1,2h53 a3 i1,26,26,1.0,0.625,-0.375
PDB-CPX-172325,2h50 a1 i1,2h53 a4 i1,26,26,1.0,0.625,-0.375
PDB-CPX-172325,2h50 a1 i1,2h53 a5 i1,26,26,1.0,0.625,-0.375
PDB-CPX-172325,2h50 a1 i1,2h53 a6 i1,26,26,1.0,0.625,-0.375
PDB-CPX-172325,2h50 a1 i1,2h53 a7 i1,26,26,1.0,0.625,-0.375
PDB-CPX-172325,2h50 a1 i1,2h53 a8 i1,26,26,1.0,0.625,-0.375
PDB-CPX-172325,2h50 a1 i1,2h53 a9 i1,26,26,1.0,0.625,-0.375
PDB-CPX-172325,2h50 a10 i1,2h50 a11 i1,26,26,1.0,0.625,-0.375
PDB-CPX-172325,2h50 a10 i1,2h50 a12 i1,26,26,1.0,0.625,-0.375
PDB-CPX-172325,2h50 a10 i1,2h50 a2 i1,26,26,1.0,0.625,-0.375
PDB-CPX-172325,2h50 a10 i1,2h50 a3 i1,26,26,1.0,0.625,-0.375
PDB-CPX-172325,2h50 a10 i1,2h50 a4 i1,26,26,1.0,0.625,-0.375
PDB-CPX-172325,2h50 a10 i1,2h50 a5 i1,26,26,1.0,0.625,-0.375
PDB-CPX-172325,2h50 a10 i1,2h50 a6 i1,26,26,1.0,0.625,-0.375
PDB-CPX-172325,2h50 a10 i1,2h50 a7 i1,26,26,1.0,0.625,-0.375
PDB-CPX-172325,2h50 a10 i1,2h50 a8 i1,26,26,1.0,0.625,-0.375
PDB-CPX-172325,2h50 a10 i1,2h50 a9 i1,26,26,1.0,0.625,-0.375
PDB-CPX-172325,2h50 a10 i1,2h53 a1 i1,26,26,1.0,0.625,-0.375
PDB-CPX-172325,2h50 a10 i1,2h53 a10 i1,26,26,1.0,0.625,-0.375
PDB-CPX-172325,2h50 a10 i1,2h53 a11 i1,26,26,1.0,0.625,-0.375
PDB-CPX-172325,2h50 a10 i1,2h53 a12 i1,26,26,1.0,0.625,-0.375
PDB-CPX-172325,2h50 a10 i1,2h53 a2 i1,26,26,1.0,0.625,-0.375
PDB-CPX-172325,2h50 a10 i1,2h53 a3 i1,26,26,1.0,0.625,-0.375
PDB-CPX-172325,2h50 a10 i1,2h53 a4 i1,26,26,1.0,0.625,-0.375
PDB-CPX-172325,2h50 a10 i1,2h53 a5 i1,26,26,1.0,0.625,-0.375
PDB-CPX-172325,2h50 a10 i1,2h53 a6 i1,26,26,1.0,0.625,-0.375
PDB-CPX-172325,2h50 a10 i1,2h53 a7 i1,26,26,1.0,0.625,-0.375
PDB-CPX-172325,2h50 a10 i1,2h53 a8 i1,26,26,1.0,0.625,-0.375
PDB-CPX-172325,2h50 a10 i1,2h53 a9 i1,26,26,1.0,0.625,-0.375
PDB-CPX-172325,2h50 a11 i1,2h50 a12 i1,26,26,1.0,0.625,-0.375
PDB-CPX-172325,2h50 a11 i1,2h50 a2 i1,26,26,1.0,0.625,-0.375
PDB-CPX-172325,2h50 a11 i1,2h50 a3 i1,26,26,1.0,0.625,-0.375
PDB-CPX-172325,2h50 a11 i1,2h50 a4 i1,26,26,1.0,0.625,-0.375
PDB-CPX-172325,2h50 a11 i1,2h50 a5 i1,26,26,1.0,0.625,-0.375
PDB-CPX-172325,2h50 a11 i1,2h50 a6 i1,26,26,1.0,0.625,-0.375
PDB-CPX-172325,2h50 a11 i1,2h50 a7 i1,26,26,1.0,0.625,-0.375
PDB-CPX-172325,2h50 a11 i1,2h50 a8 i1,26,26,1.0,0.625,-0.375
PDB-CPX-172325,2h50 a11 i1,2h50 a9 i1,26,26,1.0,0.625,-0.375
PDB-CPX-172325,2h50 a11 i1,2h53 a1 i1,26,26,1.0,0.625,-0.375
PDB-CPX-172325,2h50 a11 i1,2h53 a10 i1,26,26,1.0,0.625,-0.375
PDB-CPX-172325,2h50 a11 i1,2h53 a11 i1,26,26,1.0,0.625,-0.375
PDB-CPX-172325,2h50 a11 i1,2h53 a12 i1,26,26,1.0,0.625,-0.375
PDB-CPX-172325,2h50 a11 i1,2h53 a2 i1,26,26,1.0,0.625,-0.375
PDB-CPX-172325,2h50 a11 i1,2h53 a3 i1,26,26,1.0,0.625,-0.375
PDB-CPX-172325,2h50 a11 i1,2h53 a4 i1,26,26,1.0,0.625,-0.375
PDB-CPX-172325,2h50 a11 i1,2h53 a5 i1,26,26,1.0,0.625,-0.375
PDB-CPX-172325,2h50 a11 i1,2h53 a6 i1,26,26,1.0,0.625,-0.375
PDB-CPX-172325,2h50 a11 i1,2h53 a7 i1,26,26,1.0,0.625,-0.375
PDB-CPX-172325,2h50 a11 i1,2h53 a8 i1,26,26,1.0,0.625,-0.375
PDB-CPX-172325,2h50 a11 i1,2h53 a9 i1,26,26,1.0,0.625,-0.375
PDB-CPX-172325,2h50 a12 i1,2h50 a2 i1,26,26,1.0,0.625,-0.375
PDB-CPX-172325,2h50 a12 i1,2h50 a3 i1,26,26,1.0,0.625,-0.375
PDB-CPX-172325,2h50 a12 i1,2h50 a4 i1,26,26,1.0,0.625,-0.375
PDB-CPX-172325,2h50 a12 i1,2h50 a5 i1,26,26,1.0,0.625,-0.375
PDB-CPX-172325,2h50 a12 i1,2h50 a6 i1,26,26,1.0,0.625,-0.375
PDB-CPX-172325,2h50 a12 i1,2h50 a7 i1,26,26,1.0,0.625,-0.375
PDB-CPX-172325,2h50 a12 i1,2h50 a8 i1,26,26,1.0,0.625,-0.375
PDB-CPX-172325,2h50 a12 i1,2h50 a9 i1,26,26,1.0,0.625,-0.375
PDB-CPX-172325,2h50 a12 i1,2h53 a1 i1,26,26,1.0,0.625,-0.375
PDB-CPX-172325,2h50 a12 i1,2h53 a10 i1,26,26,1.0,0.625,-0.375
PDB-CPX-172325,2h50 a12 i1,2h53 a11 i1,26,26,1.0,0.625,-0.375
PDB-CPX-172325,2h50 a12 i1,2h53 a12 i1,26,26,1.0,0.625,-0.375
PDB-CPX-172325,2h50 a12 i1,2h53 a2 i1,26,26,1.0,0.625,-0.375
PDB-CPX-172325,2h50 a12 i1,2h53 a3 i1,26,26,1.0,0.625,-0.375
PDB-CPX-172325,2h50 a12 i1,2h53 a4 i1,26,26,1.0,0.625,-0.375
PDB-CPX-172325,2h50 a12 i1,2h53 a5 i1,26,26,1.0,0.625,-0.375
PDB-CPX-172325,2h50 a12 i1,2h53 a6 i1,26,26,1.0,0.625,-0.375
PDB-CPX-172325,2h50 a12 i1,2h53 a7 i1,26,26,1.0,0.625,-0.375
PDB-CPX-172325,2h50 a12 i1,2h53 a8 i1,26,26,1.0,0.625,-0.375
PDB-CPX-172325,2h50 a12 i1,2h53 a9 i1,26,26,1.0,0.625,-0.375
PDB-CPX-172325,2h50 a2 i1,2h50 a3 i1,26,26,1.0,0.625,-0.375
PDB-CPX-172325,2h50 a2 i1,2h50 a4 i1,26,26,1.0,0.625,-0.375
PDB-CPX-172325,2h50 a2 i1,2h50 a5 i1,26,26,1.0,0.625,-0.375
PDB-CPX-172325,2h50 a2 i1,2h50 a6 i1,26,26,1.0,0.625,-0.375
PDB-CPX-172325,2h50 a2 i1,2h50 a7 i1,26,26,1.0,0.625,-0.375
PDB-CPX-172325,2h50 a2 i1,2h50 a8 i1,26,26,1.0,0.625,-0.375
PDB-CPX-172325,2h50 a2 i1,2h50 a9 i1,26,26,1.0,0.625,-0.375
PDB-CPX-172325,2h50 a2 i1,2h53 a1 i1,26,26,1.0,0.625,-0.375
PDB-CPX-172325,2h50 a2 i1,2h53 a10 i1,26,26,1.0,0.625,-0.375
PDB-CPX-172325,2h50 a2 i1,2h53 a11 i1,26,26,1.0,0.625,-0.375
PDB-CPX-172325,2h50 a2 i1,2h53 a12 i1,26,26,1.0,0.625,-0.375
PDB-CPX-172325,2h50 a2 i1,2h53 a2 i1,26,26,1.0,0.625,-0.375
PDB-CPX-172325,2h50 a2 i1,2h53 a3 i1,26,26,1.0,0.625,-0.375
PDB-CPX-172325,2h50 a2 i1,2h53 a4 i1,26,26,1.0,0.625,-0.375
PDB-CPX-172325,2h50 a2 i1,2h53 a5 i1,26,26,1.0,0.625,-0.375
PDB-CPX-172325,2h50 a2 i1,2h53 a6 i1,26,26,1.0,0.625,-0.375
PDB-CPX-172325,2h50 a2 i1,2h53 a7 i1,26,26,1.0,0.625,-0.375
PDB-CPX-172325,2h50 a2 i1,2h53 a8 i1,26,26,1.0,0.625,-0.375
PDB-CPX-172325,2h50 a2 i1,2h53 a9 i1,26,26,1.0,0.625,-0.375
PDB-CPX-172325,2h50 a3 i1,2h50 a4 i1,26,26,1.0,0.625,-0.375
PDB-CPX-172325,2h50 a3 i1,2h50 a5 i1,26,26,1.0,0.625,-0.375
PDB-CPX-172325,2h50 a3 i1,2h50 a6 i1,26,26,1.0,0.625,-0.375
PDB-CPX-172325,2h50 a3 i1,2h50 a7 i1,26,26,1.0,0.625,-0.375
PDB-CPX-172325,2h50 a3 i1,2h50 a8 i1,26,26,1.0,0.625,-0.375
PDB-CPX-172325,2h50 a3 i1,2h50 a9 i1,26,26,1.0,0.625,-0.375
PDB-CPX-172325,2h50 a3 i1,2h53 a1 i1,26,26,1.0,0.625,-0.375
PDB-CPX-172325,2h50 a3 i1,2h53 a10 i1,26,26,1.0,0.625,-0.375
PDB-CPX-172325,2h50 a3 i1,2h53 a11 i1,26,26,1.0,0.625,-0.375
PDB-CPX-172325,2h50 a3 i1,2h53 a12 i1,26,26,1.0,0.625,-0.375
PDB-CPX-172325,2h50 a3 i1,2h53 a2 i1,26,26,1.0,0.625,-0.375
PDB-CPX-172325,2h50 a3 i1,2h53 a3 i1,26,26,1.0,0.625,-0.375
PDB-CPX-172325,2h50 a3 i1,2h53 a4 i1,26,26,1.0,0.625,-0.375
PDB-CPX-172325,2h50 a3 i1,2h53 a5 i1,26,26,1.0,0.625,-0.375
PDB-CPX-172325,2h50 a3 i1,2h53 a6 i1,26,26,1.0,0.625,-0.375
PDB-CPX-172325,2h50 a3 i1,2h53 a7 i1,26,26,1.0,0.625,-0.375
PDB-CPX-172325,2h50 a3 i1,2h53 a8 i1,26,26,1.0,0.625,-0.375
PDB-CPX-172325,2h50 a3 i1,2h53 a9 i1,26,26,1.0,0.625,-0.375
PDB-CPX-172325,2h50 a4 i1,2h50 a5 i1,26,26,1.0,0.625,-0.375
PDB-CPX-172325,2h50 a4 i1,2h50 a6 i1,26,26,1.0,0.625,-0.375
PDB-CPX-172325,2h50 a4 i1,2h50 a7 i1,26,26,1.0,0.625,-0.375
PDB-CPX-172325,2h50 a4 i1,2h50 a8 i1,26,26,1.0,0.625,-0.375
PDB-CPX-172325,2h50 a4 i1,2h50 a9 i1,26,26,1.0,0.625,-0.375
PDB-CPX-172325,2h50 a4 i1,2h53 a1 i1,26,26,1.0,0.625,-0.375
PDB-CPX-172325,2h50 a4 i1,2h53 a10 i1,26,26,1.0,0.625,-0.375
PDB-CPX-172325,2h50 a4 i1,2h53 a11 i1,26,26,1.0,0.625,-0.375
PDB-CPX-172325,2h50 a4 i1,2h53 a12 i1,26,26,1.0,0.625,-0.375
PDB-CPX-172325,2h50 a4 i1,2h53 a2 i1,26,26,1.0,0.625,-0.375
PDB-CPX-172325,2h50 a4 i1,2h53 a3 i1,26,26,1.0,0.625,-0.375
PDB-CPX-172325,2h50 a4 i1,2h53 a4 i1,26,26,1.0,0.625,-0.375
PDB-CPX-172325,2h50 a4 i1,2h53 a5 i1,26,26,1.0,0.625,-0.375
PDB-CPX-172325,2h50 a4 i1,2h53 a6 i1,26,26,1.0,0.625,-0.375
PDB-CPX-172325,2h50 a4 i1,2h53 a7 i1,26,26,1.0,0.625,-0.375
PDB-CPX-172325,2h50 a4 i1,2h53 a8 i1,26,26,1.0,0.625,-0.375
PDB-CPX-172325,2h50 a4 i1,2h53 a9 i1,26,26,1.0,0.625,-0.375
PDB-CPX-172325,2h50 a5 i1,2h50 a6 i1,26,26,1.0,0.625,-0.375
PDB-CPX-172325,2h50 a5 i1,2h50 a7 i1,26,26,1.0,0.625,-0.375
PDB-CPX-172325,2h50 a5 i1,2h50 a8 i1,26,26,1.0,0.625,-0.375
PDB-CPX-172325,2h50 a5 i1,2h50 a9 i1,26,26,1.0,0.625,-0.375
PDB-CPX-172325,2h50 a5 i1,2h53 a1 i1,26,26,1.0,0.625,-0.375
PDB-CPX-172325,2h50 a5 i1,2h53 a10 i1,26,26,1.0,0.625,-0.375
PDB-CPX-172325,2h50 a5 i1,2h53 a11 i1,26,26,1.0,0.625,-0.375
PDB-CPX-172325,2h50 a5 i1,2h53 a12 i1,26,26,1.0,0.625,-0.375
PDB-CPX-172325,2h50 a5 i1,2h53 a2 i1,26,26,1.0,0.625,-0.375
PDB-CPX-172325,2h50 a5 i1,2h53 a3 i1,26,26,1.0,0.625,-0.375
PDB-CPX-172325,2h50 a5 i1,2h53 a4 i1,26,26,1.0,0.625,-0.375
PDB-CPX-172325,2h50 a5 i1,2h53 a5 i1,26,26,1.0,0.625,-0.375
PDB-CPX-172325,2h50 a5 i1,2h53 a6 i1,26,26,1.0,0.625,-0.375
PDB-CPX-172325,2h50 a5 i1,2h53 a7 i1,26,26,1.0,0.625,-0.375
PDB-CPX-172325,2h50 a5 i1,2h53 a8 i1,26,26,1.0,0.625,-0.375
PDB-CPX-172325,2h50 a5 i1,2h53 a9 i1,26,26,1.0,0.625,-0.375
PDB-CPX-172325,2h50 a6 i1,2h50 a7 i1,26,26,1.0,0.625,-0.375
PDB-CPX-172325,2h50 a6 i1,2h50 a8 i1,26,26,1.0,0.625,-0.375
PDB-CPX-172325,2h50 a6 i1,2h50 a9 i1,26,26,1.0,0.625,-0.375
PDB-CPX-172325,2h50 a6 i1,2h53 a1 i1,26,26,1.0,0.625,-0.375
PDB-CPX-172325,2h50 a6 i1,2h53 a10 i1,26,26,1.0,0.625,-0.375
PDB-CPX-172325,2h50 a6 i1,2h53 a11 i1,26,26,1.0,0.625,-0.375
PDB-CPX-172325,2h50 a6 i1,2h53 a12 i1,26,26,1.0,0.625,-0.375
PDB-CPX-172325,2h50 a6 i1,2h53 a2 i1,26,26,1.0,0.625,-0.375
PDB-CPX-172325,2h50 a6 i1,2h53 a3 i1,26,26,1.0,0.625,-0.375
PDB-CPX-172325,2h50 a6 i1,2h53 a4 i1,26,26,1.0,0.625,-0.375
PDB-CPX-172325,2h50 a6 i1,2h53 a5 i1,26,26,1.0,0.625,-0.375
PDB-CPX-172325,2h50 a6 i1,2h53 a6 i1,26,26,1.0,0.625,-0.375
PDB-CPX-172325,2h50 a6 i1,2h53 a7 i1,26,26,1.0,0.625,-0.375
PDB-CPX-172325,2h50 a6 i1,2h53 a8 i1,26,26,1.0,0.625,-0.375
PDB-CPX-172325,2h50 a6 i1,2h53 a9 i1,26,26,1.0,0.625,-0.375
PDB-CPX-172325,2h50 a7 i1,2h50 a8 i1,26,26,1.0,0.625,-0.375
PDB-CPX-172325,2h50 a7 i1,2h50 a9 i1,26,26,1.0,0.625,-0.375
PDB-CPX-172325,2h50 a7 i1,2h53 a1 i1,26,26,1.0,0.625,-0.375
PDB-CPX-172325,2h50 a7 i1,2h53 a10 i1,26,26,1.0,0.625,-0.375
PDB-CPX-172325,2h50 a7 i1,2h53 a11 i1,26,26,1.0,0.625,-0.375
PDB-CPX-172325,2h50 a7 i1,2h53 a12 i1,26,26,1.0,0.625,-0.375
PDB-CPX-172325,2h50 a7 i1,2h53 a2 i1,26,26,1.0,0.625,-0.375
PDB-CPX-172325,2h50 a7 i1,2h53 a3 i1,26,26,1.0,0.625,-0.375
PDB-CPX-172325,2h50 a7 i1,2h53 a4 i1,26,26,1.0,0.625,-0.375
PDB-CPX-172325,2h50 a7 i1,2h53 a5 i1,26,26,1.0,0.625,-0.375
PDB-CPX-172325,2h50 a7 i1,2h53 a6 i1,26,26,1.0,0.625,-0.375
PDB-CPX-172325,2h50 a7 i1,2h53 a7 i1,26,26,1.0,0.625,-0.375
PDB-CPX-172325,2h50 a7 i1,2h53 a8 i1,26,26,1.0,0.625,-0.375
PDB-CPX-172325,2h50 a7 i1,2h53 a9 i1,26,26,1.0,0.625,-0.375
PDB-CPX-172325,2h50 a8 i1,2h50 a9 i1,26,26,1.0,0.625,-0.375
PDB-CPX-172325,2h50 a8 i1,2h53 a1 i1,26,26,1.0,0.625,-0.375
PDB-CPX-172325,2h50 a8 i1,2h53 a10 i1,26,26,1.0,0.625,-0.375
PDB-CPX-172325,2h50 a8 i1,2h53 a11 i1,26,26,1.0,0.625,-0.375
PDB-CPX-172325,2h50 a8 i1,2h53 a12 i1,26,26,1.0,0.625,-0.375
PDB-CPX-172325,2h50 a8 i1,2h53 a2 i1,26,26,1.0,0.625,-0.375
PDB-CPX-172325,2h50 a8 i1,2h53 a3 i1,26,26,1.0,0.625,-0.375
PDB-CPX-172325,2h50 a8 i1,2h53 a4 i1,26,26,1.0,0.625,-0.375
PDB-CPX-172325,2h50 a8 i1,2h53 a5 i1,26,26,1.0,0.625,-0.375
PDB-CPX-172325,2h50 a8 i1,2h53 a6 i1,26,26,1.0,0.625,-0.375
PDB-CPX-172325,2h50 a8 i1,2h53 a7 i1,26,26,1.0,0.625,-0.375
PDB-CPX-172325,2h50 a8 i1,2h53 a8 i1,26,26,1.0,0.625,-0.375
PDB-CPX-172325,2h50 a8 i1,2h53 a9 i1,26,26,1.0,0.625,-0.375
PDB-CPX-172325,2h50 a9 i1,2h53 a1 i1,26,26,1.0,0.625,-0.375
PDB-CPX-172325,2h50 a9 i1,2h53 a10 i1,26,26,1.0,0.625,-0.375
PDB-CPX-172325,2h50 a9 i1,2h53 a11 i1,26,26,1.0,0.625,-0.375
PDB-CPX-172325,2h50 a9 i1,2h53 a12 i1,26,26,1.0,0.625,-0.375
PDB-CPX-172325,2h50 a9 i1,2h53 a2 i1,26,26,1.0,0.625,-0.375
PDB-CPX-172325,2h50 a9 i1,2h53 a3 i1,26,26,1.0,0.625,-0.375
PDB-CPX-172325,2h50 a9 i1,2h53 a4 i1,26,26,1.0,0.625,-0.375
PDB-CPX-172325,2h50 a9 i1,2h53 a5 i1,26,26,1.0,0.625,-0.375
PDB-CPX-172325,2h50 a9 i1,2h53 a6 i1,26,26,1.0,0.625,-0.375
PDB-CPX-172325,2h50 a9 i1,2h53 a7 i1,26,26,1.0,0.625,-0.375
PDB-CPX-172325,2h50 a9 i1,2h53 a8 i1,26,26,1.0,0.625,-0.375
PDB-CPX-172325,2h50 a9 i1,2h53 a9 i1,26,26,1.0,0.625,-0.375
PDB-CPX-172325,2h53 a1 i1,2h53 a10 i1,26,26,1.0,0.625,-0.375
PDB-CPX-172325,2h53 a1 i1,2h53 a11 i1,26,26,1.0,0.625,-0.375
PDB-CPX-172325,2h53 a1 i1,2h53 a12 i1,26,26,1.0,0.625,-0.375
PDB-CPX-172325,2h53 a1 i1,2h53 a2 i1,26,26,1.0,0.625,-0.375
PDB-CPX-172325,2h53 a1 i1,2h53 a3 i1,26,26,1.0,0.625,-0.375
PDB-CPX-172325,2h53 a1 i1,2h53 a4 i1,26,26,1.0,0.625,-0.375
PDB-CPX-172325,2h53 a1 i1,2h53 a5 i1,26,26,1.0,0.625,-0.375
PDB-CPX-172325,2h53 a1 i1,2h53 a6 i1,26,26,1.0,0.625,-0.375
PDB-CPX-172325,2h53 a1 i1,2h53 a7 i1,26,26,1.0,0.625,-0.375
PDB-CPX-172325,2h53 a1 i1,2h53 a8 i1,26,26,1.0,0.625,-0.375
PDB-CPX-172325,2h53 a1 i1,2h53 a9 i1,26,26,1.0,0.625,-0.375
PDB-CPX-172325,2h53 a10 i1,2h53 a11 i1,26,26,1.0,0.625,-0.375
PDB-CPX-172325,2h53 a10 i1,2h53 a12 i1,26,26,1.0,0.625,-0.375
PDB-CPX-172325,2h53 a10 i1,2h53 a2 i1,26,26,1.0,0.625,-0.375
PDB-CPX-172325,2h53 a10 i1,2h53 a3 i1,26,26,1.0,0.625,-0.375
PDB-CPX-172325,2h53 a10 i1,2h53 a4 i1,26,26,1.0,0.625,-0.375
PDB-CPX-172325,2h53 a10 i1,2h53 a5 i1,26,26,1.0,0.625,-0.375
PDB-CPX-172325,2h53 a10 i1,2h53 a6 i1,26,26,1.0,0.625,-0.375
PDB-CPX-172325,2h53 a10 i1,2h53 a7 i1,26,26,1.0,0.625,-0.375
PDB-CPX-172325,2h53 a10 i1,2h53 a8 i1,26,26,1.0,0.625,-0.375
PDB-CPX-172325,2h53 a10 i1,2h53 a9 i1,26,26,1.0,0.625,-0.375
PDB-CPX-172325,2h53 a11 i1,2h53 a12 i1,26,26,1.0,0.625,-0.375
PDB-CPX-172325,2h53 a11 i1,2h53 a2 i1,26,26,1.0,0.625,-0.375
PDB-CPX-172325,2h53 a11 i1,2h53 a3 i1,26,26,1.0,0.625,-0.375
PDB-CPX-172325,2h53 a11 i1,2h53 a4 i1,26,26,1.0,0.625,-0.375
PDB-CPX-172325,2h53 a11 i1,2h53 a5 i1,26,26,1.0,0.625,-0.375
PDB-CPX-172325,2h53 a11 i1,2h53 a6 i1,26,26,1.0,0.625,-0.375
PDB-CPX-172325,2h53 a11 i1,2h53 a7 i1,26,26,1.0,0.625,-0.375
PDB-CPX-172325,2h53 a11 i1,2h53 a8 i1,26,26,1.0,0.625,-0.375
PDB-CPX-172325,2h53 a11 i1,2h53 a9 i1,26,26,1.0,0.625,-0.375
PDB-CPX-172325,2h53 a12 i1,2h53 a2 i1,26,26,1.0,0.625,-0.375
PDB-CPX-172325,2h53 a12 i1,2h53 a3 i1,26,26,1.0,0.625,-0.375
PDB-CPX-172325,2h53 a12 i1,2h53 a4 i1,26,26,1.0,0.625,-0.375
PDB-CPX-172325,2h53 a12 i1,2h53 a5 i1,26,26,1.0,0.625,-0.375
PDB-CPX-172325,2h53 a12 i1,2h53 a6 i1,26,26,1.0,0.625,-0.375
PDB-CPX-172325,2h53 a12 i1,2h53 a7 i1,26,26,1.0,0.625,-0.375
PDB-CPX-172325,2h53 a12 i1,2h53 a8 i1,26,26,1.0,0.625,-0.375
PDB-CPX-172325,2h53 a12 i1,2h53 a9 i1,26,26,1.0,0.625,-0.375
PDB-CPX-172325,2h53 a2 i1,2h53 a3 i1,26,26,1.0,0.625,-0.375
PDB-CPX-172325,2h53 a2 i1,2h53 a4 i1,26,26,1.0,0.625,-0.375
PDB-CPX-172325,2h53 a2 i1,2h53 a5 i1,26,26,1.0,0.625,-0.375
PDB-CPX-172325,2h53 a2 i1,2h53 a6 i1,26,26,1.0,0.625,-0.375
PDB-CPX-172325,2h53 a2 i1,2h53 a7 i1,26,26,1.0,0.625,-0.375
PDB-CPX-172325,2h53 a2 i1,2h53 a8 i1,26,26,1.0,0.625,-0.375
PDB-CPX-172325,2h53 a2 i1,2h53 a9 i1,26,26,1.0,0.625,-0.375
PDB-CPX-172325,2h53 a3 i1,2h53 a4 i1,26,26,1.0,0.625,-0.375
PDB-CPX-172325,2h53 a3 i1,2h53 a5 i1,26,26,1.0,0.625,-0.375
PDB-CPX-172325,2h53 a3 i1,2h53 a6 i1,26,26,1.0,0.625,-0.375
PDB-CPX-172325,2h53 a3 i1,2h53 a7 i1,26,26,1.0,0.625,-0.375
PDB-CPX-172325,2h53 a3 i1,2h53 a8 i1,26,26,1.0,0.625,-0.375
PDB-CPX-172325,2h53 a3 i1,2h53 a9 i1,26,26,1.0,0.625,-0.375
PDB-CPX-172325,2h53 a4 i1,2h53 a5 i1,26,26,1.0,0.625,-0.375
PDB-CPX-172325,2h53 a4 i1,2h53 a6 i1,26,26,1.0,0.625,-0.375
PDB-CPX-172325,2h53 a4 i1,2h53 a7 i1,26,26,1.0,0.625,-0.375
PDB-CPX-172325,2h53 a4 i1,2h53 a8 i1,26,26,1.0,0.625,-0.375
PDB-CPX-172325,2h53 a4 i1,2h53 a9 i1,26,26,1.0,0.625,-0.375
PDB-CPX-172325,2h53 a5 i1,2h53 a6 i1,26,26,1.0,0.625,-0.375
PDB-CPX-172325,2h53 a5 i1,2h53 a7 i1,26,26,1.0,0.625,-0.375
PDB-CPX-172325,2h53 a5 i1,2h53 a8 i1,26,26,1.0,0.625,-0.375
PDB-CPX-172325,2h53 a5 i1,2h53 a9 i1,26,26,1.0,0.625,-0.375
PDB-CPX-172325,2h53 a6 i1,2h53 a7 i1,26,26,1.0,0.625,-0.375
PDB-CPX-172325,2h53 a6 i1,2h53 a8 i1,26,26,1.0,0.625,-0.375
PDB-CPX-172325,2h53 a6 i1,2h53 a9 i1,26,26,1.0,0.625,-0.375
PDB-CPX-172325,2h53 a7 i1,2h53 a8 i1,26,26,1.0,0.625,-0.375
PDB-CPX-172325,2h53 a7 i1,2h53 a9 i1,26,26,1.0,0.625,-0.375
PDB-CPX-172325,2h53 a8 i1,2h53 a9 i1,26,26,1.0,0.625,-0.375
PDB-CPX-151132,1gxb a1 i1,1gxb a2 i1,3,3,0.5,0.5,0.0
PDB-CPX-151132,1gxb a1 i1,1o17 a1 i1,3,4,0.75,0.75,0.0
PDB-CPX-151132,1gxb a1 i1,1o17 a2 i1,3,5,0.3333,0.6,0.2667
PDB-CPX-151132,1gxb a1 i1,1zxy a1 i1,3,7,0.4286,0.4286,0.0
PDB-CPX-151132,1gxb a1 i1,1zxy a2 i1,3,5,0.3333,0.6,0.2667
PDB-CPX-151132,1gxb a1 i1,1zyk a1 i1,3,4,0.4,0.75,0.35
PDB-CPX-151132,1gxb a1 i1,1zyk a2 i1,3,5,0.3333,0.6,0.2667
PDB-CPX-151132,1gxb a1 i1,2gvq a1 i1,3,4,0.75,0.4,-0.35
PDB-CPX-151132,1gxb a1 i1,2gvq a2 i1,3,3,0.5,0.5,0.0
PDB-CPX-151132,1gxb a1 i1,3gbr a1 i1,3,3,0.5,0.5,0.0
PDB-CPX-151132,1gxb a2 i1,1o17 a1 i1,3,4,0.4,0.4,0.0
PDB-CPX-151132,1gxb a2 i1,1o17 a2 i1,3,5,0.3333,0.3333,0.0
PDB-CPX-151132,1gxb a2 i1,1zxy a1 i1,3,7,0.25,0.4286,0.1786
PDB-CPX-151132,1gxb a2 i1,1zxy a2 i1,3,5,0.3333,0.6,0.2667
PDB-CPX-151132,1gxb a2 i1,1zyk a1 i1,3,4,0.4,0.4,0.0
PDB-CPX-151132,1gxb a2 i1,1zyk a2 i1,3,5,0.3333,0.3333,0.0
PDB-CPX-151132,1gxb a2 i1,2gvq a1 i1,3,4,0.4,0.75,0.35
PDB-CPX-151132,1gxb a2 i1,2gvq a2 i1,3,3,0.5,0.5,0.0
PDB-CPX-151132,1gxb a2 i1,3gbr a1 i1,3,3,0.5,1.0,0.5
PDB-CPX-151132,1o17 a1 i1,1o17 a2 i1,4,5,0.5,0.5,0.0
PDB-CPX-151132,1o17 a1 i1,1zxy a1 i1,4,7,0.5714,0.5714,0.0
PDB-CPX-151132,1o17 a1 i1,1zxy a2 i1,4,5,0.5,0.5,0.0
PDB-CPX-151132,1o17 a1 i1,1zyk a1 i1,4,4,0.6,0.6,0.0
PDB-CPX-151132,1o17 a1 i1,1zyk a2 i1,4,5,0.5,0.5,0.0
PDB-CPX-151132,1o17 a1 i1,2gvq a1 i1,4,4,0.6,0.6,0.0
PDB-CPX-151132,1o17 a1 i1,2gvq a2 i1,4,3,0.4,0.4,0.0
PDB-CPX-151132,1o17 a1 i1,3gbr a1 i1,4,3,0.4,0.4,0.0
PDB-CPX-151132,1o17 a2 i1,1zxy a1 i1,5,7,0.5,0.3333,-0.1667
PDB-CPX-151132,1o17 a2 i1,1zxy a2 i1,5,5,0.6667,0.25,-0.4167
PDB-CPX-151132,1o17 a2 i1,1zyk a1 i1,5,4,0.5,0.2857,-0.2143
PDB-CPX-151132,1o17 a2 i1,1zyk a2 i1,5,5,0.6667,0.25,-0.4167
PDB-CPX-151132,1o17 a2 i1,2gvq a1 i1,5,4,0.2857,0.5,0.2143
PDB-CPX-151132,1o17 a2 i1,2gvq a2 i1,5,3,0.6,0.3333,-0.2667
PDB-CPX-151132,1o17 a2 i1,3gbr a1 i1,5,3,0.3333,0.3333,0.0
PDB-CPX-151132,1zxy a1 i1,1zxy a2 i1,7,5,0.7143,0.3333,-0.381
PDB-CPX-151132,1zxy a1 i1,1zyk a1 i1,7,4,0.5714,0.375,-0.1964
PDB-CPX-151132,1zxy a1 i1,1zyk a2 i1,7,5,0.7143,0.3333,-0.381
PDB-CPX-151132,1zxy a1 i1,2gvq a1 i1,7,4,0.5714,0.375,-0.1964
PDB-CPX-151132,1zxy a1 i1,2gvq a2 i1,7,3,0.4286,0.25,-0.1786
PDB-CPX-151132,1zxy a1 i1,3gbr a1 i1,7,3,0.4286,0.25,-0.1786
PDB-CPX-151132,1zxy a2 i1,1zyk a1 i1,5,4,0.5,0.2857,-0.2143
PDB-CPX-151132,1zxy a2 i1,1zyk a2 i1,5,5,0.6667,0.25,-0.4167
PDB-CPX-151132,1zxy a2 i1,2gvq a1 i1,5,4,0.5,0.5,0.0
PDB-CPX-151132,1zxy a2 i1,2gvq a2 i1,5,3,0.6,0.3333,-0.2667
PDB-CPX-151132,1zxy a2 i1,3gbr a1 i1,5,3,0.6,0.3333,-0.2667
PDB-CPX-151132,1zyk a1 i1,1zyk a2 i1,4,5,0.8,0.2857,-0.5143
PDB-CPX-151132,1zyk a1 i1,2gvq a1 i1,4,4,0.3333,0.6,0.2667
PDB-CPX-151132,1zyk a1 i1,2gvq a2 i1,4,3,0.4,0.4,0.0
PDB-CPX-151132,1zyk a1 i1,3gbr a1 i1,4,3,0.4,0.4,0.0
PDB-CPX-151132,1zyk a2 i1,2gvq a1 i1,5,4,0.2857,0.5,0.2143
PDB-CPX-151132,1zyk a2 i1,2gvq a2 i1,5,3,0.6,0.3333,-0.2667
PDB-CPX-151132,1zyk a2 i1,3gbr a1 i1,5,3,0.3333,0.3333,0.0
PDB-CPX-151132,2gvq a1 i1,2gvq a2 i1,4,3,0.4,0.4,0.0
PDB-CPX-151132,2gvq a1 i1,3gbr a1 i1,4,3,0.75,0.4,-0.35
PDB-CPX-151132,2gvq a2 i1,3gbr a1 i1,3,3,0.5,0.5,0.0
PDB-CPX-172479,3blj a1 i1,3gey a1 i1,16,17,0.8333,0.8333,0.0
PDB-CPX-172479,3blj a1 i1,3gey a2 i1,16,16,1.0,1.0,0.0
PDB-CPX-172479,3blj a1 i1,3v2b a1 i1,16,6,0.0,0.0,0.0
PDB-CPX-172479,3blj a1 i1,4f0e a1 i1,16,14,0.875,0.875,0.0
PDB-CPX-172479,3blj a1 i1,4f0e a2 i1,16,16,0.8824,0.8824,0.0
PDB-CPX-172479,3blj a1 i1,6ek3 a1 i1,16,15,0.9375,0.9375,0.0
PDB-CPX-172479,3blj a1 i1,6ry4 a1 i1,16,15,0.9375,0.9375,0.0
PDB-CPX-172479,3blj a1 i1,7f41 a1 i1,16,15,0.9375,0.9375,0.0
PDB-CPX-172479,3blj a1 i1,7f42 a1 i1,16,15,0.9375,0.9375,0.0
PDB-CPX-172479,3blj a1 i1,7f43 a1 i1,16,15,0.9375,0.9375,0.0
PDB-CPX-172479,3blj a1 i1,7oqq a1 i1,16,14,0.875,0.875,0.0
PDB-CPX-172479,3blj a1 i1,7osp a1 i1,16,15,0.9375,0.9375,0.0
PDB-CPX-172479,3blj a1 i1,7oss a1 i1,16,17,0.9412,0.9412,0.0
PDB-CPX-172479,3blj a1 i1,7osx a1 i1,16,15,0.9375,0.9375,0.0
PDB-CPX-172479,3blj a1 i1,7otf a1 i1,16,15,0.9375,0.9375,0.0
PDB-CPX-172479,3blj a1 i1,7oth a1 i1,16,16,0.8824,0.8824,0.0
PDB-CPX-172479,3blj a1 i1,7ouw a1 i1,16,15,0.9375,0.9375,0.0
PDB-CPX-172479,3blj a1 i1,7oux a1 i1,16,18,0.7895,0.7895,0.0
PDB-CPX-172479,3blj a1 i1,7pw3 a1 i1,16,15,0.9375,0.9375,0.0
PDB-CPX-172479,3blj a1 i1,7pwa a1 i1,16,16,0.8824,0.8824,0.0
PDB-CPX-172479,3blj a1 i1,7pwc a1 i1,16,16,0.8824,0.8824,0.0
PDB-CPX-172479,3blj a1 i1,7pwk a1 i1,16,17,0.8333,0.8333,0.0
PDB-CPX-172479,3blj a1 i1,7pwl a1 i1,16,15,0.9375,0.9375,0.0
PDB-CPX-172479,3blj a1 i1,7pwm a1 i1,16,16,0.8824,0.8824,0.0
PDB-CPX-172479,3blj a1 i1,7pwp a1 i1,16,16,0.8824,0.8824,0.0
PDB-CPX-172479,3blj a1 i1,7pwq a1 i1,16,15,0.9375,0.9375,0.0
PDB-CPX-172479,3blj a1 i1,7pwr a1 i1,16,16,0.8824,0.8824,0.0
PDB-CPX-172479,3blj a1 i1,7pws a1 i1,16,15,0.9375,0.9375,0.0
PDB-CPX-172479,3blj a1 i1,7pwu a1 i1,16,15,0.9375,0.9375,0.0
PDB-CPX-172479,3blj a1 i1,7pww a1 i1,16,15,0.9375,0.9375,0.0
PDB-CPX-172479,3blj a1 i1,7px6 a1 i1,16,16,0.8824,0.8824,0.0
PDB-CPX-172479,3blj a1 i1,7px7 a1 i1,16,16,0.8824,0.8824,0.0
PDB-CPX-172479,3blj a1 i1,7r3o a1 i1,16,18,0.7895,0.7895,0.0
PDB-CPX-172479,3blj a1 i1,7r4a a1 i1,16,15,0.9375,0.9375,0.0
PDB-CPX-172479,3blj a1 i1,7r5d a1 i1,16,16,0.8824,0.8824,0.0
PDB-CPX-172479,3blj a1 i1,7z1v a1 i1,16,15,0.9375,0.9375,0.0
PDB-CPX-172479,3blj a1 i1,7z1w a1 i1,16,16,0.8824,0.8824,0.0
PDB-CPX-172479,3blj a1 i1,7z1y a1 i1,16,16,0.8824,0.8824,0.0
PDB-CPX-172479,3blj a1 i1,7z2o a1 i1,16,15,0.9375,0.9375,0.0
PDB-CPX-172479,3blj a1 i1,7z2q a1 i1,16,17,0.8333,0.8333,0.0
PDB-CPX-172479,3blj a1 i1,7z41 a1 i1,16,14,0.875,0.875,0.0
PDB-CPX-172479,3blj a1 i1,8zv7 a1 i1,16,17,0.8333,0.8333,0.0
PDB-CPX-172479,3blj a1 i1,9feg a1 i1,16,11,0.6875,0.6875,0.0
PDB-CPX-172479,3blj a1 i1,9ifv a1 i1,16,7,0.4375,0.4375,0.0
PDB-CPX-172479,3blj a1 i1,9ifv a2 i1,16,7,0.4375,0.4375,0.0
PDB-CPX-172479,3blj a1 i1,9rlo a1 i1,16,10,0.4444,0.4444,0.0
PDB-CPX-172479,3blj a1 i1,9rlp a1 i1,16,8,0.5,0.5,0.0
PDB-CPX-172479,3blj a1 i1,9rlq a1 i1,16,12,0.75,0.75,0.0
PDB-CPX-172479,3blj a1 i1,9rlr a1 i1,16,9,0.4706,0.4706,0.0
PDB-CPX-172479,3blj a1 i1,9tcb a1 i1,16,15,0.9375,0.9375,0.0
PDB-CPX-172479,3gey a1 i1,3gey a2 i1,17,16,0.8333,0.8333,0.0
PDB-CPX-172479,3gey a1 i1,3v2b a1 i1,17,6,0.0,0.0,0.0
PDB-CPX-172479,3gey a1 i1,4f0e a1 i1,17,14,0.8235,0.8235,0.0
PDB-CPX-172479,3gey a1 i1,4f0e a2 i1,17,16,0.8333,0.9412,0.1078
PDB-CPX-172479,3gey a1 i1,6ek3 a1 i1,17,15,0.8824,0.8824,0.0
PDB-CPX-172479,3gey a1 i1,6ry4 a1 i1,17,15,0.8824,0.8824,0.0
PDB-CPX-172479,3gey a1 i1,7f41 a1 i1,17,15,0.8824,0.8824,0.0
PDB-CPX-172479,3gey a1 i1,7f42 a1 i1,17,15,0.8824,0.8824,0.0
PDB-CPX-172479,3gey a1 i1,7f43 a1 i1,17,15,0.8824,0.8824,0.0
PDB-CPX-172479,3gey a1 i1,7oqq a1 i1,17,14,0.8235,0.8235,0.0
PDB-CPX-172479,3gey a1 i1,7osp a1 i1,17,15,0.8824,0.8824,0.0
PDB-CPX-172479,3gey a1 i1,7oss a1 i1,17,17,0.7895,0.8889,0.0994
PDB-CPX-172479,3gey a1 i1,7osx a1 i1,17,15,0.8824,0.8824,0.0
PDB-CPX-172479,3gey a1 i1,7otf a1 i1,17,15,0.8824,0.8824,0.0
PDB-CPX-172479,3gey a1 i1,7oth a1 i1,17,16,0.8333,0.9412,0.1078
PDB-CPX-172479,3gey a1 i1,7ouw a1 i1,17,15,0.8824,0.8824,0.0
PDB-CPX-172479,3gey a1 i1,7oux a1 i1,17,18,0.8421,0.8421,0.0
PDB-CPX-172479,3gey a1 i1,7pw3 a1 i1,17,15,0.8824,0.8824,0.0
PDB-CPX-172479,3gey a1 i1,7pwa a1 i1,17,16,0.8333,0.8333,0.0
PDB-CPX-172479,3gey a1 i1,7pwc a1 i1,17,16,0.9412,0.8333,-0.1078
PDB-CPX-172479,3gey a1 i1,7pwk a1 i1,17,17,0.8889,0.7895,-0.0994
PDB-CPX-172479,3gey a1 i1,7pwl a1 i1,17,15,0.8824,0.8824,0.0
PDB-CPX-172479,3gey a1 i1,7pwm a1 i1,17,16,0.8333,0.8333,0.0
PDB-CPX-172479,3gey a1 i1,7pwp a1 i1,17,16,0.8333,0.8333,0.0
PDB-CPX-172479,3gey a1 i1,7pwq a1 i1,17,15,0.8824,0.8824,0.0
PDB-CPX-172479,3gey a1 i1,7pwr a1 i1,17,16,0.8333,0.8333,0.0
PDB-CPX-172479,3gey a1 i1,7pws a1 i1,17,15,0.8824,0.8824,0.0
PDB-CPX-172479,3gey a1 i1,7pwu a1 i1,17,15,0.8824,0.8824,0.0
PDB-CPX-172479,3gey a1 i1,7pww a1 i1,17,15,0.8824,0.8824,0.0
PDB-CPX-172479,3gey a1 i1,7px6 a1 i1,17,16,0.8333,0.8333,0.0
PDB-CPX-172479,3gey a1 i1,7px7 a1 i1,17,16,0.8333,0.8333,0.0
PDB-CPX-172479,3gey a1 i1,7r3o a1 i1,17,18,0.8421,0.75,-0.0921
PDB-CPX-172479,3gey a1 i1,7r4a a1 i1,17,15,0.8824,0.8824,0.0
PDB-CPX-172479,3gey a1 i1,7r5d a1 i1,17,16,0.8333,0.8333,0.0
PDB-CPX-172479,3gey a1 i1,7z1v a1 i1,17,15,0.8824,0.8824,0.0
PDB-CPX-172479,3gey a1 i1,7z1w a1 i1,17,16,0.8333,0.8333,0.0
PDB-CPX-172479,3gey a1 i1,7z1y a1 i1,17,16,0.8333,0.9412,0.1078
PDB-CPX-172479,3gey a1 i1,7z2o a1 i1,17,15,0.8824,0.8824,0.0
PDB-CPX-172479,3gey a1 i1,7z2q a1 i1,17,17,0.8889,0.7895,-0.0994
PDB-CPX-172479,3gey a1 i1,7z41 a1 i1,17,14,0.8235,0.8235,0.0
PDB-CPX-172479,3gey a1 i1,8zv7 a1 i1,17,17,0.7895,0.8889,0.0994
PDB-CPX-172479,3gey a1 i1,9feg a1 i1,17,11,0.6471,0.6471,0.0
PDB-CPX-172479,3gey a1 i1,9ifv a1 i1,17,7,0.4118,0.4118,0.0
PDB-CPX-172479,3gey a1 i1,9ifv a2 i1,17,7,0.4118,0.4118,0.0
PDB-CPX-172479,3gey a1 i1,9rlo a1 i1,17,10,0.4211,0.4211,0.0
PDB-CPX-172479,3gey a1 i1,9rlp a1 i1,17,8,0.4706,0.4706,0.0
PDB-CPX-172479,3gey a1 i1,9rlq a1 i1,17,12,0.7059,0.7059,0.0
PDB-CPX-172479,3gey a1 i1,9rlr a1 i1,17,9,0.4444,0.4444,0.0
PDB-CPX-172479,3gey a1 i1,9tcb a1 i1,17,15,0.8824,0.8824,0.0
PDB-CPX-172479,3gey a2 i1,3v2b a1 i1,16,6,0.0,0.0,0.0
PDB-CPX-172479,3gey a2 i1,4f0e a1 i1,16,14,0.875,0.875,0.0
PDB-CPX-172479,3gey a2 i1,4f0e a2 i1,16,16,0.8824,0.8824,0.0
PDB-CPX-172479,3gey a2 i1,6ek3 a1 i1,16,15,0.9375,0.9375,0.0
PDB-CPX-172479,3gey a2 i1,6ry4 a1 i1,16,15,0.9375,0.9375,0.0
PDB-CPX-172479,3gey a2 i1,7f41 a1 i1,16,15,0.9375,0.9375,0.0
PDB-CPX-172479,3gey a2 i1,7f42 a1 i1,16,15,0.9375,0.9375,0.0
PDB-CPX-172479,3gey a2 i1,7f43 a1 i1,16,15,0.9375,0.9375,0.0
PDB-CPX-172479,3gey a2 i1,7oqq a1 i1,16,14,0.875,0.875,0.0
PDB-CPX-172479,3gey a2 i1,7osp a1 i1,16,15,0.9375,0.9375,0.0
PDB-CPX-172479,3gey a2 i1,7oss a1 i1,16,17,0.9412,0.9412,0.0
PDB-CPX-172479,3gey a2 i1,7osx a1 i1,16,15,0.9375,0.9375,0.0
PDB-CPX-172479,3gey a2 i1,7otf a1 i1,16,15,0.9375,0.9375,0.0
PDB-CPX-172479,3gey a2 i1,7oth a1 i1,16,16,0.8824,0.8824,0.0
PDB-CPX-172479,3gey a2 i1,7ouw a1 i1,16,15,0.9375,0.9375,0.0
PDB-CPX-172479,3gey a2 i1,7oux a1 i1,16,18,0.7895,0.7895,0.0
PDB-CPX-172479,3gey a2 i1,7pw3 a1 i1,16,15,0.9375,0.9375,0.0
PDB-CPX-172479,3gey a2 i1,7pwa a1 i1,16,16,0.8824,0.8824,0.0
PDB-CPX-172479,3gey a2 i1,7pwc a1 i1,16,16,0.8824,0.8824,0.0
PDB-CPX-172479,3gey a2 i1,7pwk a1 i1,16,17,0.8333,0.8333,0.0
PDB-CPX-172479,3gey a2 i1,7pwl a1 i1,16,15,0.9375,0.9375,0.0
PDB-CPX-172479,3gey a2 i1,7pwm a1 i1,16,16,0.8824,0.8824,0.0
PDB-CPX-172479,3gey a2 i1,7pwp a1 i1,16,16,0.8824,0.8824,0.0
PDB-CPX-172479,3gey a2 i1,7pwq a1 i1,16,15,0.9375,0.9375,0.0
PDB-CPX-172479,3gey a2 i1,7pwr a1 i1,16,16,0.8824,0.8824,0.0
PDB-CPX-172479,3gey a2 i1,7pws a1 i1,16,15,0.9375,0.9375,0.0
PDB-CPX-172479,3gey a2 i1,7pwu a1 i1,16,15,0.9375,0.9375,0.0
PDB-CPX-172479,3gey a2 i1,7pww a1 i1,16,15,0.9375,0.9375,0.0
PDB-CPX-172479,3gey a2 i1,7px6 a1 i1,16,16,0.8824,0.8824,0.0
PDB-CPX-172479,3gey a2 i1,7px7 a1 i1,16,16,0.8824,0.8824,0.0
PDB-CPX-172479,3gey a2 i1,7r3o a1 i1,16,18,0.7895,0.7895,0.0
PDB-CPX-172479,3gey a2 i1,7r4a a1 i1,16,15,0.9375,0.9375,0.0
PDB-CPX-172479,3gey a2 i1,7r5d a1 i1,16,16,0.8824,0.8824,0.0
PDB-CPX-172479,3gey a2 i1,7z1v a1 i1,16,15,0.9375,0.9375,0.0
PDB-CPX-172479,3gey a2 i1,7z1w a1 i1,16,16,0.8824,0.8824,0.0
PDB-CPX-172479,3gey a2 i1,7z1y a1 i1,16,16,0.8824,0.8824,0.0
PDB-CPX-172479,3gey a2 i1,7z2o a1 i1,16,15,0.9375,0.9375,0.0
PDB-CPX-172479,3gey a2 i1,7z2q a1 i1,16,17,0.8333,0.8333,0.0
PDB-CPX-172479,3gey a2 i1,7z41 a1 i1,16,14,0.875,0.875,0.0
PDB-CPX-172479,3gey a2 i1,8zv7 a1 i1,16,17,0.8333,0.8333,0.0
PDB-CPX-172479,3gey a2 i1,9feg a1 i1,16,11,0.6875,0.6875,0.0
PDB-CPX-172479,3gey a2 i1,9ifv a1 i1,16,7,0.4375,0.4375,0.0
PDB-CPX-172479,3gey a2 i1,9ifv a2 i1,16,7,0.4375,0.4375,0.0
PDB-CPX-172479,3gey a2 i1,9rlo a1 i1,16,10,0.4444,0.4444,0.0
PDB-CPX-172479,3gey a2 i1,9rlp a1 i1,16,8,0.5,0.5,0.0
PDB-CPX-172479,3gey a2 i1,9rlq a1 i1,16,12,0.75,0.75,0.0
PDB-CPX-172479,3gey a2 i1,9rlr a1 i1,16,9,0.4706,0.4706,0.0
PDB-CPX-172479,3gey a2 i1,9tcb a1 i1,16,15,0.9375,0.9375,0.0
PDB-CPX-172479,3v2b a1 i1,4f0e a1 i1,6,14,0.0,0.0,0.0
PDB-CPX-172479,3v2b a1 i1,4f0e a2 i1,6,16,0.0,0.0,0.0
PDB-CPX-172479,3v2b a1 i1,6ek3 a1 i1,6,15,0.0,0.0,0.0
PDB-CPX-172479,3v2b a1 i1,6ry4 a1 i1,6,15,0.0,0.0,0.0
PDB-CPX-172479,3v2b a1 i1,7f41 a1 i1,6,15,0.0,0.0,0.0
PDB-CPX-172479,3v2b a1 i1,7f42 a1 i1,6,15,0.0,0.0,0.0
PDB-CPX-172479,3v2b a1 i1,7f43 a1 i1,6,15,0.0,0.0,0.0
PDB-CPX-172479,3v2b a1 i1,7oqq a1 i1,6,14,0.0,0.0,0.0
PDB-CPX-172479,3v2b a1 i1,7osp a1 i1,6,15,0.0,0.0,0.0
PDB-CPX-172479,3v2b a1 i1,7oss a1 i1,6,17,0.0,0.0,0.0
PDB-CPX-172479,3v2b a1 i1,7osx a1 i1,6,15,0.0,0.0,0.0
PDB-CPX-172479,3v2b a1 i1,7otf a1 i1,6,15,0.0,0.0,0.0
PDB-CPX-172479,3v2b a1 i1,7oth a1 i1,6,16,0.0,0.0,0.0
PDB-CPX-172479,3v2b a1 i1,7ouw a1 i1,6,15,0.0,0.0,0.0
PDB-CPX-172479,3v2b a1 i1,7oux a1 i1,6,18,0.0,0.0,0.0
PDB-CPX-172479,3v2b a1 i1,7pw3 a1 i1,6,15,0.0,0.0,0.0
PDB-CPX-172479,3v2b a1 i1,7pwa a1 i1,6,16,0.0,0.0,0.0
PDB-CPX-172479,3v2b a1 i1,7pwc a1 i1,6,16,0.0,0.0,0.0
PDB-CPX-172479,3v2b a1 i1,7pwk a1 i1,6,17,0.0,0.0,0.0
PDB-CPX-172479,3v2b a1 i1,7pwl a1 i1,6,15,0.0,0.0,0.0
PDB-CPX-172479,3v2b a1 i1,7pwm a1 i1,6,16,0.0,0.0,0.0
PDB-CPX-172479,3v2b a1 i1,7pwp a1 i1,6,16,0.0,0.0,0.0
PDB-CPX-172479,3v2b a1 i1,7pwq a1 i1,6,15,0.0,0.0,0.0
PDB-CPX-172479,3v2b a1 i1,7pwr a1 i1,6,16,0.0,0.0,0.0
PDB-CPX-172479,3v2b a1 i1,7pws a1 i1,6,15,0.0,0.0,0.0
PDB-CPX-172479,3v2b a1 i1,7pwu a1 i1,6,15,0.0,0.0,0.0
PDB-CPX-172479,3v2b a1 i1,7pww a1 i1,6,15,0.0,0.0,0.0
PDB-CPX-172479,3v2b a1 i1,7px6 a1 i1,6,16,0.0,0.0,0.0
PDB-CPX-172479,3v2b a1 i1,7px7 a1 i1,6,16,0.0,0.0,0.0
PDB-CPX-172479,3v2b a1 i1,7r3o a1 i1,6,18,0.0,0.0,0.0
PDB-CPX-172479,3v2b a1 i1,7r4a a1 i1,6,15,0.0,0.0,0.0
PDB-CPX-172479,3v2b a1 i1,7r5d a1 i1,6,16,0.0,0.0,0.0
PDB-CPX-172479,3v2b a1 i1,7z1v a1 i1,6,15,0.0,0.0,0.0
PDB-CPX-172479,3v2b a1 i1,7z1w a1 i1,6,16,0.0,0.0,0.0
PDB-CPX-172479,3v2b a1 i1,7z1y a1 i1,6,16,0.0,0.0,0.0
PDB-CPX-172479,3v2b a1 i1,7z2o a1 i1,6,15,0.0,0.0,0.0
PDB-CPX-172479,3v2b a1 i1,7z2q a1 i1,6,17,0.0,0.0,0.0
PDB-CPX-172479,3v2b a1 i1,7z41 a1 i1,6,14,0.0,0.0,0.0
PDB-CPX-172479,3v2b a1 i1,8zv7 a1 i1,6,17,0.0,0.0,0.0
PDB-CPX-172479,3v2b a1 i1,9feg a1 i1,6,11,0.0,0.0,0.0
PDB-CPX-172479,3v2b a1 i1,9ifv a1 i1,6,7,0.0,0.0,0.0
PDB-CPX-172479,3v2b a1 i1,9ifv a2 i1,6,7,0.0,0.0,0.0
PDB-CPX-172479,3v2b a1 i1,9rlo a1 i1,6,10,0.0,0.0,0.0
PDB-CPX-172479,3v2b a1 i1,9rlp a1 i1,6,8,0.0,0.0,0.0
PDB-CPX-172479,3v2b a1 i1,9rlq a1 i1,6,12,0.0,0.0,0.0
PDB-CPX-172479,3v2b a1 i1,9rlr a1 i1,6,9,0.0,0.0,0.0
PDB-CPX-172479,3v2b a1 i1,9tcb a1 i1,6,15,0.0,0.0,0.0
PDB-CPX-172479,4f0e a1 i1,4f0e a2 i1,14,16,0.875,0.875,0.0
PDB-CPX-172479,4f0e a1 i1,6ek3 a1 i1,14,15,0.9333,0.9333,0.0
PDB-CPX-172479,4f0e a1 i1,6ry4 a1 i1,14,15,0.9333,0.9333,0.0
PDB-CPX-172479,4f0e a1 i1,7f41 a1 i1,14,15,0.9333,0.9333,0.0
PDB-CPX-172479,4f0e a1 i1,7f42 a1 i1,14,15,0.9333,0.9333,0.0
PDB-CPX-172479,4f0e a1 i1,7f43 a1 i1,14,15,0.9333,0.9333,0.0
PDB-CPX-172479,4f0e a1 i1,7oqq a1 i1,14,14,1.0,0.8667,-0.1333
PDB-CPX-172479,4f0e a1 i1,7osp a1 i1,14,15,0.9333,0.9333,0.0
PDB-CPX-172479,4f0e a1 i1,7oss a1 i1,14,17,0.8235,0.8235,0.0
PDB-CPX-172479,4f0e a1 i1,7osx a1 i1,14,15,0.9333,0.9333,0.0
PDB-CPX-172479,4f0e a1 i1,7otf a1 i1,14,15,0.9333,0.9333,0.0
PDB-CPX-172479,4f0e a1 i1,7oth a1 i1,14,16,0.875,0.875,0.0
PDB-CPX-172479,4f0e a1 i1,7ouw a1 i1,14,15,0.9333,0.9333,0.0
PDB-CPX-172479,4f0e a1 i1,7oux a1 i1,14,18,0.7778,0.7778,0.0
PDB-CPX-172479,4f0e a1 i1,7pw3 a1 i1,14,15,0.9333,0.9333,0.0
PDB-CPX-172479,4f0e a1 i1,7pwa a1 i1,14,16,0.875,0.875,0.0
PDB-CPX-172479,4f0e a1 i1,7pwc a1 i1,14,16,0.875,0.875,0.0
PDB-CPX-172479,4f0e a1 i1,7pwk a1 i1,14,17,0.8235,0.8235,0.0
PDB-CPX-172479,4f0e a1 i1,7pwl a1 i1,14,15,0.9333,0.9333,0.0
PDB-CPX-172479,4f0e a1 i1,7pwm a1 i1,14,16,0.875,0.875,0.0
PDB-CPX-172479,4f0e a1 i1,7pwp a1 i1,14,16,0.875,0.875,0.0
PDB-CPX-172479,4f0e a1 i1,7pwq a1 i1,14,15,0.9333,0.9333,0.0
PDB-CPX-172479,4f0e a1 i1,7pwr a1 i1,14,16,0.875,0.875,0.0
PDB-CPX-172479,4f0e a1 i1,7pws a1 i1,14,15,0.9333,0.9333,0.0
PDB-CPX-172479,4f0e a1 i1,7pwu a1 i1,14,15,0.9333,0.9333,0.0
PDB-CPX-172479,4f0e a1 i1,7pww a1 i1,14,15,0.9333,0.9333,0.0
PDB-CPX-172479,4f0e a1 i1,7px6 a1 i1,14,16,0.875,0.875,0.0
PDB-CPX-172479,4f0e a1 i1,7px7 a1 i1,14,16,0.875,0.875,0.0
PDB-CPX-172479,4f0e a1 i1,7r3o a1 i1,14,18,0.7778,0.7778,0.0
PDB-CPX-172479,4f0e a1 i1,7r4a a1 i1,14,15,0.9333,0.9333,0.0
PDB-CPX-172479,4f0e a1 i1,7r5d a1 i1,14,16,0.875,0.875,0.0
PDB-CPX-172479,4f0e a1 i1,7z1v a1 i1,14,15,0.9333,0.9333,0.0
PDB-CPX-172479,4f0e a1 i1,7z1w a1 i1,14,16,0.875,0.875,0.0
PDB-CPX-172479,4f0e a1 i1,7z1y a1 i1,14,16,0.875,0.875,0.0
PDB-CPX-172479,4f0e a1 i1,7z2o a1 i1,14,15,0.9333,0.9333,0.0
PDB-CPX-172479,4f0e a1 i1,7z2q a1 i1,14,17,0.8235,0.8235,0.0
PDB-CPX-172479,4f0e a1 i1,7z41 a1 i1,14,14,1.0,0.8667,-0.1333
PDB-CPX-172479,4f0e a1 i1,8zv7 a1 i1,14,17,0.8235,0.8235,0.0
PDB-CPX-172479,4f0e a1 i1,9feg a1 i1,14,11,0.6667,0.6667,0.0
PDB-CPX-172479,4f0e a1 i1,9ifv a1 i1,14,7,0.4,0.4,0.0
PDB-CPX-172479,4f0e a1 i1,9ifv a2 i1,14,7,0.4,0.4,0.0
PDB-CPX-172479,4f0e a1 i1,9rlo a1 i1,14,10,0.4118,0.4118,0.0
PDB-CPX-172479,4f0e a1 i1,9rlp a1 i1,14,8,0.4667,0.4667,0.0
PDB-CPX-172479,4f0e a1 i1,9rlq a1 i1,14,12,0.7333,0.7333,0.0
PDB-CPX-172479,4f0e a1 i1,9rlr a1 i1,14,9,0.4375,0.4375,0.0
PDB-CPX-172479,4f0e a1 i1,9tcb a1 i1,14,15,0.9333,0.9333,0.0
PDB-CPX-172479,4f0e a2 i1,6ek3 a1 i1,16,15,0.9375,0.9375,0.0
PDB-CPX-172479,4f0e a2 i1,6ry4 a1 i1,16,15,0.9375,0.9375,0.0
PDB-CPX-172479,4f0e a2 i1,7f41 a1 i1,16,15,0.9375,0.9375,0.0
PDB-CPX-172479,4f0e a2 i1,7f42 a1 i1,16,15,0.9375,0.9375,0.0
PDB-CPX-172479,4f0e a2 i1,7f43 a1 i1,16,15,0.9375,0.9375,0.0
PDB-CPX-172479,4f0e a2 i1,7oqq a1 i1,16,14,0.875,0.875,0.0
PDB-CPX-172479,4f0e a2 i1,7osp a1 i1,16,15,0.9375,0.9375,0.0
PDB-CPX-172479,4f0e a2 i1,7oss a1 i1,16,17,0.9412,0.8333,-0.1078
PDB-CPX-172479,4f0e a2 i1,7osx a1 i1,16,15,0.9375,0.9375,0.0
PDB-CPX-172479,4f0e a2 i1,7otf a1 i1,16,15,0.9375,0.9375,0.0
PDB-CPX-172479,4f0e a2 i1,7oth a1 i1,16,16,1.0,0.8824,-0.1176
PDB-CPX-172479,4f0e a2 i1,7ouw a1 i1,16,15,0.9375,0.9375,0.0
PDB-CPX-172479,4f0e a2 i1,7oux a1 i1,16,18,0.8889,0.7895,-0.0994
PDB-CPX-172479,4f0e a2 i1,7pw3 a1 i1,16,15,0.9375,0.9375,0.0
PDB-CPX-172479,4f0e a2 i1,7pwa a1 i1,16,16,0.8824,0.8824,0.0
PDB-CPX-172479,4f0e a2 i1,7pwc a1 i1,16,16,0.8824,0.8824,0.0
PDB-CPX-172479,4f0e a2 i1,7pwk a1 i1,16,17,0.8333,0.8333,0.0
PDB-CPX-172479,4f0e a2 i1,7pwl a1 i1,16,15,0.9375,0.9375,0.0
PDB-CPX-172479,4f0e a2 i1,7pwm a1 i1,16,16,0.8824,0.8824,0.0
PDB-CPX-172479,4f0e a2 i1,7pwp a1 i1,16,16,0.8824,0.8824,0.0
PDB-CPX-172479,4f0e a2 i1,7pwq a1 i1,16,15,0.9375,0.9375,0.0
PDB-CPX-172479,4f0e a2 i1,7pwr a1 i1,16,16,0.8824,0.8824,0.0
PDB-CPX-172479,4f0e a2 i1,7pws a1 i1,16,15,0.9375,0.9375,0.0
PDB-CPX-172479,4f0e a2 i1,7pwu a1 i1,16,15,0.9375,0.9375,0.0
PDB-CPX-172479,4f0e a2 i1,7pww a1 i1,16,15,0.9375,0.9375,0.0
PDB-CPX-172479,4f0e a2 i1,7px6 a1 i1,16,16,0.8824,0.8824,0.0
PDB-CPX-172479,4f0e a2 i1,7px7 a1 i1,16,16,0.8824,0.8824,0.0
PDB-CPX-172479,4f0e a2 i1,7r3o a1 i1,16,18,0.7895,0.7895,0.0
PDB-CPX-172479,4f0e a2 i1,7r4a a1 i1,16,15,0.9375,0.9375,0.0
PDB-CPX-172479,4f0e a2 i1,7r5d a1 i1,16,16,0.8824,0.8824,0.0
PDB-CPX-172479,4f0e a2 i1,7z1v a1 i1,16,15,0.9375,0.9375,0.0
PDB-CPX-172479,4f0e a2 i1,7z1w a1 i1,16,16,0.8824,0.8824,0.0
PDB-CPX-172479,4f0e a2 i1,7z1y a1 i1,16,16,1.0,0.8824,-0.1176
PDB-CPX-172479,4f0e a2 i1,7z2o a1 i1,16,15,0.9375,0.9375,0.0
PDB-CPX-172479,4f0e a2 i1,7z2q a1 i1,16,17,0.8333,0.8333,0.0
PDB-CPX-172479,4f0e a2 i1,7z41 a1 i1,16,14,0.875,0.875,0.0
PDB-CPX-172479,4f0e a2 i1,8zv7 a1 i1,16,17,0.8333,0.8333,0.0
PDB-CPX-172479,4f0e a2 i1,9feg a1 i1,16,11,0.6875,0.6875,0.0
PDB-CPX-172479,4f0e a2 i1,9ifv a1 i1,16,7,0.4375,0.4375,0.0
PDB-CPX-172479,4f0e a2 i1,9ifv a2 i1,16,7,0.4375,0.4375,0.0
PDB-CPX-172479,4f0e a2 i1,9rlo a1 i1,16,10,0.4444,0.4444,0.0
PDB-CPX-172479,4f0e a2 i1,9rlp a1 i1,16,8,0.5,0.5,0.0
PDB-CPX-172479,4f0e a2 i1,9rlq a1 i1,16,12,0.75,0.75,0.0
PDB-CPX-172479,4f0e a2 i1,9rlr a1 i1,16,9,0.4706,0.4706,0.0
PDB-CPX-172479,4f0e a2 i1,9tcb a1 i1,16,15,0.9375,0.9375,0.0
PDB-CPX-172479,6ek3 a1 i1,6ry4 a1 i1,15,15,1.0,1.0,0.0
PDB-CPX-172479,6ek3 a1 i1,7f41 a1 i1,15,15,1.0,1.0,0.0
PDB-CPX-172479,6ek3 a1 i1,7f42 a1 i1,15,15,1.0,1.0,0.0
PDB-CPX-172479,6ek3 a1 i1,7f43 a1 i1,15,15,1.0,1.0,0.0
PDB-CPX-172479,6ek3 a1 i1,7oqq a1 i1,15,14,0.9333,0.9333,0.0
PDB-CPX-172479,6ek3 a1 i1,7osp a1 i1,15,15,1.0,1.0,0.0
PDB-CPX-172479,6ek3 a1 i1,7oss a1 i1,15,17,0.8824,0.8824,0.0
PDB-CPX-172479,6ek3 a1 i1,7osx a1 i1,15,15,1.0,1.0,0.0
PDB-CPX-172479,6ek3 a1 i1,7otf a1 i1,15,15,1.0,1.0,0.0
PDB-CPX-172479,6ek3 a1 i1,7oth a1 i1,15,16,0.9375,0.9375,0.0
PDB-CPX-172479,6ek3 a1 i1,7ouw a1 i1,15,15,1.0,1.0,0.0
PDB-CPX-172479,6ek3 a1 i1,7oux a1 i1,15,18,0.8333,0.8333,0.0
PDB-CPX-172479,6ek3 a1 i1,7pw3 a1 i1,15,15,1.0,1.0,0.0
PDB-CPX-172479,6ek3 a1 i1,7pwa a1 i1,15,16,0.9375,0.9375,0.0
PDB-CPX-172479,6ek3 a1 i1,7pwc a1 i1,15,16,0.9375,0.9375,0.0
PDB-CPX-172479,6ek3 a1 i1,7pwk a1 i1,15,17,0.8824,0.8824,0.0
PDB-CPX-172479,6ek3 a1 i1,7pwl a1 i1,15,15,1.0,1.0,0.0
PDB-CPX-172479,6ek3 a1 i1,7pwm a1 i1,15,16,0.9375,0.9375,0.0
PDB-CPX-172479,6ek3 a1 i1,7pwp a1 i1,15,16,0.9375,0.9375,0.0
PDB-CPX-172479,6ek3 a1 i1,7pwq a1 i1,15,15,1.0,1.0,0.0
PDB-CPX-172479,6ek3 a1 i1,7pwr a1 i1,15,16,0.9375,0.9375,0.0
PDB-CPX-172479,6ek3 a1 i1,7pws a1 i1,15,15,1.0,1.0,0.0
PDB-CPX-172479,6ek3 a1 i1,7pwu a1 i1,15,15,1.0,1.0,0.0
PDB-CPX-172479,6ek3 a1 i1,7pww a1 i1,15,15,1.0,1.0,0.0
PDB-CPX-172479,6ek3 a1 i1,7px6 a1 i1,15,16,0.9375,0.9375,0.0
PDB-CPX-172479,6ek3 a1 i1,7px7 a1 i1,15,16,0.9375,0.9375,0.0
PDB-CPX-172479,6ek3 a1 i1,7r3o a1 i1,15,18,0.8333,0.8333,0.0
PDB-CPX-172479,6ek3 a1 i1,7r4a a1 i1,15,15,1.0,1.0,0.0
PDB-CPX-172479,6ek3 a1 i1,7r5d a1 i1,15,16,0.9375,0.9375,0.0
PDB-CPX-172479,6ek3 a1 i1,7z1v a1 i1,15,15,1.0,1.0,0.0
PDB-CPX-172479,6ek3 a1 i1,7z1w a1 i1,15,16,0.9375,0.9375,0.0
PDB-CPX-172479,6ek3 a1 i1,7z1y a1 i1,15,16,0.9375,0.9375,0.0
PDB-CPX-172479,6ek3 a1 i1,7z2o a1 i1,15,15,1.0,1.0,0.0
PDB-CPX-172479,6ek3 a1 i1,7z2q a1 i1,15,17,0.8824,0.8824,0.0
PDB-CPX-172479,6ek3 a1 i1,7z41 a1 i1,15,14,0.9333,0.9333,0.0
PDB-CPX-172479,6ek3 a1 i1,8zv7 a1 i1,15,17,0.8824,0.8824,0.0
PDB-CPX-172479,6ek3 a1 i1,9feg a1 i1,15,11,0.7333,0.7333,0.0
PDB-CPX-172479,6ek3 a1 i1,9ifv a1 i1,15,7,0.4667,0.4667,0.0
PDB-CPX-172479,6ek3 a1 i1,9ifv a2 i1,15,7,0.4667,0.4667,0.0
PDB-CPX-172479,6ek3 a1 i1,9rlo a1 i1,15,10,0.4706,0.4706,0.0
PDB-CPX-172479,6ek3 a1 i1,9rlp a1 i1,15,8,0.5333,0.5333,0.0
PDB-CPX-172479,6ek3 a1 i1,9rlq a1 i1,15,12,0.8,0.8,0.0
PDB-CPX-172479,6ek3 a1 i1,9rlr a1 i1,15,9,0.5,0.5,0.0
PDB-CPX-172479,6ek3 a1 i1,9tcb a1 i1,15,15,1.0,1.0,0.0
PDB-CPX-172479,6ry4 a1 i1,7f41 a1 i1,15,15,1.0,1.0,0.0
PDB-CPX-172479,6ry4 a1 i1,7f42 a1 i1,15,15,1.0,1.0,0.0
PDB-CPX-172479,6ry4 a1 i1,7f43 a1 i1,15,15,1.0,1.0,0.0
PDB-CPX-172479,6ry4 a1 i1,7oqq a1 i1,15,14,0.9333,0.9333,0.0
PDB-CPX-172479,6ry4 a1 i1,7osp a1 i1,15,15,1.0,1.0,0.0
PDB-CPX-172479,6ry4 a1 i1,7oss a1 i1,15,17,0.8824,0.8824,0.0
PDB-CPX-172479,6ry4 a1 i1,7osx a1 i1,15,15,1.0,1.0,0.0
PDB-CPX-172479,6ry4 a1 i1,7otf a1 i1,15,15,1.0,1.0,0.0
PDB-CPX-172479,6ry4 a1 i1,7oth a1 i1,15,16,0.9375,0.9375,0.0
PDB-CPX-172479,6ry4 a1 i1,7ouw a1 i1,15,15,1.0,1.0,0.0
PDB-CPX-172479,6ry4 a1 i1,7oux a1 i1,15,18,0.8333,0.8333,0.0
PDB-CPX-172479,6ry4 a1 i1,7pw3 a1 i1,15,15,1.0,1.0,0.0
PDB-CPX-172479,6ry4 a1 i1,7pwa a1 i1,15,16,0.9375,0.9375,0.0
PDB-CPX-172479,6ry4 a1 i1,7pwc a1 i1,15,16,0.9375,0.9375,0.0
PDB-CPX-172479,6ry4 a1 i1,7pwk a1 i1,15,17,0.8824,0.8824,0.0
PDB-CPX-172479,6ry4 a1 i1,7pwl a1 i1,15,15,1.0,1.0,0.0
PDB-CPX-172479,6ry4 a1 i1,7pwm a1 i1,15,16,0.9375,0.9375,0.0
PDB-CPX-172479,6ry4 a1 i1,7pwp a1 i1,15,16,0.9375,0.9375,0.0
PDB-CPX-172479,6ry4 a1 i1,7pwq a1 i1,15,15,1.0,1.0,0.0
PDB-CPX-172479,6ry4 a1 i1,7pwr a1 i1,15,16,0.9375,0.9375,0.0
PDB-CPX-172479,6ry4 a1 i1,7pws a1 i1,15,15,1.0,1.0,0.0
PDB-CPX-172479,6ry4 a1 i1,7pwu a1 i1,15,15,1.0,1.0,0.0
PDB-CPX-172479,6ry4 a1 i1,7pww a1 i1,15,15,1.0,1.0,0.0
PDB-CPX-172479,6ry4 a1 i1,7px6 a1 i1,15,16,0.9375,0.9375,0.0
PDB-CPX-172479,6ry4 a1 i1,7px7 a1 i1,15,16,0.9375,0.9375,0.0
PDB-CPX-172479,6ry4 a1 i1,7r3o a1 i1,15,18,0.8333,0.8333,0.0
PDB-CPX-172479,6ry4 a1 i1,7r4a a1 i1,15,15,1.0,1.0,0.0
PDB-CPX-172479,6ry4 a1 i1,7r5d a1 i1,15,16,0.9375,0.9375,0.0
PDB-CPX-172479,6ry4 a1 i1,7z1v a1 i1,15,15,1.0,1.0,0.0
PDB-CPX-172479,6ry4 a1 i1,7z1w a1 i1,15,16,0.9375,0.9375,0.0
PDB-CPX-172479,6ry4 a1 i1,7z1y a1 i1,15,16,0.9375,0.9375,0.0
PDB-CPX-172479,6ry4 a1 i1,7z2o a1 i1,15,15,1.0,1.0,0.0
PDB-CPX-172479,6ry4 a1 i1,7z2q a1 i1,15,17,0.8824,0.8824,0.0
PDB-CPX-172479,6ry4 a1 i1,7z41 a1 i1,15,14,0.9333,0.9333,0.0
PDB-CPX-172479,6ry4 a1 i1,8zv7 a1 i1,15,17,0.8824,0.8824,0.0
PDB-CPX-172479,6ry4 a1 i1,9feg a1 i1,15,11,0.7333,0.7333,0.0
PDB-CPX-172479,6ry4 a1 i1,9ifv a1 i1,15,7,0.4667,0.4667,0.0
PDB-CPX-172479,6ry4 a1 i1,9ifv a2 i1,15,7,0.4667,0.4667,0.0
PDB-CPX-172479,6ry4 a1 i1,9rlo a1 i1,15,10,0.4706,0.4706,0.0
PDB-CPX-172479,6ry4 a1 i1,9rlp a1 i1,15,8,0.5333,0.5333,0.0
PDB-CPX-172479,6ry4 a1 i1,9rlq a1 i1,15,12,0.8,0.8,0.0
PDB-CPX-172479,6ry4 a1 i1,9rlr a1 i1,15,9,0.5,0.5,0.0
PDB-CPX-172479,6ry4 a1 i1,9tcb a1 i1,15,15,1.0,1.0,0.0
PDB-CPX-172479,7f41 a1 i1,7f42 a1 i1,15,15,1.0,1.0,0.0
PDB-CPX-172479,7f41 a1 i1,7f43 a1 i1,15,15,1.0,1.0,0.0
PDB-CPX-172479,7f41 a1 i1,7oqq a1 i1,15,14,0.9333,0.9333,0.0
PDB-CPX-172479,7f41 a1 i1,7osp a1 i1,15,15,1.0,1.0,0.0
PDB-CPX-172479,7f41 a1 i1,7oss a1 i1,15,17,0.8824,0.8824,0.0
PDB-CPX-172479,7f41 a1 i1,7osx a1 i1,15,15,1.0,1.0,0.0
PDB-CPX-172479,7f41 a1 i1,7otf a1 i1,15,15,1.0,1.0,0.0
PDB-CPX-172479,7f41 a1 i1,7oth a1 i1,15,16,0.9375,0.9375,0.0
PDB-CPX-172479,7f41 a1 i1,7ouw a1 i1,15,15,1.0,1.0,0.0
PDB-CPX-172479,7f41 a1 i1,7oux a1 i1,15,18,0.8333,0.8333,0.0
PDB-CPX-172479,7f41 a1 i1,7pw3 a1 i1,15,15,1.0,1.0,0.0
PDB-CPX-172479,7f41 a1 i1,7pwa a1 i1,15,16,0.9375,0.9375,0.0
PDB-CPX-172479,7f41 a1 i1,7pwc a1 i1,15,16,0.9375,0.9375,0.0
PDB-CPX-172479,7f41 a1 i1,7pwk a1 i1,15,17,0.8824,0.8824,0.0
PDB-CPX-172479,7f41 a1 i1,7pwl a1 i1,15,15,1.0,1.0,0.0
PDB-CPX-172479,7f41 a1 i1,7pwm a1 i1,15,16,0.9375,0.9375,0.0
PDB-CPX-172479,7f41 a1 i1,7pwp a1 i1,15,16,0.9375,0.9375,0.0
PDB-CPX-172479,7f41 a1 i1,7pwq a1 i1,15,15,1.0,1.0,0.0
PDB-CPX-172479,7f41 a1 i1,7pwr a1 i1,15,16,0.9375,0.9375,0.0
PDB-CPX-172479,7f41 a1 i1,7pws a1 i1,15,15,1.0,1.0,0.0
PDB-CPX-172479,7f41 a1 i1,7pwu a1 i1,15,15,1.0,1.0,0.0
PDB-CPX-172479,7f41 a1 i1,7pww a1 i1,15,15,1.0,1.0,0.0
PDB-CPX-172479,7f41 a1 i1,7px6 a1 i1,15,16,0.9375,0.9375,0.0
PDB-CPX-172479,7f41 a1 i1,7px7 a1 i1,15,16,0.9375,0.9375,0.0
PDB-CPX-172479,7f41 a1 i1,7r3o a1 i1,15,18,0.8333,0.8333,0.0
PDB-CPX-172479,7f41 a1 i1,7r4a a1 i1,15,15,1.0,1.0,0.0
PDB-CPX-172479,7f41 a1 i1,7r5d a1 i1,15,16,0.9375,0.9375,0.0
PDB-CPX-172479,7f41 a1 i1,7z1v a1 i1,15,15,1.0,1.0,0.0
PDB-CPX-172479,7f41 a1 i1,7z1w a1 i1,15,16,0.9375,0.9375,0.0
PDB-CPX-172479,7f41 a1 i1,7z1y a1 i1,15,16,0.9375,0.9375,0.0
PDB-CPX-172479,7f41 a1 i1,7z2o a1 i1,15,15,1.0,1.0,0.0
PDB-CPX-172479,7f41 a1 i1,7z2q a1 i1,15,17,0.8824,0.8824,0.0
PDB-CPX-172479,7f41 a1 i1,7z41 a1 i1,15,14,0.9333,0.9333,0.0
PDB-CPX-172479,7f41 a1 i1,8zv7 a1 i1,15,17,0.8824,0.8824,0.0
PDB-CPX-172479,7f41 a1 i1,9feg a1 i1,15,11,0.7333,0.7333,0.0
PDB-CPX-172479,7f41 a1 i1,9ifv a1 i1,15,7,0.4667,0.4667,0.0
PDB-CPX-172479,7f41 a1 i1,9ifv a2 i1,15,7,0.4667,0.4667,0.0
PDB-CPX-172479,7f41 a1 i1,9rlo a1 i1,15,10,0.4706,0.4706,0.0
PDB-CPX-172479,7f41 a1 i1,9rlp a1 i1,15,8,0.5333,0.5333,0.0
PDB-CPX-172479,7f41 a1 i1,9rlq a1 i1,15,12,0.8,0.8,0.0
PDB-CPX-172479,7f41 a1 i1,9rlr a1 i1,15,9,0.5,0.5,0.0
PDB-CPX-172479,7f41 a1 i1,9tcb a1 i1,15,15,1.0,1.0,0.0
PDB-CPX-172479,7f42 a1 i1,7f43 a1 i1,15,15,1.0,1.0,0.0
PDB-CPX-172479,7f42 a1 i1,7oqq a1 i1,15,14,0.9333,0.9333,0.0
PDB-CPX-172479,7f42 a1 i1,7osp a1 i1,15,15,1.0,1.0,0.0
PDB-CPX-172479,7f42 a1 i1,7oss a1 i1,15,17,0.8824,0.8824,0.0
PDB-CPX-172479,7f42 a1 i1,7osx a1 i1,15,15,1.0,1.0,0.0
PDB-CPX-172479,7f42 a1 i1,7otf a1 i1,15,15,1.0,1.0,0.0
PDB-CPX-172479,7f42 a1 i1,7oth a1 i1,15,16,0.9375,0.9375,0.0
PDB-CPX-172479,7f42 a1 i1,7ouw a1 i1,15,15,1.0,1.0,0.0
PDB-CPX-172479,7f42 a1 i1,7oux a1 i1,15,18,0.8333,0.8333,0.0
PDB-CPX-172479,7f42 a1 i1,7pw3 a1 i1,15,15,1.0,1.0,0.0
PDB-CPX-172479,7f42 a1 i1,7pwa a1 i1,15,16,0.9375,0.9375,0.0
PDB-CPX-172479,7f42 a1 i1,7pwc a1 i1,15,16,0.9375,0.9375,0.0
PDB-CPX-172479,7f42 a1 i1,7pwk a1 i1,15,17,0.8824,0.8824,0.0
PDB-CPX-172479,7f42 a1 i1,7pwl a1 i1,15,15,1.0,1.0,0.0
PDB-CPX-172479,7f42 a1 i1,7pwm a1 i1,15,16,0.9375,0.9375,0.0
PDB-CPX-172479,7f42 a1 i1,7pwp a1 i1,15,16,0.9375,0.9375,0.0
PDB-CPX-172479,7f42 a1 i1,7pwq a1 i1,15,15,1.0,1.0,0.0
PDB-CPX-172479,7f42 a1 i1,7pwr a1 i1,15,16,0.9375,0.9375,0.0
PDB-CPX-172479,7f42 a1 i1,7pws a1 i1,15,15,1.0,1.0,0.0
PDB-CPX-172479,7f42 a1 i1,7pwu a1 i1,15,15,1.0,1.0,0.0
PDB-CPX-172479,7f42 a1 i1,7pww a1 i1,15,15,1.0,1.0,0.0
PDB-CPX-172479,7f42 a1 i1,7px6 a1 i1,15,16,0.9375,0.9375,0.0
PDB-CPX-172479,7f42 a1 i1,7px7 a1 i1,15,16,0.9375,0.9375,0.0
PDB-CPX-172479,7f42 a1 i1,7r3o a1 i1,15,18,0.8333,0.8333,0.0
PDB-CPX-172479,7f42 a1 i1,7r4a a1 i1,15,15,1.0,1.0,0.0
PDB-CPX-172479,7f42 a1 i1,7r5d a1 i1,15,16,0.9375,0.9375,0.0
PDB-CPX-172479,7f42 a1 i1,7z1v a1 i1,15,15,1.0,1.0,0.0
PDB-CPX-172479,7f42 a1 i1,7z1w a1 i1,15,16,0.9375,0.9375,0.0
PDB-CPX-172479,7f42 a1 i1,7z1y a1 i1,15,16,0.9375,0.9375,0.0
PDB-CPX-172479,7f42 a1 i1,7z2o a1 i1,15,15,1.0,1.0,0.0
PDB-CPX-172479,7f42 a1 i1,7z2q a1 i1,15,17,0.8824,0.8824,0.0
PDB-CPX-172479,7f42 a1 i1,7z41 a1 i1,15,14,0.9333,0.9333,0.0
PDB-CPX-172479,7f42 a1 i1,8zv7 a1 i1,15,17,0.8824,0.8824,0.0
PDB-CPX-172479,7f42 a1 i1,9feg a1 i1,15,11,0.7333,0.7333,0.0
PDB-CPX-172479,7f42 a1 i1,9ifv a1 i1,15,7,0.4667,0.4667,0.0
PDB-CPX-172479,7f42 a1 i1,9ifv a2 i1,15,7,0.4667,0.4667,0.0
PDB-CPX-172479,7f42 a1 i1,9rlo a1 i1,15,10,0.4706,0.4706,0.0
PDB-CPX-172479,7f42 a1 i1,9rlp a1 i1,15,8,0.5333,0.5333,0.0
PDB-CPX-172479,7f42 a1 i1,9rlq a1 i1,15,12,0.8,0.8,0.0
PDB-CPX-172479,7f42 a1 i1,9rlr a1 i1,15,9,0.5,0.5,0.0
PDB-CPX-172479,7f42 a1 i1,9tcb a1 i1,15,15,1.0,1.0,0.0
PDB-CPX-172479,7f43 a1 i1,7oqq a1 i1,15,14,0.9333,0.9333,0.0
PDB-CPX-172479,7f43 a1 i1,7osp a1 i1,15,15,1.0,1.0,0.0
PDB-CPX-172479,7f43 a1 i1,7oss a1 i1,15,17,0.8824,0.8824,0.0
PDB-CPX-172479,7f43 a1 i1,7osx a1 i1,15,15,1.0,1.0,0.0
PDB-CPX-172479,7f43 a1 i1,7otf a1 i1,15,15,1.0,1.0,0.0
PDB-CPX-172479,7f43 a1 i1,7oth a1 i1,15,16,0.9375,0.9375,0.0
PDB-CPX-172479,7f43 a1 i1,7ouw a1 i1,15,15,1.0,1.0,0.0
PDB-CPX-172479,7f43 a1 i1,7oux a1 i1,15,18,0.8333,0.8333,0.0
PDB-CPX-172479,7f43 a1 i1,7pw3 a1 i1,15,15,1.0,1.0,0.0
PDB-CPX-172479,7f43 a1 i1,7pwa a1 i1,15,16,0.9375,0.9375,0.0
PDB-CPX-172479,7f43 a1 i1,7pwc a1 i1,15,16,0.9375,0.9375,0.0
PDB-CPX-172479,7f43 a1 i1,7pwk a1 i1,15,17,0.8824,0.8824,0.0
PDB-CPX-172479,7f43 a1 i1,7pwl a1 i1,15,15,1.0,1.0,0.0
PDB-CPX-172479,7f43 a1 i1,7pwm a1 i1,15,16,0.9375,0.9375,0.0
PDB-CPX-172479,7f43 a1 i1,7pwp a1 i1,15,16,0.9375,0.9375,0.0
PDB-CPX-172479,7f43 a1 i1,7pwq a1 i1,15,15,1.0,1.0,0.0
PDB-CPX-172479,7f43 a1 i1,7pwr a1 i1,15,16,0.9375,0.9375,0.0
PDB-CPX-172479,7f43 a1 i1,7pws a1 i1,15,15,1.0,1.0,0.0
PDB-CPX-172479,7f43 a1 i1,7pwu a1 i1,15,15,1.0,1.0,0.0
PDB-CPX-172479,7f43 a1 i1,7pww a1 i1,15,15,1.0,1.0,0.0
PDB-CPX-172479,7f43 a1 i1,7px6 a1 i1,15,16,0.9375,0.9375,0.0
PDB-CPX-172479,7f43 a1 i1,7px7 a1 i1,15,16,0.9375,0.9375,0.0
PDB-CPX-172479,7f43 a1 i1,7r3o a1 i1,15,18,0.8333,0.8333,0.0
PDB-CPX-172479,7f43 a1 i1,7r4a a1 i1,15,15,1.0,1.0,0.0
PDB-CPX-172479,7f43 a1 i1,7r5d a1 i1,15,16,0.9375,0.9375,0.0
PDB-CPX-172479,7f43 a1 i1,7z1v a1 i1,15,15,1.0,1.0,0.0
PDB-CPX-172479,7f43 a1 i1,7z1w a1 i1,15,16,0.9375,0.9375,0.0
PDB-CPX-172479,7f43 a1 i1,7z1y a1 i1,15,16,0.9375,0.9375,0.0
PDB-CPX-172479,7f43 a1 i1,7z2o a1 i1,15,15,1.0,1.0,0.0
PDB-CPX-172479,7f43 a1 i1,7z2q a1 i1,15,17,0.8824,0.8824,0.0
PDB-CPX-172479,7f43 a1 i1,7z41 a1 i1,15,14,0.9333,0.9333,0.0
PDB-CPX-172479,7f43 a1 i1,8zv7 a1 i1,15,17,0.8824,0.8824,0.0
PDB-CPX-172479,7f43 a1 i1,9feg a1 i1,15,11,0.7333,0.7333,0.0
PDB-CPX-172479,7f43 a1 i1,9ifv a1 i1,15,7,0.4667,0.4667,0.0
PDB-CPX-172479,7f43 a1 i1,9ifv a2 i1,15,7,0.4667,0.4667,0.0
PDB-CPX-172479,7f43 a1 i1,9rlo a1 i1,15,10,0.4706,0.4706,0.0
PDB-CPX-172479,7f43 a1 i1,9rlp a1 i1,15,8,0.5333,0.5333,0.0
PDB-CPX-172479,7f43 a1 i1,9rlq a1 i1,15,12,0.8,0.8,0.0
PDB-CPX-172479,7f43 a1 i1,9rlr a1 i1,15,9,0.5,0.5,0.0
PDB-CPX-172479,7f43 a1 i1,9tcb a1 i1,15,15,1.0,1.0,0.0
PDB-CPX-172479,7oqq a1 i1,7osp a1 i1,14,15,0.9333,0.9333,0.0
PDB-CPX-172479,7oqq a1 i1,7oss a1 i1,14,17,0.8235,0.8235,0.0
PDB-CPX-172479,7oqq a1 i1,7osx a1 i1,14,15,0.9333,0.9333,0.0
PDB-CPX-172479,7oqq a1 i1,7otf a1 i1,14,15,0.9333,0.9333,0.0
PDB-CPX-172479,7oqq a1 i1,7oth a1 i1,14,16,0.875,0.875,0.0
PDB-CPX-172479,7oqq a1 i1,7ouw a1 i1,14,15,0.9333,0.9333,0.0
PDB-CPX-172479,7oqq a1 i1,7oux a1 i1,14,18,0.7778,0.7778,0.0
PDB-CPX-172479,7oqq a1 i1,7pw3 a1 i1,14,15,0.9333,0.9333,0.0
PDB-CPX-172479,7oqq a1 i1,7pwa a1 i1,14,16,0.875,0.875,0.0
PDB-CPX-172479,7oqq a1 i1,7pwc a1 i1,14,16,0.875,0.875,0.0
PDB-CPX-172479,7oqq a1 i1,7pwk a1 i1,14,17,0.8235,0.8235,0.0
PDB-CPX-172479,7oqq a1 i1,7pwl a1 i1,14,15,0.9333,0.9333,0.0
PDB-CPX-172479,7oqq a1 i1,7pwm a1 i1,14,16,0.875,0.875,0.0
PDB-CPX-172479,7oqq a1 i1,7pwp a1 i1,14,16,0.875,0.875,0.0
PDB-CPX-172479,7oqq a1 i1,7pwq a1 i1,14,15,0.9333,0.9333,0.0
PDB-CPX-172479,7oqq a1 i1,7pwr a1 i1,14,16,0.875,0.875,0.0
PDB-CPX-172479,7oqq a1 i1,7pws a1 i1,14,15,0.9333,0.9333,0.0
PDB-CPX-172479,7oqq a1 i1,7pwu a1 i1,14,15,0.9333,0.9333,0.0
PDB-CPX-172479,7oqq a1 i1,7pww a1 i1,14,15,0.9333,0.9333,0.0
PDB-CPX-172479,7oqq a1 i1,7px6 a1 i1,14,16,0.875,0.875,0.0
PDB-CPX-172479,7oqq a1 i1,7px7 a1 i1,14,16,0.875,0.875,0.0
PDB-CPX-172479,7oqq a1 i1,7r3o a1 i1,14,18,0.7778,0.7778,0.0
PDB-CPX-172479,7oqq a1 i1,7r4a a1 i1,14,15,0.9333,0.9333,0.0
PDB-CPX-172479,7oqq a1 i1,7r5d a1 i1,14,16,0.875,0.875,0.0
PDB-CPX-172479,7oqq a1 i1,7z1v a1 i1,14,15,0.9333,0.9333,0.0
PDB-CPX-172479,7oqq a1 i1,7z1w a1 i1,14,16,0.875,0.875,0.0
PDB-CPX-172479,7oqq a1 i1,7z1y a1 i1,14,16,0.875,0.875,0.0
PDB-CPX-172479,7oqq a1 i1,7z2o a1 i1,14,15,0.9333,0.9333,0.0
PDB-CPX-172479,7oqq a1 i1,7z2q a1 i1,14,17,0.8235,0.8235,0.0
PDB-CPX-172479,7oqq a1 i1,7z41 a1 i1,14,14,1.0,0.8667,-0.1333
PDB-CPX-172479,7oqq a1 i1,8zv7 a1 i1,14,17,0.8235,0.8235,0.0
PDB-CPX-172479,7oqq a1 i1,9feg a1 i1,14,11,0.6667,0.6667,0.0
PDB-CPX-172479,7oqq a1 i1,9ifv a1 i1,14,7,0.4,0.4,0.0
PDB-CPX-172479,7oqq a1 i1,9ifv a2 i1,14,7,0.4,0.4,0.0
PDB-CPX-172479,7oqq a1 i1,9rlo a1 i1,14,10,0.4118,0.4118,0.0
PDB-CPX-172479,7oqq a1 i1,9rlp a1 i1,14,8,0.4667,0.4667,0.0
PDB-CPX-172479,7oqq a1 i1,9rlq a1 i1,14,12,0.7333,0.7333,0.0
PDB-CPX-172479,7oqq a1 i1,9rlr a1 i1,14,9,0.4375,0.4375,0.0
PDB-CPX-172479,7oqq a1 i1,9tcb a1 i1,14,15,0.9333,0.9333,0.0
PDB-CPX-172479,7osp a1 i1,7oss a1 i1,15,17,0.8824,0.8824,0.0
PDB-CPX-172479,7osp a1 i1,7osx a1 i1,15,15,1.0,1.0,0.0
PDB-CPX-172479,7osp a1 i1,7otf a1 i1,15,15,1.0,1.0,0.0
PDB-CPX-172479,7osp a1 i1,7oth a1 i1,15,16,0.9375,0.9375,0.0
PDB-CPX-172479,7osp a1 i1,7ouw a1 i1,15,15,1.0,1.0,0.0
PDB-CPX-172479,7osp a1 i1,7oux a1 i1,15,18,0.8333,0.8333,0.0
PDB-CPX-172479,7osp a1 i1,7pw3 a1 i1,15,15,1.0,1.0,0.0
PDB-CPX-172479,7osp a1 i1,7pwa a1 i1,15,16,0.9375,0.9375,0.0
PDB-CPX-172479,7osp a1 i1,7pwc a1 i1,15,16,0.9375,0.9375,0.0
PDB-CPX-172479,7osp a1 i1,7pwk a1 i1,15,17,0.8824,0.8824,0.0
PDB-CPX-172479,7osp a1 i1,7pwl a1 i1,15,15,1.0,1.0,0.0
PDB-CPX-172479,7osp a1 i1,7pwm a1 i1,15,16,0.9375,0.9375,0.0
PDB-CPX-172479,7osp a1 i1,7pwp a1 i1,15,16,0.9375,0.9375,0.0
PDB-CPX-172479,7osp a1 i1,7pwq a1 i1,15,15,1.0,1.0,0.0
PDB-CPX-172479,7osp a1 i1,7pwr a1 i1,15,16,0.9375,0.9375,0.0
PDB-CPX-172479,7osp a1 i1,7pws a1 i1,15,15,1.0,1.0,0.0
PDB-CPX-172479,7osp a1 i1,7pwu a1 i1,15,15,1.0,1.0,0.0
PDB-CPX-172479,7osp a1 i1,7pww a1 i1,15,15,1.0,1.0,0.0
PDB-CPX-172479,7osp a1 i1,7px6 a1 i1,15,16,0.9375,0.9375,0.0
PDB-CPX-172479,7osp a1 i1,7px7 a1 i1,15,16,0.9375,0.9375,0.0
PDB-CPX-172479,7osp a1 i1,7r3o a1 i1,15,18,0.8333,0.8333,0.0
PDB-CPX-172479,7osp a1 i1,7r4a a1 i1,15,15,1.0,1.0,0.0
PDB-CPX-172479,7osp a1 i1,7r5d a1 i1,15,16,0.9375,0.9375,0.0
PDB-CPX-172479,7osp a1 i1,7z1v a1 i1,15,15,1.0,1.0,0.0
PDB-CPX-172479,7osp a1 i1,7z1w a1 i1,15,16,0.9375,0.9375,0.0
PDB-CPX-172479,7osp a1 i1,7z1y a1 i1,15,16,0.9375,0.9375,0.0
PDB-CPX-172479,7osp a1 i1,7z2o a1 i1,15,15,1.0,1.0,0.0
PDB-CPX-172479,7osp a1 i1,7z2q a1 i1,15,17,0.8824,0.8824,0.0
PDB-CPX-172479,7osp a1 i1,7z41 a1 i1,15,14,0.9333,0.9333,0.0
PDB-CPX-172479,7osp a1 i1,8zv7 a1 i1,15,17,0.8824,0.8824,0.0
PDB-CPX-172479,7osp a1 i1,9feg a1 i1,15,11,0.7333,0.7333,0.0
PDB-CPX-172479,7osp a1 i1,9ifv a1 i1,15,7,0.4667,0.4667,0.0
PDB-CPX-172479,7osp a1 i1,9ifv a2 i1,15,7,0.4667,0.4667,0.0
PDB-CPX-172479,7osp a1 i1,9rlo a1 i1,15,10,0.4706,0.4706,0.0
PDB-CPX-172479,7osp a1 i1,9rlp a1 i1,15,8,0.5333,0.5333,0.0
PDB-CPX-172479,7osp a1 i1,9rlq a1 i1,15,12,0.8,0.8,0.0
PDB-CPX-172479,7osp a1 i1,9rlr a1 i1,15,9,0.5,0.5,0.0
PDB-CPX-172479,7osp a1 i1,9tcb a1 i1,15,15,1.0,1.0,0.0
PDB-CPX-172479,7oss a1 i1,7osx a1 i1,17,15,0.8824,0.8824,0.0
PDB-CPX-172479,7oss a1 i1,7otf a1 i1,17,15,0.8824,0.8824,0.0
PDB-CPX-172479,7oss a1 i1,7oth a1 i1,17,16,0.9412,0.8333,-0.1078
PDB-CPX-172479,7oss a1 i1,7ouw a1 i1,17,15,0.8824,0.8824,0.0
PDB-CPX-172479,7oss a1 i1,7oux a1 i1,17,18,0.8421,0.75,-0.0921
PDB-CPX-172479,7oss a1 i1,7pw3 a1 i1,17,15,0.8824,0.8824,0.0
PDB-CPX-172479,7oss a1 i1,7pwa a1 i1,17,16,0.8333,0.8333,0.0
PDB-CPX-172479,7oss a1 i1,7pwc a1 i1,17,16,0.8333,0.8333,0.0
PDB-CPX-172479,7oss a1 i1,7pwk a1 i1,17,17,0.7895,0.7895,0.0
PDB-CPX-172479,7oss a1 i1,7pwl a1 i1,17,15,0.8824,0.8824,0.0
PDB-CPX-172479,7oss a1 i1,7pwm a1 i1,17,16,0.8333,0.8333,0.0
PDB-CPX-172479,7oss a1 i1,7pwp a1 i1,17,16,0.8333,0.8333,0.0
PDB-CPX-172479,7oss a1 i1,7pwq a1 i1,17,15,0.8824,0.8824,0.0
PDB-CPX-172479,7oss a1 i1,7pwr a1 i1,17,16,0.8333,0.8333,0.0
PDB-CPX-172479,7oss a1 i1,7pws a1 i1,17,15,0.8824,0.8824,0.0
PDB-CPX-172479,7oss a1 i1,7pwu a1 i1,17,15,0.8824,0.8824,0.0
PDB-CPX-172479,7oss a1 i1,7pww a1 i1,17,15,0.8824,0.8824,0.0
PDB-CPX-172479,7oss a1 i1,7px6 a1 i1,17,16,0.8333,0.8333,0.0
PDB-CPX-172479,7oss a1 i1,7px7 a1 i1,17,16,0.8333,0.8333,0.0
PDB-CPX-172479,7oss a1 i1,7r3o a1 i1,17,18,0.75,0.75,0.0
PDB-CPX-172479,7oss a1 i1,7r4a a1 i1,17,15,0.8824,0.8824,0.0
PDB-CPX-172479,7oss a1 i1,7r5d a1 i1,17,16,0.8333,0.8333,0.0
PDB-CPX-172479,7oss a1 i1,7z1v a1 i1,17,15,0.8824,0.8824,0.0
PDB-CPX-172479,7oss a1 i1,7z1w a1 i1,17,16,0.8333,0.8333,0.0
PDB-CPX-172479,7oss a1 i1,7z1y a1 i1,17,16,0.9412,0.8333,-0.1078
PDB-CPX-172479,7oss a1 i1,7z2o a1 i1,17,15,0.8824,0.8824,0.0
PDB-CPX-172479,7oss a1 i1,7z2q a1 i1,17,17,0.7895,0.7895,0.0
PDB-CPX-172479,7oss a1 i1,7z41 a1 i1,17,14,0.8235,0.8235,0.0
PDB-CPX-172479,7oss a1 i1,8zv7 a1 i1,17,17,0.7895,0.7895,0.0
PDB-CPX-172479,7oss a1 i1,9feg a1 i1,17,11,0.6471,0.6471,0.0
PDB-CPX-172479,7oss a1 i1,9ifv a1 i1,17,7,0.4118,0.4118,0.0
PDB-CPX-172479,7oss a1 i1,9ifv a2 i1,17,7,0.4118,0.4118,0.0
PDB-CPX-172479,7oss a1 i1,9rlo a1 i1,17,10,0.4211,0.4211,0.0
PDB-CPX-172479,7oss a1 i1,9rlp a1 i1,17,8,0.4706,0.4706,0.0
PDB-CPX-172479,7oss a1 i1,9rlq a1 i1,17,12,0.7059,0.7059,0.0
PDB-CPX-172479,7oss a1 i1,9rlr a1 i1,17,9,0.4444,0.4444,0.0
PDB-CPX-172479,7oss a1 i1,9tcb a1 i1,17,15,0.8824,0.8824,0.0
PDB-CPX-172479,7osx a1 i1,7otf a1 i1,15,15,1.0,1.0,0.0
PDB-CPX-172479,7osx a1 i1,7oth a1 i1,15,16,0.9375,0.9375,0.0
PDB-CPX-172479,7osx a1 i1,7ouw a1 i1,15,15,1.0,1.0,0.0
PDB-CPX-172479,7osx a1 i1,7oux a1 i1,15,18,0.8333,0.8333,0.0
PDB-CPX-172479,7osx a1 i1,7pw3 a1 i1,15,15,1.0,1.0,0.0
PDB-CPX-172479,7osx a1 i1,7pwa a1 i1,15,16,0.9375,0.9375,0.0
PDB-CPX-172479,7osx a1 i1,7pwc a1 i1,15,16,0.9375,0.9375,0.0
PDB-CPX-172479,7osx a1 i1,7pwk a1 i1,15,17,0.8824,0.8824,0.0
PDB-CPX-172479,7osx a1 i1,7pwl a1 i1,15,15,1.0,1.0,0.0
PDB-CPX-172479,7osx a1 i1,7pwm a1 i1,15,16,0.9375,0.9375,0.0
PDB-CPX-172479,7osx a1 i1,7pwp a1 i1,15,16,0.9375,0.9375,0.0
PDB-CPX-172479,7osx a1 i1,7pwq a1 i1,15,15,1.0,1.0,0.0
PDB-CPX-172479,7osx a1 i1,7pwr a1 i1,15,16,0.9375,0.9375,0.0
PDB-CPX-172479,7osx a1 i1,7pws a1 i1,15,15,1.0,1.0,0.0
PDB-CPX-172479,7osx a1 i1,7pwu a1 i1,15,15,1.0,1.0,0.0
PDB-CPX-172479,7osx a1 i1,7pww a1 i1,15,15,1.0,1.0,0.0
PDB-CPX-172479,7osx a1 i1,7px6 a1 i1,15,16,0.9375,0.9375,0.0
PDB-CPX-172479,7osx a1 i1,7px7 a1 i1,15,16,0.9375,0.9375,0.0
PDB-CPX-172479,7osx a1 i1,7r3o a1 i1,15,18,0.8333,0.8333,0.0
PDB-CPX-172479,7osx a1 i1,7r4a a1 i1,15,15,1.0,1.0,0.0
PDB-CPX-172479,7osx a1 i1,7r5d a1 i1,15,16,0.9375,0.9375,0.0
PDB-CPX-172479,7osx a1 i1,7z1v a1 i1,15,15,1.0,1.0,0.0
PDB-CPX-172479,7osx a1 i1,7z1w a1 i1,15,16,0.9375,0.9375,0.0
PDB-CPX-172479,7osx a1 i1,7z1y a1 i1,15,16,0.9375,0.9375,0.0
PDB-CPX-172479,7osx a1 i1,7z2o a1 i1,15,15,1.0,1.0,0.0
PDB-CPX-172479,7osx a1 i1,7z2q a1 i1,15,17,0.8824,0.8824,0.0
PDB-CPX-172479,7osx a1 i1,7z41 a1 i1,15,14,0.9333,0.9333,0.0
PDB-CPX-172479,7osx a1 i1,8zv7 a1 i1,15,17,0.8824,0.8824,0.0
PDB-CPX-172479,7osx a1 i1,9feg a1 i1,15,11,0.7333,0.7333,0.0
PDB-CPX-172479,7osx a1 i1,9ifv a1 i1,15,7,0.4667,0.4667,0.0
PDB-CPX-172479,7osx a1 i1,9ifv a2 i1,15,7,0.4667,0.4667,0.0
PDB-CPX-172479,7osx a1 i1,9rlo a1 i1,15,10,0.4706,0.4706,0.0
PDB-CPX-172479,7osx a1 i1,9rlp a1 i1,15,8,0.5333,0.5333,0.0
PDB-CPX-172479,7osx a1 i1,9rlq a1 i1,15,12,0.8,0.8,0.0
PDB-CPX-172479,7osx a1 i1,9rlr a1 i1,15,9,0.5,0.5,0.0
PDB-CPX-172479,7osx a1 i1,9tcb a1 i1,15,15,1.0,1.0,0.0
PDB-CPX-172479,7otf a1 i1,7oth a1 i1,15,16,0.9375,0.9375,0.0
PDB-CPX-172479,7otf a1 i1,7ouw a1 i1,15,15,1.0,1.0,0.0
PDB-CPX-172479,7otf a1 i1,7oux a1 i1,15,18,0.8333,0.8333,0.0
PDB-CPX-172479,7otf a1 i1,7pw3 a1 i1,15,15,1.0,1.0,0.0
PDB-CPX-172479,7otf a1 i1,7pwa a1 i1,15,16,0.9375,0.9375,0.0
PDB-CPX-172479,7otf a1 i1,7pwc a1 i1,15,16,0.9375,0.9375,0.0
PDB-CPX-172479,7otf a1 i1,7pwk a1 i1,15,17,0.8824,0.8824,0.0
PDB-CPX-172479,7otf a1 i1,7pwl a1 i1,15,15,1.0,1.0,0.0
PDB-CPX-172479,7otf a1 i1,7pwm a1 i1,15,16,0.9375,0.9375,0.0
PDB-CPX-172479,7otf a1 i1,7pwp a1 i1,15,16,0.9375,0.9375,0.0
PDB-CPX-172479,7otf a1 i1,7pwq a1 i1,15,15,1.0,1.0,0.0
PDB-CPX-172479,7otf a1 i1,7pwr a1 i1,15,16,0.9375,0.9375,0.0
PDB-CPX-172479,7otf a1 i1,7pws a1 i1,15,15,1.0,1.0,0.0
PDB-CPX-172479,7otf a1 i1,7pwu a1 i1,15,15,1.0,1.0,0.0
PDB-CPX-172479,7otf a1 i1,7pww a1 i1,15,15,1.0,1.0,0.0
PDB-CPX-172479,7otf a1 i1,7px6 a1 i1,15,16,0.9375,0.9375,0.0
PDB-CPX-172479,7otf a1 i1,7px7 a1 i1,15,16,0.9375,0.9375,0.0
PDB-CPX-172479,7otf a1 i1,7r3o a1 i1,15,18,0.8333,0.8333,0.0
PDB-CPX-172479,7otf a1 i1,7r4a a1 i1,15,15,1.0,1.0,0.0
PDB-CPX-172479,7otf a1 i1,7r5d a1 i1,15,16,0.9375,0.9375,0.0
PDB-CPX-172479,7otf a1 i1,7z1v a1 i1,15,15,1.0,1.0,0.0
PDB-CPX-172479,7otf a1 i1,7z1w a1 i1,15,16,0.9375,0.9375,0.0
PDB-CPX-172479,7otf a1 i1,7z1y a1 i1,15,16,0.9375,0.9375,0.0
PDB-CPX-172479,7otf a1 i1,7z2o a1 i1,15,15,1.0,1.0,0.0
PDB-CPX-172479,7otf a1 i1,7z2q a1 i1,15,17,0.8824,0.8824,0.0
PDB-CPX-172479,7otf a1 i1,7z41 a1 i1,15,14,0.9333,0.9333,0.0
PDB-CPX-172479,7otf a1 i1,8zv7 a1 i1,15,17,0.8824,0.8824,0.0
PDB-CPX-172479,7otf a1 i1,9feg a1 i1,15,11,0.7333,0.7333,0.0
PDB-CPX-172479,7otf a1 i1,9ifv a1 i1,15,7,0.4667,0.4667,0.0
PDB-CPX-172479,7otf a1 i1,9ifv a2 i1,15,7,0.4667,0.4667,0.0
PDB-CPX-172479,7otf a1 i1,9rlo a1 i1,15,10,0.4706,0.4706,0.0
PDB-CPX-172479,7otf a1 i1,9rlp a1 i1,15,8,0.5333,0.5333,0.0
PDB-CPX-172479,7otf a1 i1,9rlq a1 i1,15,12,0.8,0.8,0.0
PDB-CPX-172479,7otf a1 i1,9rlr a1 i1,15,9,0.5,0.5,0.0
PDB-CPX-172479,7otf a1 i1,9tcb a1 i1,15,15,1.0,1.0,0.0
PDB-CPX-172479,7oth a1 i1,7ouw a1 i1,16,15,0.9375,0.9375,0.0
PDB-CPX-172479,7oth a1 i1,7oux a1 i1,16,18,0.8889,0.7895,-0.0994
PDB-CPX-172479,7oth a1 i1,7pw3 a1 i1,16,15,0.9375,0.9375,0.0
PDB-CPX-172479,7oth a1 i1,7pwa a1 i1,16,16,0.8824,0.8824,0.0
PDB-CPX-172479,7oth a1 i1,7pwc a1 i1,16,16,0.8824,0.8824,0.0
PDB-CPX-172479,7oth a1 i1,7pwk a1 i1,16,17,0.8333,0.8333,0.0
PDB-CPX-172479,7oth a1 i1,7pwl a1 i1,16,15,0.9375,0.9375,0.0
PDB-CPX-172479,7oth a1 i1,7pwm a1 i1,16,16,0.8824,0.8824,0.0
PDB-CPX-172479,7oth a1 i1,7pwp a1 i1,16,16,0.8824,0.8824,0.0
PDB-CPX-172479,7oth a1 i1,7pwq a1 i1,16,15,0.9375,0.9375,0.0
PDB-CPX-172479,7oth a1 i1,7pwr a1 i1,16,16,0.8824,0.8824,0.0
PDB-CPX-172479,7oth a1 i1,7pws a1 i1,16,15,0.9375,0.9375,0.0
PDB-CPX-172479,7oth a1 i1,7pwu a1 i1,16,15,0.9375,0.9375,0.0
PDB-CPX-172479,7oth a1 i1,7pww a1 i1,16,15,0.9375,0.9375,0.0
PDB-CPX-172479,7oth a1 i1,7px6 a1 i1,16,16,0.8824,0.8824,0.0
PDB-CPX-172479,7oth a1 i1,7px7 a1 i1,16,16,0.8824,0.8824,0.0
PDB-CPX-172479,7oth a1 i1,7r3o a1 i1,16,18,0.7895,0.7895,0.0
PDB-CPX-172479,7oth a1 i1,7r4a a1 i1,16,15,0.9375,0.9375,0.0
PDB-CPX-172479,7oth a1 i1,7r5d a1 i1,16,16,0.8824,0.8824,0.0
PDB-CPX-172479,7oth a1 i1,7z1v a1 i1,16,15,0.9375,0.9375,0.0
PDB-CPX-172479,7oth a1 i1,7z1w a1 i1,16,16,0.8824,0.8824,0.0
PDB-CPX-172479,7oth a1 i1,7z1y a1 i1,16,16,1.0,0.8824,-0.1176
PDB-CPX-172479,7oth a1 i1,7z2o a1 i1,16,15,0.9375,0.9375,0.0
PDB-CPX-172479,7oth a1 i1,7z2q a1 i1,16,17,0.8333,0.8333,0.0
PDB-CPX-172479,7oth a1 i1,7z41 a1 i1,16,14,0.875,0.875,0.0
PDB-CPX-172479,7oth a1 i1,8zv7 a1 i1,16,17,0.8333,0.8333,0.0
PDB-CPX-172479,7oth a1 i1,9feg a1 i1,16,11,0.6875,0.6875,0.0
PDB-CPX-172479,7oth a1 i1,9ifv a1 i1,16,7,0.4375,0.4375,0.0
PDB-CPX-172479,7oth a1 i1,9ifv a2 i1,16,7,0.4375,0.4375,0.0
PDB-CPX-172479,7oth a1 i1,9rlo a1 i1,16,10,0.4444,0.4444,0.0
PDB-CPX-172479,7oth a1 i1,9rlp a1 i1,16,8,0.5,0.5,0.0
PDB-CPX-172479,7oth a1 i1,9rlq a1 i1,16,12,0.75,0.75,0.0
PDB-CPX-172479,7oth a1 i1,9rlr a1 i1,16,9,0.4706,0.4706,0.0
PDB-CPX-172479,7oth a1 i1,9tcb a1 i1,16,15,0.9375,0.9375,0.0
PDB-CPX-172479,7ouw a1 i1,7oux a1 i1,15,18,0.8333,0.8333,0.0
PDB-CPX-172479,7ouw a1 i1,7pw3 a1 i1,15,15,1.0,1.0,0.0
PDB-CPX-172479,7ouw a1 i1,7pwa a1 i1,15,16,0.9375,0.9375,0.0
PDB-CPX-172479,7ouw a1 i1,7pwc a1 i1,15,16,0.9375,0.9375,0.0
PDB-CPX-172479,7ouw a1 i1,7pwk a1 i1,15,17,0.8824,0.8824,0.0
PDB-CPX-172479,7ouw a1 i1,7pwl a1 i1,15,15,1.0,1.0,0.0
PDB-CPX-172479,7ouw a1 i1,7pwm a1 i1,15,16,0.9375,0.9375,0.0
PDB-CPX-172479,7ouw a1 i1,7pwp a1 i1,15,16,0.9375,0.9375,0.0
PDB-CPX-172479,7ouw a1 i1,7pwq a1 i1,15,15,1.0,1.0,0.0
PDB-CPX-172479,7ouw a1 i1,7pwr a1 i1,15,16,0.9375,0.9375,0.0
PDB-CPX-172479,7ouw a1 i1,7pws a1 i1,15,15,1.0,1.0,0.0
PDB-CPX-172479,7ouw a1 i1,7pwu a1 i1,15,15,1.0,1.0,0.0
PDB-CPX-172479,7ouw a1 i1,7pww a1 i1,15,15,1.0,1.0,0.0
PDB-CPX-172479,7ouw a1 i1,7px6 a1 i1,15,16,0.9375,0.9375,0.0
PDB-CPX-172479,7ouw a1 i1,7px7 a1 i1,15,16,0.9375,0.9375,0.0
PDB-CPX-172479,7ouw a1 i1,7r3o a1 i1,15,18,0.8333,0.8333,0.0
PDB-CPX-172479,7ouw a1 i1,7r4a a1 i1,15,15,1.0,1.0,0.0
PDB-CPX-172479,7ouw a1 i1,7r5d a1 i1,15,16,0.9375,0.9375,0.0
PDB-CPX-172479,7ouw a1 i1,7z1v a1 i1,15,15,1.0,1.0,0.0
PDB-CPX-172479,7ouw a1 i1,7z1w a1 i1,15,16,0.9375,0.9375,0.0
PDB-CPX-172479,7ouw a1 i1,7z1y a1 i1,15,16,0.9375,0.9375,0.0
PDB-CPX-172479,7ouw a1 i1,7z2o a1 i1,15,15,1.0,1.0,0.0
PDB-CPX-172479,7ouw a1 i1,7z2q a1 i1,15,17,0.8824,0.8824,0.0
PDB-CPX-172479,7ouw a1 i1,7z41 a1 i1,15,14,0.9333,0.9333,0.0
PDB-CPX-172479,7ouw a1 i1,8zv7 a1 i1,15,17,0.8824,0.8824,0.0
PDB-CPX-172479,7ouw a1 i1,9feg a1 i1,15,11,0.7333,0.7333,0.0
PDB-CPX-172479,7ouw a1 i1,9ifv a1 i1,15,7,0.4667,0.4667,0.0
PDB-CPX-172479,7ouw a1 i1,9ifv a2 i1,15,7,0.4667,0.4667,0.0
PDB-CPX-172479,7ouw a1 i1,9rlo a1 i1,15,10,0.4706,0.4706,0.0
PDB-CPX-172479,7ouw a1 i1,9rlp a1 i1,15,8,0.5333,0.5333,0.0
PDB-CPX-172479,7ouw a1 i1,9rlq a1 i1,15,12,0.8,0.8,0.0
PDB-CPX-172479,7ouw a1 i1,9rlr a1 i1,15,9,0.5,0.5,0.0
PDB-CPX-172479,7ouw a1 i1,9tcb a1 i1,15,15,1.0,1.0,0.0
PDB-CPX-172479,7oux a1 i1,7pw3 a1 i1,18,15,0.8333,0.8333,0.0
PDB-CPX-172479,7oux a1 i1,7pwa a1 i1,18,16,0.8889,0.7895,-0.0994
PDB-CPX-172479,7oux a1 i1,7pwc a1 i1,18,16,0.8889,0.7895,-0.0994
PDB-CPX-172479,7oux a1 i1,7pwk a1 i1,18,17,0.9444,0.75,-0.1944
PDB-CPX-172479,7oux a1 i1,7pwl a1 i1,18,15,0.8333,0.8333,0.0
PDB-CPX-172479,7oux a1 i1,7pwm a1 i1,18,16,0.8889,0.7895,-0.0994
PDB-CPX-172479,7oux a1 i1,7pwp a1 i1,18,16,0.8889,0.7895,-0.0994
PDB-CPX-172479,7oux a1 i1,7pwq a1 i1,18,15,0.8333,0.8333,0.0
PDB-CPX-172479,7oux a1 i1,7pwr a1 i1,18,16,0.8889,0.7895,-0.0994
PDB-CPX-172479,7oux a1 i1,7pws a1 i1,18,15,0.8333,0.8333,0.0
PDB-CPX-172479,7oux a1 i1,7pwu a1 i1,18,15,0.8333,0.8333,0.0
PDB-CPX-172479,7oux a1 i1,7pww a1 i1,18,15,0.8333,0.8333,0.0
PDB-CPX-172479,7oux a1 i1,7px6 a1 i1,18,16,0.8889,0.7895,-0.0994
PDB-CPX-172479,7oux a1 i1,7px7 a1 i1,18,16,0.8889,0.7895,-0.0994
PDB-CPX-172479,7oux a1 i1,7r3o a1 i1,18,18,0.8947,0.8,-0.0947
PDB-CPX-172479,7oux a1 i1,7r4a a1 i1,18,15,0.8333,0.8333,0.0
PDB-CPX-172479,7oux a1 i1,7r5d a1 i1,18,16,0.8889,0.7895,-0.0994
PDB-CPX-172479,7oux a1 i1,7z1v a1 i1,18,15,0.8333,0.8333,0.0
PDB-CPX-172479,7oux a1 i1,7z1w a1 i1,18,16,0.8889,0.7895,-0.0994
PDB-CPX-172479,7oux a1 i1,7z1y a1 i1,18,16,0.8889,0.7895,-0.0994
PDB-CPX-172479,7oux a1 i1,7z2o a1 i1,18,15,0.8333,0.8333,0.0
PDB-CPX-172479,7oux a1 i1,7z2q a1 i1,18,17,0.9444,0.75,-0.1944
PDB-CPX-172479,7oux a1 i1,7z41 a1 i1,18,14,0.7778,0.7778,0.0
PDB-CPX-172479,7oux a1 i1,8zv7 a1 i1,18,17,0.75,0.9444,0.1944
PDB-CPX-172479,7oux a1 i1,9feg a1 i1,18,11,0.6111,0.6111,0.0
PDB-CPX-172479,7oux a1 i1,9ifv a1 i1,18,7,0.3889,0.3889,0.0
PDB-CPX-172479,7oux a1 i1,9ifv a2 i1,18,7,0.3889,0.3889,0.0
PDB-CPX-172479,7oux a1 i1,9rlo a1 i1,18,10,0.4737,0.4737,0.0
PDB-CPX-172479,7oux a1 i1,9rlp a1 i1,18,8,0.4444,0.4444,0.0
PDB-CPX-172479,7oux a1 i1,9rlq a1 i1,18,12,0.6667,0.6667,0.0
PDB-CPX-172479,7oux a1 i1,9rlr a1 i1,18,9,0.5,0.4211,-0.0789
PDB-CPX-172479,7oux a1 i1,9tcb a1 i1,18,15,0.8333,0.8333,0.0
PDB-CPX-172479,7pw3 a1 i1,7pwa a1 i1,15,16,0.9375,0.9375,0.0
PDB-CPX-172479,7pw3 a1 i1,7pwc a1 i1,15,16,0.9375,0.9375,0.0
PDB-CPX-172479,7pw3 a1 i1,7pwk a1 i1,15,17,0.8824,0.8824,0.0
PDB-CPX-172479,7pw3 a1 i1,7pwl a1 i1,15,15,1.0,1.0,0.0
PDB-CPX-172479,7pw3 a1 i1,7pwm a1 i1,15,16,0.9375,0.9375,0.0
PDB-CPX-172479,7pw3 a1 i1,7pwp a1 i1,15,16,0.9375,0.9375,0.0
PDB-CPX-172479,7pw3 a1 i1,7pwq a1 i1,15,15,1.0,1.0,0.0
PDB-CPX-172479,7pw3 a1 i1,7pwr a1 i1,15,16,0.9375,0.9375,0.0
PDB-CPX-172479,7pw3 a1 i1,7pws a1 i1,15,15,1.0,1.0,0.0
PDB-CPX-172479,7pw3 a1 i1,7pwu a1 i1,15,15,1.0,1.0,0.0
PDB-CPX-172479,7pw3 a1 i1,7pww a1 i1,15,15,1.0,1.0,0.0
PDB-CPX-172479,7pw3 a1 i1,7px6 a1 i1,15,16,0.9375,0.9375,0.0
PDB-CPX-172479,7pw3 a1 i1,7px7 a1 i1,15,16,0.9375,0.9375,0.0
PDB-CPX-172479,7pw3 a1 i1,7r3o a1 i1,15,18,0.8333,0.8333,0.0
PDB-CPX-172479,7pw3 a1 i1,7r4a a1 i1,15,15,1.0,1.0,0.0
PDB-CPX-172479,7pw3 a1 i1,7r5d a1 i1,15,16,0.9375,0.9375,0.0
PDB-CPX-172479,7pw3 a1 i1,7z1v a1 i1,15,15,1.0,1.0,0.0
PDB-CPX-172479,7pw3 a1 i1,7z1w a1 i1,15,16,0.9375,0.9375,0.0
PDB-CPX-172479,7pw3 a1 i1,7z1y a1 i1,15,16,0.9375,0.9375,0.0
PDB-CPX-172479,7pw3 a1 i1,7z2o a1 i1,15,15,1.0,1.0,0.0
PDB-CPX-172479,7pw3 a1 i1,7z2q a1 i1,15,17,0.8824,0.8824,0.0
PDB-CPX-172479,7pw3 a1 i1,7z41 a1 i1,15,14,0.9333,0.9333,0.0
PDB-CPX-172479,7pw3 a1 i1,8zv7 a1 i1,15,17,0.8824,0.8824,0.0
PDB-CPX-172479,7pw3 a1 i1,9feg a1 i1,15,11,0.7333,0.7333,0.0
PDB-CPX-172479,7pw3 a1 i1,9ifv a1 i1,15,7,0.4667,0.4667,0.0
PDB-CPX-172479,7pw3 a1 i1,9ifv a2 i1,15,7,0.4667,0.4667,0.0
PDB-CPX-172479,7pw3 a1 i1,9rlo a1 i1,15,10,0.4706,0.4706,0.0
PDB-CPX-172479,7pw3 a1 i1,9rlp a1 i1,15,8,0.5333,0.5333,0.0
PDB-CPX-172479,7pw3 a1 i1,9rlq a1 i1,15,12,0.8,0.8,0.0
PDB-CPX-172479,7pw3 a1 i1,9rlr a1 i1,15,9,0.5,0.5,0.0
PDB-CPX-172479,7pw3 a1 i1,9tcb a1 i1,15,15,1.0,1.0,0.0
PDB-CPX-172479,7pwa a1 i1,7pwc a1 i1,16,16,0.8824,0.8824,0.0
PDB-CPX-172479,7pwa a1 i1,7pwk a1 i1,16,17,0.9412,0.8333,-0.1078
PDB-CPX-172479,7pwa a1 i1,7pwl a1 i1,16,15,0.9375,0.9375,0.0
PDB-CPX-172479,7pwa a1 i1,7pwm a1 i1,16,16,1.0,0.8824,-0.1176
PDB-CPX-172479,7pwa a1 i1,7pwp a1 i1,16,16,1.0,0.8824,-0.1176
PDB-CPX-172479,7pwa a1 i1,7pwq a1 i1,16,15,0.9375,0.9375,0.0
PDB-CPX-172479,7pwa a1 i1,7pwr a1 i1,16,16,1.0,0.8824,-0.1176
PDB-CPX-172479,7pwa a1 i1,7pws a1 i1,16,15,0.9375,0.9375,0.0
PDB-CPX-172479,7pwa a1 i1,7pwu a1 i1,16,15,0.9375,0.9375,0.0
PDB-CPX-172479,7pwa a1 i1,7pww a1 i1,16,15,0.9375,0.9375,0.0
PDB-CPX-172479,7pwa a1 i1,7px6 a1 i1,16,16,1.0,0.8824,-0.1176
PDB-CPX-172479,7pwa a1 i1,7px7 a1 i1,16,16,1.0,0.8824,-0.1176
PDB-CPX-172479,7pwa a1 i1,7r3o a1 i1,16,18,0.8889,0.8889,0.0
PDB-CPX-172479,7pwa a1 i1,7r4a a1 i1,16,15,0.9375,0.9375,0.0
PDB-CPX-172479,7pwa a1 i1,7r5d a1 i1,16,16,1.0,0.8824,-0.1176
PDB-CPX-172479,7pwa a1 i1,7z1v a1 i1,16,15,0.9375,0.9375,0.0
PDB-CPX-172479,7pwa a1 i1,7z1w a1 i1,16,16,1.0,0.8824,-0.1176
PDB-CPX-172479,7pwa a1 i1,7z1y a1 i1,16,16,0.8824,0.8824,0.0
PDB-CPX-172479,7pwa a1 i1,7z2o a1 i1,16,15,0.9375,0.9375,0.0
PDB-CPX-172479,7pwa a1 i1,7z2q a1 i1,16,17,0.9412,0.8333,-0.1078
PDB-CPX-172479,7pwa a1 i1,7z41 a1 i1,16,14,0.875,0.875,0.0
PDB-CPX-172479,7pwa a1 i1,8zv7 a1 i1,16,17,0.8333,0.9412,0.1078
PDB-CPX-172479,7pwa a1 i1,9feg a1 i1,16,11,0.6875,0.6875,0.0
PDB-CPX-172479,7pwa a1 i1,9ifv a1 i1,16,7,0.4375,0.4375,0.0
PDB-CPX-172479,7pwa a1 i1,9ifv a2 i1,16,7,0.4375,0.4375,0.0
PDB-CPX-172479,7pwa a1 i1,9rlo a1 i1,16,10,0.5294,0.5294,0.0
PDB-CPX-172479,7pwa a1 i1,9rlp a1 i1,16,8,0.5,0.5,0.0
PDB-CPX-172479,7pwa a1 i1,9rlq a1 i1,16,12,0.75,0.75,0.0
PDB-CPX-172479,7pwa a1 i1,9rlr a1 i1,16,9,0.5625,0.4706,-0.0919
PDB-CPX-172479,7pwa a1 i1,9tcb a1 i1,16,15,0.9375,0.9375,0.0
PDB-CPX-172479,7pwc a1 i1,7pwk a1 i1,16,17,0.9412,0.8333,-0.1078
PDB-CPX-172479,7pwc a1 i1,7pwl a1 i1,16,15,0.9375,0.9375,0.0
PDB-CPX-172479,7pwc a1 i1,7pwm a1 i1,16,16,0.8824,0.8824,0.0
PDB-CPX-172479,7pwc a1 i1,7pwp a1 i1,16,16,0.8824,0.8824,0.0
PDB-CPX-172479,7pwc a1 i1,7pwq a1 i1,16,15,0.9375,0.9375,0.0
PDB-CPX-172479,7pwc a1 i1,7pwr a1 i1,16,16,0.8824,0.8824,0.0
PDB-CPX-172479,7pwc a1 i1,7pws a1 i1,16,15,0.9375,0.9375,0.0
PDB-CPX-172479,7pwc a1 i1,7pwu a1 i1,16,15,0.9375,0.9375,0.0
PDB-CPX-172479,7pwc a1 i1,7pww a1 i1,16,15,0.9375,0.9375,0.0
PDB-CPX-172479,7pwc a1 i1,7px6 a1 i1,16,16,0.8824,0.8824,0.0
PDB-CPX-172479,7pwc a1 i1,7px7 a1 i1,16,16,0.8824,0.8824,0.0
PDB-CPX-172479,7pwc a1 i1,7r3o a1 i1,16,18,0.8889,0.7895,-0.0994
PDB-CPX-172479,7pwc a1 i1,7r4a a1 i1,16,15,0.9375,0.9375,0.0
PDB-CPX-172479,7pwc a1 i1,7r5d a1 i1,16,16,0.8824,0.8824,0.0
PDB-CPX-172479,7pwc a1 i1,7z1v a1 i1,16,15,0.9375,0.9375,0.0
PDB-CPX-172479,7pwc a1 i1,7z1w a1 i1,16,16,0.8824,0.8824,0.0
PDB-CPX-172479,7pwc a1 i1,7z1y a1 i1,16,16,0.8824,0.8824,0.0
PDB-CPX-172479,7pwc a1 i1,7z2o a1 i1,16,15,0.9375,0.9375,0.0
PDB-CPX-172479,7pwc a1 i1,7z2q a1 i1,16,17,0.9412,0.8333,-0.1078
PDB-CPX-172479,7pwc a1 i1,7z41 a1 i1,16,14,0.875,0.875,0.0
PDB-CPX-172479,7pwc a1 i1,8zv7 a1 i1,16,17,0.8333,0.9412,0.1078
PDB-CPX-172479,7pwc a1 i1,9feg a1 i1,16,11,0.6875,0.6875,0.0
PDB-CPX-172479,7pwc a1 i1,9ifv a1 i1,16,7,0.4375,0.4375,0.0
PDB-CPX-172479,7pwc a1 i1,9ifv a2 i1,16,7,0.4375,0.4375,0.0
PDB-CPX-172479,7pwc a1 i1,9rlo a1 i1,16,10,0.4444,0.4444,0.0
PDB-CPX-172479,7pwc a1 i1,9rlp a1 i1,16,8,0.5,0.5,0.0
PDB-CPX-172479,7pwc a1 i1,9rlq a1 i1,16,12,0.75,0.75,0.0
PDB-CPX-172479,7pwc a1 i1,9rlr a1 i1,16,9,0.4706,0.4706,0.0
PDB-CPX-172479,7pwc a1 i1,9tcb a1 i1,16,15,0.9375,0.9375,0.0
PDB-CPX-172479,7pwk a1 i1,7pwl a1 i1,17,15,0.8824,0.8824,0.0
PDB-CPX-172479,7pwk a1 i1,7pwm a1 i1,17,16,0.9412,0.8333,-0.1078
PDB-CPX-172479,7pwk a1 i1,7pwp a1 i1,17,16,0.9412,0.8333,-0.1078
PDB-CPX-172479,7pwk a1 i1,7pwq a1 i1,17,15,0.8824,0.8824,0.0
PDB-CPX-172479,7pwk a1 i1,7pwr a1 i1,17,16,0.9412,0.8333,-0.1078
PDB-CPX-172479,7pwk a1 i1,7pws a1 i1,17,15,0.8824,0.8824,0.0
PDB-CPX-172479,7pwk a1 i1,7pwu a1 i1,17,15,0.8824,0.8824,0.0
PDB-CPX-172479,7pwk a1 i1,7pww a1 i1,17,15,0.8824,0.8824,0.0
PDB-CPX-172479,7pwk a1 i1,7px6 a1 i1,17,16,0.9412,0.8333,-0.1078
PDB-CPX-172479,7pwk a1 i1,7px7 a1 i1,17,16,0.9412,0.8333,-0.1078
PDB-CPX-172479,7pwk a1 i1,7r3o a1 i1,17,18,0.9444,0.8421,-0.1023
PDB-CPX-172479,7pwk a1 i1,7r4a a1 i1,17,15,0.8824,0.8824,0.0
PDB-CPX-172479,7pwk a1 i1,7r5d a1 i1,17,16,0.9412,0.8333,-0.1078
PDB-CPX-172479,7pwk a1 i1,7z1v a1 i1,17,15,0.8824,0.8824,0.0
PDB-CPX-172479,7pwk a1 i1,7z1w a1 i1,17,16,0.9412,0.8333,-0.1078
PDB-CPX-172479,7pwk a1 i1,7z1y a1 i1,17,16,0.8333,0.8333,0.0
PDB-CPX-172479,7pwk a1 i1,7z2o a1 i1,17,15,0.8824,0.8824,0.0
PDB-CPX-172479,7pwk a1 i1,7z2q a1 i1,17,17,1.0,0.7895,-0.2105
PDB-CPX-172479,7pwk a1 i1,7z41 a1 i1,17,14,0.8235,0.8235,0.0
PDB-CPX-172479,7pwk a1 i1,8zv7 a1 i1,17,17,0.7895,1.0,0.2105
PDB-CPX-172479,7pwk a1 i1,9feg a1 i1,17,11,0.6471,0.6471,0.0
PDB-CPX-172479,7pwk a1 i1,9ifv a1 i1,17,7,0.4118,0.4118,0.0
PDB-CPX-172479,7pwk a1 i1,9ifv a2 i1,17,7,0.4118,0.4118,0.0
PDB-CPX-172479,7pwk a1 i1,9rlo a1 i1,17,10,0.5,0.5,0.0
PDB-CPX-172479,7pwk a1 i1,9rlp a1 i1,17,8,0.4706,0.4706,0.0
PDB-CPX-172479,7pwk a1 i1,9rlq a1 i1,17,12,0.7059,0.7059,0.0
PDB-CPX-172479,7pwk a1 i1,9rlr a1 i1,17,9,0.5294,0.4444,-0.085
PDB-CPX-172479,7pwk a1 i1,9tcb a1 i1,17,15,0.8824,0.8824,0.0
PDB-CPX-172479,7pwl a1 i1,7pwm a1 i1,15,16,0.9375,0.9375,0.0
PDB-CPX-172479,7pwl a1 i1,7pwp a1 i1,15,16,0.9375,0.9375,0.0
PDB-CPX-172479,7pwl a1 i1,7pwq a1 i1,15,15,1.0,1.0,0.0
PDB-CPX-172479,7pwl a1 i1,7pwr a1 i1,15,16,0.9375,0.9375,0.0
PDB-CPX-172479,7pwl a1 i1,7pws a1 i1,15,15,1.0,1.0,0.0
PDB-CPX-172479,7pwl a1 i1,7pwu a1 i1,15,15,1.0,1.0,0.0
PDB-CPX-172479,7pwl a1 i1,7pww a1 i1,15,15,1.0,1.0,0.0
PDB-CPX-172479,7pwl a1 i1,7px6 a1 i1,15,16,0.9375,0.9375,0.0
PDB-CPX-172479,7pwl a1 i1,7px7 a1 i1,15,16,0.9375,0.9375,0.0
PDB-CPX-172479,7pwl a1 i1,7r3o a1 i1,15,18,0.8333,0.8333,0.0
PDB-CPX-172479,7pwl a1 i1,7r4a a1 i1,15,15,1.0,1.0,0.0
PDB-CPX-172479,7pwl a1 i1,7r5d a1 i1,15,16,0.9375,0.9375,0.0
PDB-CPX-172479,7pwl a1 i1,7z1v a1 i1,15,15,1.0,1.0,0.0
PDB-CPX-172479,7pwl a1 i1,7z1w a1 i1,15,16,0.9375,0.9375,0.0
PDB-CPX-172479,7pwl a1 i1,7z1y a1 i1,15,16,0.9375,0.9375,0.0
PDB-CPX-172479,7pwl a1 i1,7z2o a1 i1,15,15,1.0,1.0,0.0
PDB-CPX-172479,7pwl a1 i1,7z2q a1 i1,15,17,0.8824,0.8824,0.0
PDB-CPX-172479,7pwl a1 i1,7z41 a1 i1,15,14,0.9333,0.9333,0.0
PDB-CPX-172479,7pwl a1 i1,8zv7 a1 i1,15,17,0.8824,0.8824,0.0
PDB-CPX-172479,7pwl a1 i1,9feg a1 i1,15,11,0.7333,0.7333,0.0
PDB-CPX-172479,7pwl a1 i1,9ifv a1 i1,15,7,0.4667,0.4667,0.0
PDB-CPX-172479,7pwl a1 i1,9ifv a2 i1,15,7,0.4667,0.4667,0.0
PDB-CPX-172479,7pwl a1 i1,9rlo a1 i1,15,10,0.4706,0.4706,0.0
PDB-CPX-172479,7pwl a1 i1,9rlp a1 i1,15,8,0.5333,0.5333,0.0
PDB-CPX-172479,7pwl a1 i1,9rlq a1 i1,15,12,0.8,0.8,0.0
PDB-CPX-172479,7pwl a1 i1,9rlr a1 i1,15,9,0.5,0.5,0.0
PDB-CPX-172479,7pwl a1 i1,9tcb a1 i1,15,15,1.0,1.0,0.0
PDB-CPX-172479,7pwm a1 i1,7pwp a1 i1,16,16,1.0,0.8824,-0.1176
PDB-CPX-172479,7pwm a1 i1,7pwq a1 i1,16,15,0.9375,0.9375,0.0
PDB-CPX-172479,7pwm a1 i1,7pwr a1 i1,16,16,1.0,0.8824,-0.1176
PDB-CPX-172479,7pwm a1 i1,7pws a1 i1,16,15,0.9375,0.9375,0.0
PDB-CPX-172479,7pwm a1 i1,7pwu a1 i1,16,15,0.9375,0.9375,0.0
PDB-CPX-172479,7pwm a1 i1,7pww a1 i1,16,15,0.9375,0.9375,0.0
PDB-CPX-172479,7pwm a1 i1,7px6 a1 i1,16,16,1.0,0.8824,-0.1176
PDB-CPX-172479,7pwm a1 i1,7px7 a1 i1,16,16,1.0,0.8824,-0.1176
PDB-CPX-172479,7pwm a1 i1,7r3o a1 i1,16,18,0.8889,0.8889,0.0
PDB-CPX-172479,7pwm a1 i1,7r4a a1 i1,16,15,0.9375,0.9375,0.0
PDB-CPX-172479,7pwm a1 i1,7r5d a1 i1,16,16,1.0,0.8824,-0.1176
PDB-CPX-172479,7pwm a1 i1,7z1v a1 i1,16,15,0.9375,0.9375,0.0
PDB-CPX-172479,7pwm a1 i1,7z1w a1 i1,16,16,1.0,0.8824,-0.1176
PDB-CPX-172479,7pwm a1 i1,7z1y a1 i1,16,16,0.8824,0.8824,0.0
PDB-CPX-172479,7pwm a1 i1,7z2o a1 i1,16,15,0.9375,0.9375,0.0
PDB-CPX-172479,7pwm a1 i1,7z2q a1 i1,16,17,0.9412,0.8333,-0.1078
PDB-CPX-172479,7pwm a1 i1,7z41 a1 i1,16,14,0.875,0.875,0.0
PDB-CPX-172479,7pwm a1 i1,8zv7 a1 i1,16,17,0.8333,0.9412,0.1078
PDB-CPX-172479,7pwm a1 i1,9feg a1 i1,16,11,0.6875,0.6875,0.0
PDB-CPX-172479,7pwm a1 i1,9ifv a1 i1,16,7,0.4375,0.4375,0.0
PDB-CPX-172479,7pwm a1 i1,9ifv a2 i1,16,7,0.4375,0.4375,0.0
PDB-CPX-172479,7pwm a1 i1,9rlo a1 i1,16,10,0.5294,0.5294,0.0
PDB-CPX-172479,7pwm a1 i1,9rlp a1 i1,16,8,0.5,0.5,0.0
PDB-CPX-172479,7pwm a1 i1,9rlq a1 i1,16,12,0.75,0.75,0.0
PDB-CPX-172479,7pwm a1 i1,9rlr a1 i1,16,9,0.5625,0.4706,-0.0919
PDB-CPX-172479,7pwm a1 i1,9tcb a1 i1,16,15,0.9375,0.9375,0.0
PDB-CPX-172479,7pwp a1 i1,7pwq a1 i1,16,15,0.9375,0.9375,0.0
PDB-CPX-172479,7pwp a1 i1,7pwr a1 i1,16,16,1.0,0.8824,-0.1176
PDB-CPX-172479,7pwp a1 i1,7pws a1 i1,16,15,0.9375,0.9375,0.0
PDB-CPX-172479,7pwp a1 i1,7pwu a1 i1,16,15,0.9375,0.9375,0.0
PDB-CPX-172479,7pwp a1 i1,7pww a1 i1,16,15,0.9375,0.9375,0.0
PDB-CPX-172479,7pwp a1 i1,7px6 a1 i1,16,16,1.0,0.8824,-0.1176
PDB-CPX-172479,7pwp a1 i1,7px7 a1 i1,16,16,1.0,0.8824,-0.1176
PDB-CPX-172479,7pwp a1 i1,7r3o a1 i1,16,18,0.8889,0.8889,0.0
PDB-CPX-172479,7pwp a1 i1,7r4a a1 i1,16,15,0.9375,0.9375,0.0
PDB-CPX-172479,7pwp a1 i1,7r5d a1 i1,16,16,1.0,0.8824,-0.1176
PDB-CPX-172479,7pwp a1 i1,7z1v a1 i1,16,15,0.9375,0.9375,0.0
PDB-CPX-172479,7pwp a1 i1,7z1w a1 i1,16,16,1.0,0.8824,-0.1176
PDB-CPX-172479,7pwp a1 i1,7z1y a1 i1,16,16,0.8824,0.8824,0.0
PDB-CPX-172479,7pwp a1 i1,7z2o a1 i1,16,15,0.9375,0.9375,0.0
PDB-CPX-172479,7pwp a1 i1,7z2q a1 i1,16,17,0.9412,0.8333,-0.1078
PDB-CPX-172479,7pwp a1 i1,7z41 a1 i1,16,14,0.875,0.875,0.0
PDB-CPX-172479,7pwp a1 i1,8zv7 a1 i1,16,17,0.8333,0.9412,0.1078
PDB-CPX-172479,7pwp a1 i1,9feg a1 i1,16,11,0.6875,0.6875,0.0
PDB-CPX-172479,7pwp a1 i1,9ifv a1 i1,16,7,0.4375,0.4375,0.0
PDB-CPX-172479,7pwp a1 i1,9ifv a2 i1,16,7,0.4375,0.4375,0.0
PDB-CPX-172479,7pwp a1 i1,9rlo a1 i1,16,10,0.5294,0.5294,0.0
PDB-CPX-172479,7pwp a1 i1,9rlp a1 i1,16,8,0.5,0.5,0.0
PDB-CPX-172479,7pwp a1 i1,9rlq a1 i1,16,12,0.75,0.75,0.0
PDB-CPX-172479,7pwp a1 i1,9rlr a1 i1,16,9,0.5625,0.4706,-0.0919
PDB-CPX-172479,7pwp a1 i1,9tcb a1 i1,16,15,0.9375,0.9375,0.0
PDB-CPX-172479,7pwq a1 i1,7pwr a1 i1,15,16,0.9375,0.9375,0.0
PDB-CPX-172479,7pwq a1 i1,7pws a1 i1,15,15,1.0,1.0,0.0
PDB-CPX-172479,7pwq a1 i1,7pwu a1 i1,15,15,1.0,1.0,0.0
PDB-CPX-172479,7pwq a1 i1,7pww a1 i1,15,15,1.0,1.0,0.0
PDB-CPX-172479,7pwq a1 i1,7px6 a1 i1,15,16,0.9375,0.9375,0.0
PDB-CPX-172479,7pwq a1 i1,7px7 a1 i1,15,16,0.9375,0.9375,0.0
PDB-CPX-172479,7pwq a1 i1,7r3o a1 i1,15,18,0.8333,0.8333,0.0
PDB-CPX-172479,7pwq a1 i1,7r4a a1 i1,15,15,1.0,1.0,0.0
PDB-CPX-172479,7pwq a1 i1,7r5d a1 i1,15,16,0.9375,0.9375,0.0
PDB-CPX-172479,7pwq a1 i1,7z1v a1 i1,15,15,1.0,1.0,0.0
PDB-CPX-172479,7pwq a1 i1,7z1w a1 i1,15,16,0.9375,0.9375,0.0
PDB-CPX-172479,7pwq a1 i1,7z1y a1 i1,15,16,0.9375,0.9375,0.0
PDB-CPX-172479,7pwq a1 i1,7z2o a1 i1,15,15,1.0,1.0,0.0
PDB-CPX-172479,7pwq a1 i1,7z2q a1 i1,15,17,0.8824,0.8824,0.0
PDB-CPX-172479,7pwq a1 i1,7z41 a1 i1,15,14,0.9333,0.9333,0.0
PDB-CPX-172479,7pwq a1 i1,8zv7 a1 i1,15,17,0.8824,0.8824,0.0
PDB-CPX-172479,7pwq a1 i1,9feg a1 i1,15,11,0.7333,0.7333,0.0
PDB-CPX-172479,7pwq a1 i1,9ifv a1 i1,15,7,0.4667,0.4667,0.0
PDB-CPX-172479,7pwq a1 i1,9ifv a2 i1,15,7,0.4667,0.4667,0.0
PDB-CPX-172479,7pwq a1 i1,9rlo a1 i1,15,10,0.4706,0.4706,0.0
PDB-CPX-172479,7pwq a1 i1,9rlp a1 i1,15,8,0.5333,0.5333,0.0
PDB-CPX-172479,7pwq a1 i1,9rlq a1 i1,15,12,0.8,0.8,0.0
PDB-CPX-172479,7pwq a1 i1,9rlr a1 i1,15,9,0.5,0.5,0.0
PDB-CPX-172479,7pwq a1 i1,9tcb a1 i1,15,15,1.0,1.0,0.0
PDB-CPX-172479,7pwr a1 i1,7pws a1 i1,16,15,0.9375,0.9375,0.0
PDB-CPX-172479,7pwr a1 i1,7pwu a1 i1,16,15,0.9375,0.9375,0.0
PDB-CPX-172479,7pwr a1 i1,7pww a1 i1,16,15,0.9375,0.9375,0.0
PDB-CPX-172479,7pwr a1 i1,7px6 a1 i1,16,16,1.0,0.8824,-0.1176
PDB-CPX-172479,7pwr a1 i1,7px7 a1 i1,16,16,1.0,0.8824,-0.1176
PDB-CPX-172479,7pwr a1 i1,7r3o a1 i1,16,18,0.8889,0.8889,0.0
PDB-CPX-172479,7pwr a1 i1,7r4a a1 i1,16,15,0.9375,0.9375,0.0
PDB-CPX-172479,7pwr a1 i1,7r5d a1 i1,16,16,1.0,0.8824,-0.1176
PDB-CPX-172479,7pwr a1 i1,7z1v a1 i1,16,15,0.9375,0.9375,0.0
PDB-CPX-172479,7pwr a1 i1,7z1w a1 i1,16,16,1.0,0.8824,-0.1176
PDB-CPX-172479,7pwr a1 i1,7z1y a1 i1,16,16,0.8824,0.8824,0.0
PDB-CPX-172479,7pwr a1 i1,7z2o a1 i1,16,15,0.9375,0.9375,0.0
PDB-CPX-172479,7pwr a1 i1,7z2q a1 i1,16,17,0.9412,0.8333,-0.1078
PDB-CPX-172479,7pwr a1 i1,7z41 a1 i1,16,14,0.875,0.875,0.0
PDB-CPX-172479,7pwr a1 i1,8zv7 a1 i1,16,17,0.8333,0.9412,0.1078
PDB-CPX-172479,7pwr a1 i1,9feg a1 i1,16,11,0.6875,0.6875,0.0
PDB-CPX-172479,7pwr a1 i1,9ifv a1 i1,16,7,0.4375,0.4375,0.0
PDB-CPX-172479,7pwr a1 i1,9ifv a2 i1,16,7,0.4375,0.4375,0.0
PDB-CPX-172479,7pwr a1 i1,9rlo a1 i1,16,10,0.5294,0.5294,0.0
PDB-CPX-172479,7pwr a1 i1,9rlp a1 i1,16,8,0.5,0.5,0.0
PDB-CPX-172479,7pwr a1 i1,9rlq a1 i1,16,12,0.75,0.75,0.0
PDB-CPX-172479,7pwr a1 i1,9rlr a1 i1,16,9,0.5625,0.4706,-0.0919
PDB-CPX-172479,7pwr a1 i1,9tcb a1 i1,16,15,0.9375,0.9375,0.0
PDB-CPX-172479,7pws a1 i1,7pwu a1 i1,15,15,1.0,1.0,0.0
PDB-CPX-172479,7pws a1 i1,7pww a1 i1,15,15,1.0,1.0,0.0
PDB-CPX-172479,7pws a1 i1,7px6 a1 i1,15,16,0.9375,0.9375,0.0
PDB-CPX-172479,7pws a1 i1,7px7 a1 i1,15,16,0.9375,0.9375,0.0
PDB-CPX-172479,7pws a1 i1,7r3o a1 i1,15,18,0.8333,0.8333,0.0
PDB-CPX-172479,7pws a1 i1,7r4a a1 i1,15,15,1.0,1.0,0.0
PDB-CPX-172479,7pws a1 i1,7r5d a1 i1,15,16,0.9375,0.9375,0.0
PDB-CPX-172479,7pws a1 i1,7z1v a1 i1,15,15,1.0,1.0,0.0
PDB-CPX-172479,7pws a1 i1,7z1w a1 i1,15,16,0.9375,0.9375,0.0
PDB-CPX-172479,7pws a1 i1,7z1y a1 i1,15,16,0.9375,0.9375,0.0
PDB-CPX-172479,7pws a1 i1,7z2o a1 i1,15,15,1.0,1.0,0.0
PDB-CPX-172479,7pws a1 i1,7z2q a1 i1,15,17,0.8824,0.8824,0.0
PDB-CPX-172479,7pws a1 i1,7z41 a1 i1,15,14,0.9333,0.9333,0.0
PDB-CPX-172479,7pws a1 i1,8zv7 a1 i1,15,17,0.8824,0.8824,0.0
PDB-CPX-172479,7pws a1 i1,9feg a1 i1,15,11,0.7333,0.7333,0.0
PDB-CPX-172479,7pws a1 i1,9ifv a1 i1,15,7,0.4667,0.4667,0.0
PDB-CPX-172479,7pws a1 i1,9ifv a2 i1,15,7,0.4667,0.4667,0.0
PDB-CPX-172479,7pws a1 i1,9rlo a1 i1,15,10,0.4706,0.4706,0.0
PDB-CPX-172479,7pws a1 i1,9rlp a1 i1,15,8,0.5333,0.5333,0.0
PDB-CPX-172479,7pws a1 i1,9rlq a1 i1,15,12,0.8,0.8,0.0
PDB-CPX-172479,7pws a1 i1,9rlr a1 i1,15,9,0.5,0.5,0.0
PDB-CPX-172479,7pws a1 i1,9tcb a1 i1,15,15,1.0,1.0,0.0
PDB-CPX-172479,7pwu a1 i1,7pww a1 i1,15,15,1.0,1.0,0.0
PDB-CPX-172479,7pwu a1 i1,7px6 a1 i1,15,16,0.9375,0.9375,0.0
PDB-CPX-172479,7pwu a1 i1,7px7 a1 i1,15,16,0.9375,0.9375,0.0
PDB-CPX-172479,7pwu a1 i1,7r3o a1 i1,15,18,0.8333,0.8333,0.0
PDB-CPX-172479,7pwu a1 i1,7r4a a1 i1,15,15,1.0,1.0,0.0
PDB-CPX-172479,7pwu a1 i1,7r5d a1 i1,15,16,0.9375,0.9375,0.0
PDB-CPX-172479,7pwu a1 i1,7z1v a1 i1,15,15,1.0,1.0,0.0
PDB-CPX-172479,7pwu a1 i1,7z1w a1 i1,15,16,0.9375,0.9375,0.0
PDB-CPX-172479,7pwu a1 i1,7z1y a1 i1,15,16,0.9375,0.9375,0.0
PDB-CPX-172479,7pwu a1 i1,7z2o a1 i1,15,15,1.0,1.0,0.0
PDB-CPX-172479,7pwu a1 i1,7z2q a1 i1,15,17,0.8824,0.8824,0.0
PDB-CPX-172479,7pwu a1 i1,7z41 a1 i1,15,14,0.9333,0.9333,0.0
PDB-CPX-172479,7pwu a1 i1,8zv7 a1 i1,15,17,0.8824,0.8824,0.0
PDB-CPX-172479,7pwu a1 i1,9feg a1 i1,15,11,0.7333,0.7333,0.0
PDB-CPX-172479,7pwu a1 i1,9ifv a1 i1,15,7,0.4667,0.4667,0.0
PDB-CPX-172479,7pwu a1 i1,9ifv a2 i1,15,7,0.4667,0.4667,0.0
PDB-CPX-172479,7pwu a1 i1,9rlo a1 i1,15,10,0.4706,0.4706,0.0
PDB-CPX-172479,7pwu a1 i1,9rlp a1 i1,15,8,0.5333,0.5333,0.0
PDB-CPX-172479,7pwu a1 i1,9rlq a1 i1,15,12,0.8,0.8,0.0
PDB-CPX-172479,7pwu a1 i1,9rlr a1 i1,15,9,0.5,0.5,0.0
PDB-CPX-172479,7pwu a1 i1,9tcb a1 i1,15,15,1.0,1.0,0.0
PDB-CPX-172479,7pww a1 i1,7px6 a1 i1,15,16,0.9375,0.9375,0.0
PDB-CPX-172479,7pww a1 i1,7px7 a1 i1,15,16,0.9375,0.9375,0.0
PDB-CPX-172479,7pww a1 i1,7r3o a1 i1,15,18,0.8333,0.8333,0.0
PDB-CPX-172479,7pww a1 i1,7r4a a1 i1,15,15,1.0,1.0,0.0
PDB-CPX-172479,7pww a1 i1,7r5d a1 i1,15,16,0.9375,0.9375,0.0
PDB-CPX-172479,7pww a1 i1,7z1v a1 i1,15,15,1.0,1.0,0.0
PDB-CPX-172479,7pww a1 i1,7z1w a1 i1,15,16,0.9375,0.9375,0.0
PDB-CPX-172479,7pww a1 i1,7z1y a1 i1,15,16,0.9375,0.9375,0.0
PDB-CPX-172479,7pww a1 i1,7z2o a1 i1,15,15,1.0,1.0,0.0
PDB-CPX-172479,7pww a1 i1,7z2q a1 i1,15,17,0.8824,0.8824,0.0
PDB-CPX-172479,7pww a1 i1,7z41 a1 i1,15,14,0.9333,0.9333,0.0
PDB-CPX-172479,7pww a1 i1,8zv7 a1 i1,15,17,0.8824,0.8824,0.0
PDB-CPX-172479,7pww a1 i1,9feg a1 i1,15,11,0.7333,0.7333,0.0
PDB-CPX-172479,7pww a1 i1,9ifv a1 i1,15,7,0.4667,0.4667,0.0
PDB-CPX-172479,7pww a1 i1,9ifv a2 i1,15,7,0.4667,0.4667,0.0
PDB-CPX-172479,7pww a1 i1,9rlo a1 i1,15,10,0.4706,0.4706,0.0
PDB-CPX-172479,7pww a1 i1,9rlp a1 i1,15,8,0.5333,0.5333,0.0
PDB-CPX-172479,7pww a1 i1,9rlq a1 i1,15,12,0.8,0.8,0.0
PDB-CPX-172479,7pww a1 i1,9rlr a1 i1,15,9,0.5,0.5,0.0
PDB-CPX-172479,7pww a1 i1,9tcb a1 i1,15,15,1.0,1.0,0.0
PDB-CPX-172479,7px6 a1 i1,7px7 a1 i1,16,16,1.0,0.8824,-0.1176
PDB-CPX-172479,7px6 a1 i1,7r3o a1 i1,16,18,0.8889,0.8889,0.0
PDB-CPX-172479,7px6 a1 i1,7r4a a1 i1,16,15,0.9375,0.9375,0.0
PDB-CPX-172479,7px6 a1 i1,7r5d a1 i1,16,16,1.0,0.8824,-0.1176
PDB-CPX-172479,7px6 a1 i1,7z1v a1 i1,16,15,0.9375,0.9375,0.0
PDB-CPX-172479,7px6 a1 i1,7z1w a1 i1,16,16,1.0,0.8824,-0.1176
PDB-CPX-172479,7px6 a1 i1,7z1y a1 i1,16,16,0.8824,0.8824,0.0
PDB-CPX-172479,7px6 a1 i1,7z2o a1 i1,16,15,0.9375,0.9375,0.0
PDB-CPX-172479,7px6 a1 i1,7z2q a1 i1,16,17,0.9412,0.8333,-0.1078
PDB-CPX-172479,7px6 a1 i1,7z41 a1 i1,16,14,0.875,0.875,0.0
PDB-CPX-172479,7px6 a1 i1,8zv7 a1 i1,16,17,0.8333,0.9412,0.1078
PDB-CPX-172479,7px6 a1 i1,9feg a1 i1,16,11,0.6875,0.6875,0.0
PDB-CPX-172479,7px6 a1 i1,9ifv a1 i1,16,7,0.4375,0.4375,0.0
PDB-CPX-172479,7px6 a1 i1,9ifv a2 i1,16,7,0.4375,0.4375,0.0
PDB-CPX-172479,7px6 a1 i1,9rlo a1 i1,16,10,0.5294,0.5294,0.0
PDB-CPX-172479,7px6 a1 i1,9rlp a1 i1,16,8,0.5,0.5,0.0
PDB-CPX-172479,7px6 a1 i1,9rlq a1 i1,16,12,0.75,0.75,0.0
PDB-CPX-172479,7px6 a1 i1,9rlr a1 i1,16,9,0.5625,0.4706,-0.0919
PDB-CPX-172479,7px6 a1 i1,9tcb a1 i1,16,15,0.9375,0.9375,0.0
PDB-CPX-172479,7px7 a1 i1,7r3o a1 i1,16,18,0.8889,0.8889,0.0
PDB-CPX-172479,7px7 a1 i1,7r4a a1 i1,16,15,0.9375,0.9375,0.0
PDB-CPX-172479,7px7 a1 i1,7r5d a1 i1,16,16,1.0,0.8824,-0.1176
PDB-CPX-172479,7px7 a1 i1,7z1v a1 i1,16,15,0.9375,0.9375,0.0
PDB-CPX-172479,7px7 a1 i1,7z1w a1 i1,16,16,1.0,0.8824,-0.1176
PDB-CPX-172479,7px7 a1 i1,7z1y a1 i1,16,16,0.8824,0.8824,0.0
PDB-CPX-172479,7px7 a1 i1,7z2o a1 i1,16,15,0.9375,0.9375,0.0
PDB-CPX-172479,7px7 a1 i1,7z2q a1 i1,16,17,0.9412,0.8333,-0.1078
PDB-CPX-172479,7px7 a1 i1,7z41 a1 i1,16,14,0.875,0.875,0.0
PDB-CPX-172479,7px7 a1 i1,8zv7 a1 i1,16,17,0.8333,0.9412,0.1078
PDB-CPX-172479,7px7 a1 i1,9feg a1 i1,16,11,0.6875,0.6875,0.0
PDB-CPX-172479,7px7 a1 i1,9ifv a1 i1,16,7,0.4375,0.4375,0.0
PDB-CPX-172479,7px7 a1 i1,9ifv a2 i1,16,7,0.4375,0.4375,0.0
PDB-CPX-172479,7px7 a1 i1,9rlo a1 i1,16,10,0.5294,0.5294,0.0
PDB-CPX-172479,7px7 a1 i1,9rlp a1 i1,16,8,0.5,0.5,0.0
PDB-CPX-172479,7px7 a1 i1,9rlq a1 i1,16,12,0.75,0.75,0.0
PDB-CPX-172479,7px7 a1 i1,9rlr a1 i1,16,9,0.5625,0.4706,-0.0919
PDB-CPX-172479,7px7 a1 i1,9tcb a1 i1,16,15,0.9375,0.9375,0.0
PDB-CPX-172479,7r3o a1 i1,7r4a a1 i1,18,15,0.8333,0.8333,0.0
PDB-CPX-172479,7r3o a1 i1,7r5d a1 i1,18,16,0.8889,0.8889,0.0
PDB-CPX-172479,7r3o a1 i1,7z1v a1 i1,18,15,0.8333,0.8333,0.0
PDB-CPX-172479,7r3o a1 i1,7z1w a1 i1,18,16,0.8889,0.8889,0.0
PDB-CPX-172479,7r3o a1 i1,7z1y a1 i1,18,16,0.7895,0.7895,0.0
PDB-CPX-172479,7r3o a1 i1,7z2o a1 i1,18,15,0.8333,0.8333,0.0
PDB-CPX-172479,7r3o a1 i1,7z2q a1 i1,18,17,0.9444,0.8421,-0.1023
PDB-CPX-172479,7r3o a1 i1,7z41 a1 i1,18,14,0.7778,0.7778,0.0
PDB-CPX-172479,7r3o a1 i1,8zv7 a1 i1,18,17,0.8421,0.9444,0.1023
PDB-CPX-172479,7r3o a1 i1,9feg a1 i1,18,11,0.6111,0.6111,0.0
PDB-CPX-172479,7r3o a1 i1,9ifv a1 i1,18,7,0.3889,0.3889,0.0
PDB-CPX-172479,7r3o a1 i1,9ifv a2 i1,18,7,0.3889,0.3889,0.0
PDB-CPX-172479,7r3o a1 i1,9rlo a1 i1,18,10,0.5556,0.5556,0.0
PDB-CPX-172479,7r3o a1 i1,9rlp a1 i1,18,8,0.4444,0.4444,0.0
PDB-CPX-172479,7r3o a1 i1,9rlq a1 i1,18,12,0.6667,0.6667,0.0
PDB-CPX-172479,7r3o a1 i1,9rlr a1 i1,18,9,0.5,0.5,0.0
PDB-CPX-172479,7r3o a1 i1,9tcb a1 i1,18,15,0.8333,0.8333,0.0
PDB-CPX-172479,7r4a a1 i1,7r5d a1 i1,15,16,0.9375,0.9375,0.0
PDB-CPX-172479,7r4a a1 i1,7z1v a1 i1,15,15,1.0,1.0,0.0
PDB-CPX-172479,7r4a a1 i1,7z1w a1 i1,15,16,0.9375,0.9375,0.0
PDB-CPX-172479,7r4a a1 i1,7z1y a1 i1,15,16,0.9375,0.9375,0.0
PDB-CPX-172479,7r4a a1 i1,7z2o a1 i1,15,15,1.0,1.0,0.0
PDB-CPX-172479,7r4a a1 i1,7z2q a1 i1,15,17,0.8824,0.8824,0.0
PDB-CPX-172479,7r4a a1 i1,7z41 a1 i1,15,14,0.9333,0.9333,0.0
PDB-CPX-172479,7r4a a1 i1,8zv7 a1 i1,15,17,0.8824,0.8824,0.0
PDB-CPX-172479,7r4a a1 i1,9feg a1 i1,15,11,0.7333,0.7333,0.0
PDB-CPX-172479,7r4a a1 i1,9ifv a1 i1,15,7,0.4667,0.4667,0.0
PDB-CPX-172479,7r4a a1 i1,9ifv a2 i1,15,7,0.4667,0.4667,0.0
PDB-CPX-172479,7r4a a1 i1,9rlo a1 i1,15,10,0.4706,0.4706,0.0
PDB-CPX-172479,7r4a a1 i1,9rlp a1 i1,15,8,0.5333,0.5333,0.0
PDB-CPX-172479,7r4a a1 i1,9rlq a1 i1,15,12,0.8,0.8,0.0
PDB-CPX-172479,7r4a a1 i1,9rlr a1 i1,15,9,0.5,0.5,0.0
PDB-CPX-172479,7r4a a1 i1,9tcb a1 i1,15,15,1.0,1.0,0.0
PDB-CPX-172479,7r5d a1 i1,7z1v a1 i1,16,15,0.9375,0.9375,0.0
PDB-CPX-172479,7r5d a1 i1,7z1w a1 i1,16,16,1.0,0.8824,-0.1176
PDB-CPX-172479,7r5d a1 i1,7z1y a1 i1,16,16,0.8824,0.8824,0.0
PDB-CPX-172479,7r5d a1 i1,7z2o a1 i1,16,15,0.9375,0.9375,0.0
PDB-CPX-172479,7r5d a1 i1,7z2q a1 i1,16,17,0.9412,0.8333,-0.1078
PDB-CPX-172479,7r5d a1 i1,7z41 a1 i1,16,14,0.875,0.875,0.0
PDB-CPX-172479,7r5d a1 i1,8zv7 a1 i1,16,17,0.8333,0.9412,0.1078
PDB-CPX-172479,7r5d a1 i1,9feg a1 i1,16,11,0.6875,0.6875,0.0
PDB-CPX-172479,7r5d a1 i1,9ifv a1 i1,16,7,0.4375,0.4375,0.0
PDB-CPX-172479,7r5d a1 i1,9ifv a2 i1,16,7,0.4375,0.4375,0.0
PDB-CPX-172479,7r5d a1 i1,9rlo a1 i1,16,10,0.5294,0.5294,0.0
PDB-CPX-172479,7r5d a1 i1,9rlp a1 i1,16,8,0.5,0.5,0.0
PDB-CPX-172479,7r5d a1 i1,9rlq a1 i1,16,12,0.75,0.75,0.0
PDB-CPX-172479,7r5d a1 i1,9rlr a1 i1,16,9,0.5625,0.4706,-0.0919
PDB-CPX-172479,7r5d a1 i1,9tcb a1 i1,16,15,0.9375,0.9375,0.0
PDB-CPX-172479,7z1v a1 i1,7z1w a1 i1,15,16,0.9375,0.9375,0.0
PDB-CPX-172479,7z1v a1 i1,7z1y a1 i1,15,16,0.9375,0.9375,0.0
PDB-CPX-172479,7z1v a1 i1,7z2o a1 i1,15,15,1.0,1.0,0.0
PDB-CPX-172479,7z1v a1 i1,7z2q a1 i1,15,17,0.8824,0.8824,0.0
PDB-CPX-172479,7z1v a1 i1,7z41 a1 i1,15,14,0.9333,0.9333,0.0
PDB-CPX-172479,7z1v a1 i1,8zv7 a1 i1,15,17,0.8824,0.8824,0.0
PDB-CPX-172479,7z1v a1 i1,9feg a1 i1,15,11,0.7333,0.7333,0.0
PDB-CPX-172479,7z1v a1 i1,9ifv a1 i1,15,7,0.4667,0.4667,0.0
PDB-CPX-172479,7z1v a1 i1,9ifv a2 i1,15,7,0.4667,0.4667,0.0
PDB-CPX-172479,7z1v a1 i1,9rlo a1 i1,15,10,0.4706,0.4706,0.0
PDB-CPX-172479,7z1v a1 i1,9rlp a1 i1,15,8,0.5333,0.5333,0.0
PDB-CPX-172479,7z1v a1 i1,9rlq a1 i1,15,12,0.8,0.8,0.0
PDB-CPX-172479,7z1v a1 i1,9rlr a1 i1,15,9,0.5,0.5,0.0
PDB-CPX-172479,7z1v a1 i1,9tcb a1 i1,15,15,1.0,1.0,0.0
PDB-CPX-172479,7z1w a1 i1,7z1y a1 i1,16,16,0.8824,0.8824,0.0
PDB-CPX-172479,7z1w a1 i1,7z2o a1 i1,16,15,0.9375,0.9375,0.0
PDB-CPX-172479,7z1w a1 i1,7z2q a1 i1,16,17,0.9412,0.8333,-0.1078
PDB-CPX-172479,7z1w a1 i1,7z41 a1 i1,16,14,0.875,0.875,0.0
PDB-CPX-172479,7z1w a1 i1,8zv7 a1 i1,16,17,0.8333,0.9412,0.1078
PDB-CPX-172479,7z1w a1 i1,9feg a1 i1,16,11,0.6875,0.6875,0.0
PDB-CPX-172479,7z1w a1 i1,9ifv a1 i1,16,7,0.4375,0.4375,0.0
PDB-CPX-172479,7z1w a1 i1,9ifv a2 i1,16,7,0.4375,0.4375,0.0
PDB-CPX-172479,7z1w a1 i1,9rlo a1 i1,16,10,0.5294,0.5294,0.0
PDB-CPX-172479,7z1w a1 i1,9rlp a1 i1,16,8,0.5,0.5,0.0
PDB-CPX-172479,7z1w a1 i1,9rlq a1 i1,16,12,0.75,0.75,0.0
PDB-CPX-172479,7z1w a1 i1,9rlr a1 i1,16,9,0.5625,0.4706,-0.0919
PDB-CPX-172479,7z1w a1 i1,9tcb a1 i1,16,15,0.9375,0.9375,0.0
PDB-CPX-172479,7z1y a1 i1,7z2o a1 i1,16,15,0.9375,0.9375,0.0
PDB-CPX-172479,7z1y a1 i1,7z2q a1 i1,16,17,0.8333,0.8333,0.0
PDB-CPX-172479,7z1y a1 i1,7z41 a1 i1,16,14,0.875,0.875,0.0
PDB-CPX-172479,7z1y a1 i1,8zv7 a1 i1,16,17,0.8333,0.8333,0.0
PDB-CPX-172479,7z1y a1 i1,9feg a1 i1,16,11,0.6875,0.6875,0.0
PDB-CPX-172479,7z1y a1 i1,9ifv a1 i1,16,7,0.4375,0.4375,0.0
PDB-CPX-172479,7z1y a1 i1,9ifv a2 i1,16,7,0.4375,0.4375,0.0
PDB-CPX-172479,7z1y a1 i1,9rlo a1 i1,16,10,0.4444,0.4444,0.0
PDB-CPX-172479,7z1y a1 i1,9rlp a1 i1,16,8,0.5,0.5,0.0
PDB-CPX-172479,7z1y a1 i1,9rlq a1 i1,16,12,0.75,0.75,0.0
PDB-CPX-172479,7z1y a1 i1,9rlr a1 i1,16,9,0.4706,0.4706,0.0
PDB-CPX-172479,7z1y a1 i1,9tcb a1 i1,16,15,0.9375,0.9375,0.0
PDB-CPX-172479,7z2o a1 i1,7z2q a1 i1,15,17,0.8824,0.8824,0.0
PDB-CPX-172479,7z2o a1 i1,7z41 a1 i1,15,14,0.9333,0.9333,0.0
PDB-CPX-172479,7z2o a1 i1,8zv7 a1 i1,15,17,0.8824,0.8824,0.0
PDB-CPX-172479,7z2o a1 i1,9feg a1 i1,15,11,0.7333,0.7333,0.0
PDB-CPX-172479,7z2o a1 i1,9ifv a1 i1,15,7,0.4667,0.4667,0.0
PDB-CPX-172479,7z2o a1 i1,9ifv a2 i1,15,7,0.4667,0.4667,0.0
PDB-CPX-172479,7z2o a1 i1,9rlo a1 i1,15,10,0.4706,0.4706,0.0
PDB-CPX-172479,7z2o a1 i1,9rlp a1 i1,15,8,0.5333,0.5333,0.0
PDB-CPX-172479,7z2o a1 i1,9rlq a1 i1,15,12,0.8,0.8,0.0
PDB-CPX-172479,7z2o a1 i1,9rlr a1 i1,15,9,0.5,0.5,0.0
PDB-CPX-172479,7z2o a1 i1,9tcb a1 i1,15,15,1.0,1.0,0.0
PDB-CPX-172479,7z2q a1 i1,7z41 a1 i1,17,14,0.8235,0.8235,0.0
PDB-CPX-172479,7z2q a1 i1,8zv7 a1 i1,17,17,0.7895,1.0,0.2105
PDB-CPX-172479,7z2q a1 i1,9feg a1 i1,17,11,0.6471,0.6471,0.0
PDB-CPX-172479,7z2q a1 i1,9ifv a1 i1,17,7,0.4118,0.4118,0.0
PDB-CPX-172479,7z2q a1 i1,9ifv a2 i1,17,7,0.4118,0.4118,0.0
PDB-CPX-172479,7z2q a1 i1,9rlo a1 i1,17,10,0.5,0.5,0.0
PDB-CPX-172479,7z2q a1 i1,9rlp a1 i1,17,8,0.4706,0.4706,0.0
PDB-CPX-172479,7z2q a1 i1,9rlq a1 i1,17,12,0.7059,0.7059,0.0
PDB-CPX-172479,7z2q a1 i1,9rlr a1 i1,17,9,0.5294,0.4444,-0.085
PDB-CPX-172479,7z2q a1 i1,9tcb a1 i1,17,15,0.8824,0.8824,0.0
PDB-CPX-172479,7z41 a1 i1,8zv7 a1 i1,14,17,0.8235,0.8235,0.0
PDB-CPX-172479,7z41 a1 i1,9feg a1 i1,14,11,0.6667,0.6667,0.0
PDB-CPX-172479,7z41 a1 i1,9ifv a1 i1,14,7,0.4,0.4,0.0
PDB-CPX-172479,7z41 a1 i1,9ifv a2 i1,14,7,0.4,0.4,0.0
PDB-CPX-172479,7z41 a1 i1,9rlo a1 i1,14,10,0.4118,0.4118,0.0
PDB-CPX-172479,7z41 a1 i1,9rlp a1 i1,14,8,0.4667,0.4667,0.0
PDB-CPX-172479,7z41 a1 i1,9rlq a1 i1,14,12,0.7333,0.7333,0.0
PDB-CPX-172479,7z41 a1 i1,9rlr a1 i1,14,9,0.4375,0.4375,0.0
PDB-CPX-172479,7z41 a1 i1,9tcb a1 i1,14,15,0.9333,0.9333,0.0
PDB-CPX-172479,8zv7 a1 i1,9feg a1 i1,17,11,0.6471,0.6471,0.0
PDB-CPX-172479,8zv7 a1 i1,9ifv a1 i1,17,7,0.4118,0.4118,0.0
PDB-CPX-172479,8zv7 a1 i1,9ifv a2 i1,17,7,0.4118,0.4118,0.0
PDB-CPX-172479,8zv7 a1 i1,9rlo a1 i1,17,10,0.5,0.5,0.0
PDB-CPX-172479,8zv7 a1 i1,9rlp a1 i1,17,8,0.4706,0.4706,0.0
PDB-CPX-172479,8zv7 a1 i1,9rlq a1 i1,17,12,0.7059,0.7059,0.0
PDB-CPX-172479,8zv7 a1 i1,9rlr a1 i1,17,9,0.4444,0.5294,0.085
PDB-CPX-172479,8zv7 a1 i1,9tcb a1 i1,17,15,0.8824,0.8824,0.0
PDB-CPX-172479,9feg a1 i1,9ifv a1 i1,11,7,0.6364,0.6364,0.0
PDB-CPX-172479,9feg a1 i1,9ifv a2 i1,11,7,0.6364,0.6364,0.0
PDB-CPX-172479,9feg a1 i1,9rlo a1 i1,11,10,0.6154,0.6154,0.0
PDB-CPX-172479,9feg a1 i1,9rlp a1 i1,11,8,0.7273,0.7273,0.0
PDB-CPX-172479,9feg a1 i1,9rlq a1 i1,11,12,0.9167,0.9167,0.0
PDB-CPX-172479,9feg a1 i1,9rlr a1 i1,11,9,0.6667,0.6667,0.0
PDB-CPX-172479,9feg a1 i1,9tcb a1 i1,11,15,0.7333,0.7333,0.0
PDB-CPX-172479,9ifv a1 i1,9ifv a2 i1,7,7,1.0,1.0,0.0
PDB-CPX-172479,9ifv a1 i1,9rlo a1 i1,7,10,0.3077,0.3077,0.0
PDB-CPX-172479,9ifv a1 i1,9rlp a1 i1,7,8,0.3636,0.3636,0.0
PDB-CPX-172479,9ifv a1 i1,9rlq a1 i1,7,12,0.5833,0.5833,0.0
PDB-CPX-172479,9ifv a1 i1,9rlr a1 i1,7,9,0.3333,0.3333,0.0
PDB-CPX-172479,9ifv a1 i1,9tcb a1 i1,7,15,0.4667,0.4667,0.0
PDB-CPX-172479,9ifv a2 i1,9rlo a1 i1,7,10,0.3077,0.3077,0.0
PDB-CPX-172479,9ifv a2 i1,9rlp a1 i1,7,8,0.3636,0.3636,0.0
PDB-CPX-172479,9ifv a2 i1,9rlq a1 i1,7,12,0.5833,0.5833,0.0
PDB-CPX-172479,9ifv a2 i1,9rlr a1 i1,7,9,0.3333,0.3333,0.0
PDB-CPX-172479,9ifv a2 i1,9tcb a1 i1,7,15,0.4667,0.4667,0.0
PDB-CPX-172479,9rlo a1 i1,9rlp a1 i1,10,8,0.6364,0.8,0.1636
PDB-CPX-172479,9rlo a1 i1,9rlq a1 i1,10,12,0.5714,0.5714,0.0
PDB-CPX-172479,9rlo a1 i1,9rlr a1 i1,10,9,0.9,0.7273,-0.1727
PDB-CPX-172479,9rlo a1 i1,9tcb a1 i1,10,15,0.4706,0.4706,0.0
PDB-CPX-172479,9rlp a1 i1,9rlq a1 i1,8,12,0.6667,0.6667,0.0
PDB-CPX-172479,9rlp a1 i1,9rlr a1 i1,8,9,0.7,0.8889,0.1889
PDB-CPX-172479,9rlp a1 i1,9tcb a1 i1,8,15,0.5333,0.5333,0.0
PDB-CPX-172479,9rlq a1 i1,9rlr a1 i1,12,9,0.6154,0.6154,0.0
PDB-CPX-172479,9rlq a1 i1,9tcb a1 i1,12,15,0.8,0.8,0.0
PDB-CPX-172479,9rlr a1 i1,9tcb a1 i1,9,15,0.5,0.5,0.0
PDB-CPX-139495,1bm9 a1 i1,1bm9 a2 i1,10,10,0.6667,0.6667,0.0
PDB-CPX-139495,1bm9 a1 i1,1j0r a1 i1,10,14,0.7143,0.7143,0.0
PDB-CPX-139495,1bm9 a1 i1,1j0r a2 i1,10,12,0.5714,0.5714,0.0
PDB-CPX-139495,1bm9 a1 i1,2dqr a1 i1,10,13,0.3529,0.3529,0.0
PDB-CPX-139495,1bm9 a1 i1,2dqr a2 i1,10,11,0.3125,0.3125,0.0
PDB-CPX-139495,1bm9 a2 i1,1j0r a1 i1,10,14,0.7143,0.7143,0.0
PDB-CPX-139495,1bm9 a2 i1,1j0r a2 i1,10,12,0.8333,0.8333,0.0
PDB-CPX-139495,1bm9 a2 i1,2dqr a1 i1,10,13,0.3529,0.3529,0.0
PDB-CPX-139495,1bm9 a2 i1,2dqr a2 i1,10,11,0.5,0.5,0.0
PDB-CPX-139495,1j0r a1 i1,1j0r a2 i1,14,12,0.8571,0.8571,0.0
PDB-CPX-139495,1j0r a1 i1,2dqr a1 i1,14,13,0.4211,0.4211,0.0
PDB-CPX-139495,1j0r a1 i1,2dqr a2 i1,14,11,0.5625,0.5625,0.0
PDB-CPX-139495,1j0r a2 i1,2dqr a1 i1,12,13,0.4706,0.4706,0.0
PDB-CPX-139495,1j0r a2 i1,2dqr a2 i1,12,11,0.6429,0.6429,0.0
PDB-CPX-139495,2dqr a1 i1,2dqr a2 i1,13,11,0.6,0.5,-0.1
PDB-CPX-120378,4txh a1 i1,4txh a2 i1,26,27,0.7667,0.8276,0.0609
PDB-CPX-120378,4txh a1 i1,4txj a1 i1,26,29,0.7742,0.7742,0.0
PDB-CPX-120378,4txh a1 i1,4txj a2 i1,26,27,0.8276,0.8276,0.0
PDB-CPX-120378,4txh a1 i1,4txl a1 i1,26,22,0.7143,0.7778,0.0635
PDB-CPX-120378,4txh a1 i1,4txl a2 i1,26,25,0.8214,0.8214,0.0
PDB-CPX-120378,4txh a1 i1,4txm a1 i1,26,25,0.8214,0.8214,0.0
PDB-CPX-120378,4txh a1 i1,4txn a1 i1,26,25,0.8214,0.8214,0.0
PDB-CPX-120378,4txh a1 i1,4txn a2 i1,26,28,0.8,0.8,0.0
PDB-CPX-120378,4txh a2 i1,4txj a1 i1,27,29,0.75,0.697,-0.053
PDB-CPX-120378,4txh a2 i1,4txj a2 i1,27,27,0.8,0.8,0.0
PDB-CPX-120378,4txh a2 i1,4txl a1 i1,27,22,0.75,0.6897,-0.0603
PDB-CPX-120378,4txh a2 i1,4txl a2 i1,27,25,0.7931,0.7333,-0.0598
PDB-CPX-120378,4txh a2 i1,4txm a1 i1,27,25,0.7333,0.7333,0.0
PDB-CPX-120378,4txh a2 i1,4txn a1 i1,27,25,0.7931,0.7931,0.0
PDB-CPX-120378,4txh a2 i1,4txn a2 i1,27,28,0.7188,0.7188,0.0
PDB-CPX-120378,4txj a1 i1,4txj a2 i1,29,27,0.8065,0.8065,0.0
PDB-CPX-120378,4txj a1 i1,4txl a1 i1,29,22,0.7,0.6452,-0.0548
PDB-CPX-120378,4txj a1 i1,4txl a2 i1,29,25,0.8,0.8,0.0
PDB-CPX-120378,4txj a1 i1,4txm a1 i1,29,25,0.8621,0.8,-0.0621
PDB-CPX-120378,4txj a1 i1,4txn a1 i1,29,25,0.7419,0.8,0.0581
PDB-CPX-120378,4txj a1 i1,4txn a2 i1,29,28,0.9655,0.8387,-0.1268
PDB-CPX-120378,4txj a2 i1,4txl a1 i1,27,22,0.75,0.75,0.0
PDB-CPX-120378,4txj a2 i1,4txl a2 i1,27,25,0.9259,0.7931,-0.1328
PDB-CPX-120378,4txj a2 i1,4txm a1 i1,27,25,0.8571,0.7931,-0.064
PDB-CPX-120378,4txj a2 i1,4txn a1 i1,27,25,0.8571,0.9259,0.0688
PDB-CPX-120378,4txj a2 i1,4txn a2 i1,27,28,0.8333,0.7742,-0.0591
PDB-CPX-120378,4txl a1 i1,4txl a2 i1,22,25,0.7407,0.8077,0.067
PDB-CPX-120378,4txl a1 i1,4txm a1 i1,22,25,0.7407,0.7407,0.0
PDB-CPX-120378,4txl a1 i1,4txn a1 i1,22,25,0.8077,0.8077,0.0
PDB-CPX-120378,4txl a1 i1,4txn a2 i1,22,28,0.7241,0.6667,-0.0575
PDB-CPX-120378,4txl a2 i1,4txm a1 i1,25,25,0.9231,0.8519,-0.0712
PDB-CPX-120378,4txl a2 i1,4txn a1 i1,25,25,0.8519,0.9231,0.0712
PDB-CPX-120378,4txl a2 i1,4txn a2 i1,25,28,0.8276,0.8276,0.0
PDB-CPX-120378,4txm a1 i1,4txn a1 i1,25,25,0.7857,0.8519,0.0661
PDB-CPX-120378,4txm a1 i1,4txn a2 i1,25,28,0.8929,0.8276,-0.0653
PDB-CPX-120378,4txn a1 i1,4txn a2 i1,25,28,0.7667,0.8276,0.0609
PDB-CPX-168949,1mx3 a2 i1,4lce a1 i1,30,30,1.0,1.0,0.0
PDB-CPX-168949,1mx3 a2 i1,4u6q a1 i1,30,30,0.5789,0.5789,0.0
PDB-CPX-168949,1mx3 a2 i1,4u6s a1 i1,30,30,0.7647,0.7647,0.0
PDB-CPX-168949,1mx3 a2 i1,6cdf a2 i1,30,17,0.5667,0.5667,0.0
PDB-CPX-168949,1mx3 a2 i1,6cdr a2 i1,30,17,0.5667,0.5667,0.0
PDB-CPX-168949,1mx3 a2 i1,6v89 a1 i1,30,34,0.7778,0.7778,0.0
PDB-CPX-168949,1mx3 a2 i1,6v8a a1 i1,30,32,0.8235,0.8235,0.0
PDB-CPX-168949,4lce a1 i1,4u6q a1 i1,30,30,0.5789,0.5789,0.0
PDB-CPX-168949,4lce a1 i1,4u6s a1 i1,30,30,0.7647,0.7647,0.0
PDB-CPX-168949,4lce a1 i1,6cdf a2 i1,30,17,0.5667,0.5667,0.0
PDB-CPX-168949,4lce a1 i1,6cdr a2 i1,30,17,0.5667,0.5667,0.0
PDB-CPX-168949,4lce a1 i1,6v89 a1 i1,30,34,0.7778,0.7778,0.0
PDB-CPX-168949,4lce a1 i1,6v8a a1 i1,30,32,0.8235,0.8235,0.0
PDB-CPX-168949,4u6q a1 i1,4u6s a1 i1,30,30,0.6667,0.6667,0.0
PDB-CPX-168949,4u6q a1 i1,6cdf a2 i1,30,17,0.3824,0.3824,0.0
PDB-CPX-168949,4u6q a1 i1,6cdr a2 i1,30,17,0.3824,0.3824,0.0
PDB-CPX-168949,4u6q a1 i1,6v89 a1 i1,30,34,0.7778,0.7778,0.0
PDB-CPX-168949,4u6q a1 i1,6v8a a1 i1,30,32,0.55,0.55,0.0
PDB-CPX-168949,4u6s a1 i1,6cdf a2 i1,30,17,0.5667,0.5667,0.0
PDB-CPX-168949,4u6s a1 i1,6cdr a2 i1,30,17,0.5667,0.5667,0.0
PDB-CPX-168949,4u6s a1 i1,6v89 a1 i1,30,34,0.6842,0.6842,0.0
PDB-CPX-168949,4u6s a1 i1,6v8a a1 i1,30,32,0.7222,0.7222,0.0
PDB-CPX-168949,6cdf a2 i1,6cdr a2 i1,17,17,1.0,1.0,0.0
PDB-CPX-168949,6cdf a2 i1,6v89 a1 i1,17,34,0.5,0.5,0.0
PDB-CPX-168949,6cdf a2 i1,6v8a a1 i1,17,32,0.5312,0.5312,0.0
PDB-CPX-168949,6cdr a2 i1,6v89 a1 i1,17,34,0.5,0.5,0.0
PDB-CPX-168949,6cdr a2 i1,6v8a a1 i1,17,32,0.5312,0.5312,0.0
PDB-CPX-168949,6v89 a1 i1,6v8a a1 i1,34,32,0.7368,0.7368,0.0
PDB-CPX-228133,6khk a1 i1,6khl a1 i1,6,6,1.0,1.0,0.0
PDB-CPX-228133,6khk a1 i1,6khm a1 i1,6,6,1.0,1.0,0.0
PDB-CPX-228133,6khk a1 i1,6khm a10 i1,6,6,1.0,1.0,0.0
PDB-CPX-228133,6khk a1 i1,6khm a11 i1,6,6,1.0,1.0,0.0
PDB-CPX-228133,6khk a1 i1,6khm a12 i1,6,6,1.0,1.0,0.0
PDB-CPX-228133,6khk a1 i1,6khm a13 i1,6,6,1.0,1.0,0.0
PDB-CPX-228133,6khk a1 i1,6khm a2 i1,6,6,1.0,1.0,0.0
PDB-CPX-228133,6khk a1 i1,6khm a3 i1,6,6,1.0,1.0,0.0
PDB-CPX-228133,6khk a1 i1,6khm a4 i1,6,6,1.0,1.0,0.0
PDB-CPX-228133,6khk a1 i1,6khm a5 i1,6,6,1.0,1.0,0.0
PDB-CPX-228133,6khk a1 i1,6khm a6 i1,6,6,1.0,1.0,0.0
PDB-CPX-228133,6khk a1 i1,6khm a7 i1,6,6,1.0,1.0,0.0
PDB-CPX-228133,6khk a1 i1,6khm a8 i1,6,6,1.0,1.0,0.0
PDB-CPX-228133,6khk a1 i1,6khm a9 i1,6,6,1.0,1.0,0.0
PDB-CPX-228133,6khl a1 i1,6khm a1 i1,6,6,1.0,1.0,0.0
PDB-CPX-228133,6khl a1 i1,6khm a10 i1,6,6,1.0,1.0,0.0
PDB-CPX-228133,6khl a1 i1,6khm a11 i1,6,6,1.0,1.0,0.0
PDB-CPX-228133,6khl a1 i1,6khm a12 i1,6,6,1.0,1.0,0.0
PDB-CPX-228133,6khl a1 i1,6khm a13 i1,6,6,1.0,1.0,0.0
PDB-CPX-228133,6khl a1 i1,6khm a2 i1,6,6,1.0,1.0,0.0
PDB-CPX-228133,6khl a1 i1,6khm a3 i1,6,6,1.0,1.0,0.0
PDB-CPX-228133,6khl a1 i1,6khm a4 i1,6,6,1.0,1.0,0.0
PDB-CPX-228133,6khl a1 i1,6khm a5 i1,6,6,1.0,1.0,0.0
PDB-CPX-228133,6khl a1 i1,6khm a6 i1,6,6,1.0,1.0,0.0
PDB-CPX-228133,6khl a1 i1,6khm a7 i1,6,6,1.0,1.0,0.0
PDB-CPX-228133,6khl a1 i1,6khm a8 i1,6,6,1.0,1.0,0.0
PDB-CPX-228133,6khl a1 i1,6khm a9 i1,6,6,1.0,1.0,0.0
PDB-CPX-228133,6khm a1 i1,6khm a10 i1,6,6,1.0,1.0,0.0
PDB-CPX-228133,6khm a1 i1,6khm a11 i1,6,6,1.0,1.0,0.0
PDB-CPX-228133,6khm a1 i1,6khm a12 i1,6,6,1.0,1.0,0.0
PDB-CPX-228133,6khm a1 i1,6khm a13 i1,6,6,1.0,1.0,0.0
PDB-CPX-228133,6khm a1 i1,6khm a2 i1,6,6,1.0,1.0,0.0
PDB-CPX-228133,6khm a1 i1,6khm a3 i1,6,6,1.0,1.0,0.0
PDB-CPX-228133,6khm a1 i1,6khm a4 i1,6,6,1.0,1.0,0.0
PDB-CPX-228133,6khm a1 i1,6khm a5 i1,6,6,1.0,1.0,0.0
PDB-CPX-228133,6khm a1 i1,6khm a6 i1,6,6,1.0,1.0,0.0
PDB-CPX-228133,6khm a1 i1,6khm a7 i1,6,6,1.0,1.0,0.0
PDB-CPX-228133,6khm a1 i1,6khm a8 i1,6,6,1.0,1.0,0.0
PDB-CPX-228133,6khm a1 i1,6khm a9 i1,6,6,1.0,1.0,0.0
PDB-CPX-228133,6khm a10 i1,6khm a11 i1,6,6,1.0,1.0,0.0
PDB-CPX-228133,6khm a10 i1,6khm a12 i1,6,6,1.0,1.0,0.0
PDB-CPX-228133,6khm a10 i1,6khm a13 i1,6,6,1.0,1.0,0.0
PDB-CPX-228133,6khm a10 i1,6khm a2 i1,6,6,1.0,1.0,0.0
PDB-CPX-228133,6khm a10 i1,6khm a3 i1,6,6,1.0,1.0,0.0
PDB-CPX-228133,6khm a10 i1,6khm a4 i1,6,6,1.0,1.0,0.0
PDB-CPX-228133,6khm a10 i1,6khm a5 i1,6,6,1.0,1.0,0.0
PDB-CPX-228133,6khm a10 i1,6khm a6 i1,6,6,1.0,1.0,0.0
PDB-CPX-228133,6khm a10 i1,6khm a7 i1,6,6,1.0,1.0,0.0
PDB-CPX-228133,6khm a10 i1,6khm a8 i1,6,6,1.0,1.0,0.0
PDB-CPX-228133,6khm a10 i1,6khm a9 i1,6,6,1.0,1.0,0.0
PDB-CPX-228133,6khm a11 i1,6khm a12 i1,6,6,1.0,1.0,0.0
PDB-CPX-228133,6khm a11 i1,6khm a13 i1,6,6,1.0,1.0,0.0
PDB-CPX-228133,6khm a11 i1,6khm a2 i1,6,6,1.0,1.0,0.0
PDB-CPX-228133,6khm a11 i1,6khm a3 i1,6,6,1.0,1.0,0.0
PDB-CPX-228133,6khm a11 i1,6khm a4 i1,6,6,1.0,1.0,0.0
PDB-CPX-228133,6khm a11 i1,6khm a5 i1,6,6,1.0,1.0,0.0
PDB-CPX-228133,6khm a11 i1,6khm a6 i1,6,6,1.0,1.0,0.0
PDB-CPX-228133,6khm a11 i1,6khm a7 i1,6,6,1.0,1.0,0.0
PDB-CPX-228133,6khm a11 i1,6khm a8 i1,6,6,1.0,1.0,0.0
PDB-CPX-228133,6khm a11 i1,6khm a9 i1,6,6,1.0,1.0,0.0
PDB-CPX-228133,6khm a12 i1,6khm a13 i1,6,6,1.0,1.0,0.0
PDB-CPX-228133,6khm a12 i1,6khm a2 i1,6,6,1.0,1.0,0.0
PDB-CPX-228133,6khm a12 i1,6khm a3 i1,6,6,1.0,1.0,0.0
PDB-CPX-228133,6khm a12 i1,6khm a4 i1,6,6,1.0,1.0,0.0
PDB-CPX-228133,6khm a12 i1,6khm a5 i1,6,6,1.0,1.0,0.0
PDB-CPX-228133,6khm a12 i1,6khm a6 i1,6,6,1.0,1.0,0.0
PDB-CPX-228133,6khm a12 i1,6khm a7 i1,6,6,1.0,1.0,0.0
PDB-CPX-228133,6khm a12 i1,6khm a8 i1,6,6,1.0,1.0,0.0
PDB-CPX-228133,6khm a12 i1,6khm a9 i1,6,6,1.0,1.0,0.0
PDB-CPX-228133,6khm a13 i1,6khm a2 i1,6,6,1.0,1.0,0.0
PDB-CPX-228133,6khm a13 i1,6khm a3 i1,6,6,1.0,1.0,0.0
PDB-CPX-228133,6khm a13 i1,6khm a4 i1,6,6,1.0,1.0,0.0
PDB-CPX-228133,6khm a13 i1,6khm a5 i1,6,6,1.0,1.0,0.0
PDB-CPX-228133,6khm a13 i1,6khm a6 i1,6,6,1.0,1.0,0.0
PDB-CPX-228133,6khm a13 i1,6khm a7 i1,6,6,1.0,1.0,0.0
PDB-CPX-228133,6khm a13 i1,6khm a8 i1,6,6,1.0,1.0,0.0
PDB-CPX-228133,6khm a13 i1,6khm a9 i1,6,6,1.0,1.0,0.0
PDB-CPX-228133,6khm a2 i1,6khm a3 i1,6,6,1.0,1.0,0.0
PDB-CPX-228133,6khm a2 i1,6khm a4 i1,6,6,1.0,1.0,0.0
PDB-CPX-228133,6khm a2 i1,6khm a5 i1,6,6,1.0,1.0,0.0
PDB-CPX-228133,6khm a2 i1,6khm a6 i1,6,6,1.0,1.0,0.0
PDB-CPX-228133,6khm a2 i1,6khm a7 i1,6,6,1.0,1.0,0.0
PDB-CPX-228133,6khm a2 i1,6khm a8 i1,6,6,1.0,1.0,0.0
PDB-CPX-228133,6khm a2 i1,6khm a9 i1,6,6,1.0,1.0,0.0
PDB-CPX-228133,6khm a3 i1,6khm a4 i1,6,6,1.0,1.0,0.0
PDB-CPX-228133,6khm a3 i1,6khm a5 i1,6,6,1.0,1.0,0.0
PDB-CPX-228133,6khm a3 i1,6khm a6 i1,6,6,1.0,1.0,0.0
PDB-CPX-228133,6khm a3 i1,6khm a7 i1,6,6,1.0,1.0,0.0
PDB-CPX-228133,6khm a3 i1,6khm a8 i1,6,6,1.0,1.0,0.0
PDB-CPX-228133,6khm a3 i1,6khm a9 i1,6,6,1.0,1.0,0.0
PDB-CPX-228133,6khm a4 i1,6khm a5 i1,6,6,1.0,1.0,0.0
PDB-CPX-228133,6khm a4 i1,6khm a6 i1,6,6,1.0,1.0,0.0
PDB-CPX-228133,6khm a4 i1,6khm a7 i1,6,6,1.0,1.0,0.0
PDB-CPX-228133,6khm a4 i1,6khm a8 i1,6,6,1.0,1.0,0.0
PDB-CPX-228133,6khm a4 i1,6khm a9 i1,6,6,1.0,1.0,0.0
PDB-CPX-228133,6khm a5 i1,6khm a6 i1,6,6,1.0,1.0,0.0
PDB-CPX-228133,6khm a5 i1,6khm a7 i1,6,6,1.0,1.0,0.0
PDB-CPX-228133,6khm a5 i1,6khm a8 i1,6,6,1.0,1.0,0.0
PDB-CPX-228133,6khm a5 i1,6khm a9 i1,6,6,1.0,1.0,0.0
PDB-CPX-228133,6khm a6 i1,6khm a7 i1,6,6,1.0,1.0,0.0
PDB-CPX-228133,6khm a6 i1,6khm a8 i1,6,6,1.0,1.0,0.0
PDB-CPX-228133,6khm a6 i1,6khm a9 i1,6,6,1.0,1.0,0.0
PDB-CPX-228133,6khm a7 i1,6khm a8 i1,6,6,1.0,1.0,0.0
PDB-CPX-228133,6khm a7 i1,6khm a9 i1,6,6,1.0,1.0,0.0
PDB-CPX-228133,6khm a8 i1,6khm a9 i1,6,6,1.0,1.0,0.0
PDB-CPX-152431,3cyp a1 i1,3cyp a2 i1,2,2,0.0,0.3333,0.3333
PDB-CPX-152431,3cyp a1 i1,3cyq a1 i1,2,1,0.5,0.0,-0.5
PDB-CPX-152431,3cyp a1 i1,3cyq a2 i1,2,1,0.5,0.0,-0.5
PDB-CPX-152431,3cyp a1 i1,3cyq a5 i1,2,2,0.0,0.3333,0.3333
PDB-CPX-152431,3cyp a1 i1,3cyq a6 i1,2,1,0.0,0.5,0.5
PDB-CPX-152431,3cyp a1 i1,3imp a3 i1,2,1,0.0,0.0,0.0
PDB-CPX-152431,3cyp a1 i1,3imp a5 i1,2,1,0.0,0.0,0.0
PDB-CPX-152431,3cyp a1 i1,3imp a6 i1,2,2,0.3333,0.3333,0.0
PDB-CPX-152431,3cyp a1 i1,3s02 a1 i1,2,14,0.0,0.0,0.0
PDB-CPX-152431,3cyp a1 i1,3s03 a1 i1,2,5,0.0,0.0,0.0
PDB-CPX-152431,3cyp a1 i1,3s03 a2 i1,2,3,0.0,0.0,0.0
PDB-CPX-152431,3cyp a1 i1,3s06 a2 i1,2,19,0.0,0.0,0.0
PDB-CPX-152431,3cyp a1 i1,3s0h a1 i1,2,10,0.0,0.0,0.0
PDB-CPX-152431,3cyp a1 i1,3s0h a2 i1,2,9,0.0,0.0,0.0
PDB-CPX-152431,3cyp a1 i1,3s0w a1 i1,2,17,0.0,0.0,0.0
PDB-CPX-152431,3cyp a1 i1,3s0y a1 i1,2,19,0.0,0.0,0.0
PDB-CPX-152431,3cyp a2 i1,3cyq a1 i1,2,1,0.0,0.5,0.5
PDB-CPX-152431,3cyp a2 i1,3cyq a2 i1,2,1,0.0,0.5,0.5
PDB-CPX-152431,3cyp a2 i1,3cyq a5 i1,2,2,1.0,0.0,-1.0
PDB-CPX-152431,3cyp a2 i1,3cyq a6 i1,2,1,0.5,0.0,-0.5
PDB-CPX-152431,3cyp a2 i1,3imp a3 i1,2,1,0.0,0.0,0.0
PDB-CPX-152431,3cyp a2 i1,3imp a5 i1,2,1,0.0,0.0,0.0
PDB-CPX-152431,3cyp a2 i1,3imp a6 i1,2,2,0.3333,0.3333,0.0
PDB-CPX-152431,3cyp a2 i1,3s02 a1 i1,2,14,0.0,0.0,0.0
PDB-CPX-152431,3cyp a2 i1,3s03 a1 i1,2,5,0.0,0.0,0.0
PDB-CPX-152431,3cyp a2 i1,3s03 a2 i1,2,3,0.0,0.0,0.0
PDB-CPX-152431,3cyp a2 i1,3s06 a2 i1,2,19,0.0,0.0,0.0
PDB-CPX-152431,3cyp a2 i1,3s0h a1 i1,2,10,0.0,0.0,0.0
PDB-CPX-152431,3cyp a2 i1,3s0h a2 i1,2,9,0.0,0.0,0.0
PDB-CPX-152431,3cyp a2 i1,3s0w a1 i1,2,17,0.0,0.0,0.0
PDB-CPX-152431,3cyp a2 i1,3s0y a1 i1,2,19,0.0,0.0,0.0
PDB-CPX-152431,3cyq a1 i1,3cyq a2 i1,1,1,1.0,0.0,-1.0
PDB-CPX-152431,3cyq a1 i1,3cyq a5 i1,1,2,0.0,0.5,0.5
PDB-CPX-152431,3cyq a1 i1,3cyq a6 i1,1,1,0.0,1.0,1.0
PDB-CPX-152431,3cyq a1 i1,3imp a3 i1,1,1,0.0,0.0,0.0
PDB-CPX-152431,3cyq a1 i1,3imp a5 i1,1,1,0.0,0.0,0.0
PDB-CPX-152431,3cyq a1 i1,3imp a6 i1,1,2,0.5,0.5,0.0
PDB-CPX-152431,3cyq a1 i1,3s02 a1 i1,1,14,0.0,0.0,0.0
PDB-CPX-152431,3cyq a1 i1,3s03 a1 i1,1,5,0.0,0.0,0.0
PDB-CPX-152431,3cyq a1 i1,3s03 a2 i1,1,3,0.0,0.0,0.0
PDB-CPX-152431,3cyq a1 i1,3s06 a2 i1,1,19,0.0,0.0,0.0
PDB-CPX-152431,3cyq a1 i1,3s0h a1 i1,1,10,0.0,0.0,0.0
PDB-CPX-152431,3cyq a1 i1,3s0h a2 i1,1,9,0.0,0.0,0.0
PDB-CPX-152431,3cyq a1 i1,3s0w a1 i1,1,17,0.0,0.0,0.0
PDB-CPX-152431,3cyq a1 i1,3s0y a1 i1,1,19,0.0,0.0,0.0
PDB-CPX-152431,3cyq a2 i1,3cyq a5 i1,1,2,0.0,0.5,0.5
PDB-CPX-152431,3cyq a2 i1,3cyq a6 i1,1,1,0.0,1.0,1.0
PDB-CPX-152431,3cyq a2 i1,3imp a3 i1,1,1,0.0,0.0,0.0
PDB-CPX-152431,3cyq a2 i1,3imp a5 i1,1,1,0.0,0.0,0.0
PDB-CPX-152431,3cyq a2 i1,3imp a6 i1,1,2,0.5,0.5,0.0
PDB-CPX-152431,3cyq a2 i1,3s02 a1 i1,1,14,0.0,0.0,0.0
PDB-CPX-152431,3cyq a2 i1,3s03 a1 i1,1,5,0.0,0.0,0.0
PDB-CPX-152431,3cyq a2 i1,3s03 a2 i1,1,3,0.0,0.0,0.0
PDB-CPX-152431,3cyq a2 i1,3s06 a2 i1,1,19,0.0,0.0,0.0
PDB-CPX-152431,3cyq a2 i1,3s0h a1 i1,1,10,0.0,0.0,0.0
PDB-CPX-152431,3cyq a2 i1,3s0h a2 i1,1,9,0.0,0.0,0.0
PDB-CPX-152431,3cyq a2 i1,3s0w a1 i1,1,17,0.0,0.0,0.0
PDB-CPX-152431,3cyq a2 i1,3s0y a1 i1,1,19,0.0,0.0,0.0
PDB-CPX-152431,3cyq a5 i1,3cyq a6 i1,2,1,0.5,0.0,-0.5
PDB-CPX-152431,3cyq a5 i1,3imp a3 i1,2,1,0.0,0.0,0.0
PDB-CPX-152431,3cyq a5 i1,3imp a5 i1,2,1,0.0,0.0,0.0
PDB-CPX-152431,3cyq a5 i1,3imp a6 i1,2,2,0.3333,0.3333,0.0
PDB-CPX-152431,3cyq a5 i1,3s02 a1 i1,2,14,0.0,0.0,0.0
PDB-CPX-152431,3cyq a5 i1,3s03 a1 i1,2,5,0.0,0.0,0.0
PDB-CPX-152431,3cyq a5 i1,3s03 a2 i1,2,3,0.0,0.0,0.0
PDB-CPX-152431,3cyq a5 i1,3s06 a2 i1,2,19,0.0,0.0,0.0
PDB-CPX-152431,3cyq a5 i1,3s0h a1 i1,2,10,0.0,0.0,0.0
PDB-CPX-152431,3cyq a5 i1,3s0h a2 i1,2,9,0.0,0.0,0.0
PDB-CPX-152431,3cyq a5 i1,3s0w a1 i1,2,17,0.0,0.0,0.0
PDB-CPX-152431,3cyq a5 i1,3s0y a1 i1,2,19,0.0,0.0,0.0
PDB-CPX-152431,3cyq a6 i1,3imp a3 i1,1,1,0.0,0.0,0.0
PDB-CPX-152431,3cyq a6 i1,3imp a5 i1,1,1,0.0,0.0,0.0
PDB-CPX-152431,3cyq a6 i1,3imp a6 i1,1,2,0.5,0.5,0.0
PDB-CPX-152431,3cyq a6 i1,3s02 a1 i1,1,14,0.0,0.0,0.0
PDB-CPX-152431,3cyq a6 i1,3s03 a1 i1,1,5,0.0,0.0,0.0
PDB-CPX-152431,3cyq a6 i1,3s03 a2 i1,1,3,0.0,0.0,0.0
PDB-CPX-152431,3cyq a6 i1,3s06 a2 i1,1,19,0.0,0.0,0.0
PDB-CPX-152431,3cyq a6 i1,3s0h a1 i1,1,10,0.0,0.0,0.0
PDB-CPX-152431,3cyq a6 i1,3s0h a2 i1,1,9,0.0,0.0,0.0
PDB-CPX-152431,3cyq a6 i1,3s0w a1 i1,1,17,0.0,0.0,0.0
PDB-CPX-152431,3cyq a6 i1,3s0y a1 i1,1,19,0.0,0.0,0.0
PDB-CPX-152431,3imp a3 i1,3imp a5 i1,1,1,0.0,1.0,1.0
PDB-CPX-152431,3imp a3 i1,3imp a6 i1,1,2,0.0,0.0,0.0
PDB-CPX-152431,3imp a3 i1,3s02 a1 i1,1,14,0.0,0.0,0.0
PDB-CPX-152431,3imp a3 i1,3s03 a1 i1,1,5,0.0,0.0,0.0
PDB-CPX-152431,3imp a3 i1,3s03 a2 i1,1,3,0.0,0.0,0.0
PDB-CPX-152431,3imp a3 i1,3s06 a2 i1,1,19,0.0,0.0,0.0
PDB-CPX-152431,3imp a3 i1,3s0h a1 i1,1,10,0.0,0.0,0.0
PDB-CPX-152431,3imp a3 i1,3s0h a2 i1,1,9,0.0,0.0,0.0
PDB-CPX-152431,3imp a3 i1,3s0w a1 i1,1,17,0.0,0.0,0.0
PDB-CPX-152431,3imp a3 i1,3s0y a1 i1,1,19,0.0,0.0,0.0
PDB-CPX-152431,3imp a5 i1,3imp a6 i1,1,2,0.0,0.0,0.0
PDB-CPX-152431,3imp a5 i1,3s02 a1 i1,1,14,0.0,0.0,0.0
PDB-CPX-152431,3imp a5 i1,3s03 a1 i1,1,5,0.0,0.0,0.0
PDB-CPX-152431,3imp a5 i1,3s03 a2 i1,1,3,0.0,0.0,0.0
PDB-CPX-152431,3imp a5 i1,3s06 a2 i1,1,19,0.0,0.0,0.0
PDB-CPX-152431,3imp a5 i1,3s0h a1 i1,1,10,0.0,0.0,0.0
PDB-CPX-152431,3imp a5 i1,3s0h a2 i1,1,9,0.0,0.0,0.0
PDB-CPX-152431,3imp a5 i1,3s0w a1 i1,1,17,0.0,0.0,0.0
PDB-CPX-152431,3imp a5 i1,3s0y a1 i1,1,19,0.0,0.0,0.0
PDB-CPX-152431,3imp a6 i1,3s02 a1 i1,2,14,0.0,0.0,0.0
PDB-CPX-152431,3imp a6 i1,3s03 a1 i1,2,5,0.0,0.0,0.0
PDB-CPX-152431,3imp a6 i1,3s03 a2 i1,2,3,0.0,0.0,0.0
PDB-CPX-152431,3imp a6 i1,3s06 a2 i1,2,19,0.0,0.0,0.0
PDB-CPX-152431,3imp a6 i1,3s0h a1 i1,2,10,0.0,0.0,0.0
PDB-CPX-152431,3imp a6 i1,3s0h a2 i1,2,9,0.0,0.0,0.0
PDB-CPX-152431,3imp a6 i1,3s0w a1 i1,2,17,0.0,0.0,0.0
PDB-CPX-152431,3imp a6 i1,3s0y a1 i1,2,19,0.0,0.0,0.0
PDB-CPX-152431,3s02 a1 i1,3s03 a1 i1,14,5,0.0,0.0,0.0
PDB-CPX-152431,3s02 a1 i1,3s03 a2 i1,14,3,0.0,0.0,0.0
PDB-CPX-152431,3s02 a1 i1,3s06 a2 i1,14,19,0.5714,0.5714,0.0
PDB-CPX-152431,3s02 a1 i1,3s0h a1 i1,14,10,0.0,0.0,0.0
PDB-CPX-152431,3s02 a1 i1,3s0h a2 i1,14,9,0.0,0.0,0.0
PDB-CPX-152431,3s02 a1 i1,3s0w a1 i1,14,17,0.6316,0.6316,0.0
PDB-CPX-152431,3s02 a1 i1,3s0y a1 i1,14,19,0.5714,0.5714,0.0
PDB-CPX-152431,3s03 a1 i1,3s03 a2 i1,5,3,0.6,0.6,0.0
PDB-CPX-152431,3s03 a1 i1,3s06 a2 i1,5,19,0.0,0.0,0.0
PDB-CPX-152431,3s03 a1 i1,3s0h a1 i1,5,10,0.3636,0.3636,0.0
PDB-CPX-152431,3s03 a1 i1,3s0h a2 i1,5,9,0.5556,0.4,-0.1556
PDB-CPX-152431,3s03 a1 i1,3s0w a1 i1,5,17,0.0,0.0,0.0
PDB-CPX-152431,3s03 a1 i1,3s0y a1 i1,5,19,0.0,0.0,0.0
PDB-CPX-152431,3s03 a2 i1,3s06 a2 i1,3,19,0.0,0.0,0.0
PDB-CPX-152431,3s03 a2 i1,3s0h a1 i1,3,10,0.3,0.3,0.0
PDB-CPX-152431,3s03 a2 i1,3s0h a2 i1,3,9,0.3333,0.3333,0.0
PDB-CPX-152431,3s03 a2 i1,3s0w a1 i1,3,17,0.0,0.0,0.0
PDB-CPX-152431,3s03 a2 i1,3s0y a1 i1,3,19,0.0,0.0,0.0
PDB-CPX-152431,3s06 a2 i1,3s0h a1 i1,19,10,0.0,0.0,0.0
PDB-CPX-152431,3s06 a2 i1,3s0h a2 i1,19,9,0.0,0.0,0.0
PDB-CPX-152431,3s06 a2 i1,3s0w a1 i1,19,17,0.5652,0.44,-0.1252
PDB-CPX-152431,3s06 a2 i1,3s0y a1 i1,19,19,0.4615,0.4074,-0.0541
PDB-CPX-152431,3s0h a1 i1,3s0h a2 i1,10,9,0.4615,0.7273,0.2657
PDB-CPX-152431,3s0h a1 i1,3s0w a1 i1,10,17,0.0,0.0,0.0
PDB-CPX-152431,3s0h a1 i1,3s0y a1 i1,10,19,0.0,0.0,0.0
PDB-CPX-152431,3s0h a2 i1,3s0w a1 i1,9,17,0.0,0.0,0.0
PDB-CPX-152431,3s0h a2 i1,3s0y a1 i1,9,19,0.0,0.0,0.0
PDB-CPX-152431,3s0w a1 i1,3s0y a1 i1,17,19,0.7143,0.5,-0.2143
PDB-CPX-127113,2f6g a1 i1,2f6p a1 i1,9,11,0.5385,0.6667,0.1282
PDB-CPX-127113,2f6g a1 i1,2f78 a1 i1,9,9,0.6364,0.6364,0.0
PDB-CPX-127113,2f6g a1 i1,2f7a a1 i1,9,8,0.5455,0.7,0.1545
PDB-CPX-127113,2f6g a1 i1,2f8d a1 i1,9,14,0.5333,0.5333,0.0
PDB-CPX-127113,2f6g a1 i1,2f97 a1 i1,9,13,0.5714,0.5714,0.0
PDB-CPX-127113,2f6g a1 i1,2h99 a1 i1,9,13,0.4667,0.5714,0.1048
PDB-CPX-127113,2f6g a1 i1,2h9b a1 i1,9,12,0.5,0.5,0.0
PDB-CPX-127113,2f6g a1 i1,3k1m a1 i1,9,15,0.0,0.0,0.0
PDB-CPX-127113,2f6g a1 i1,3k1m a4 i1,9,7,0.0,0.0,0.0
PDB-CPX-127113,2f6g a1 i1,3k1n a1 i1,9,17,0.0,0.0,0.0
PDB-CPX-127113,2f6g a1 i1,3k1n a4 i1,9,8,0.0,0.0,0.0
PDB-CPX-127113,2f6g a1 i1,3k1p a1 i1,9,7,0.0,0.0,0.0
PDB-CPX-127113,2f6g a1 i1,3m1e a1 i1,9,8,0.0,0.0,0.0
PDB-CPX-127113,2f6p a1 i1,2f78 a1 i1,11,9,0.6667,0.6667,0.0
PDB-CPX-127113,2f6p a1 i1,2f7a a1 i1,11,8,0.5833,0.4615,-0.1218
PDB-CPX-127113,2f6p a1 i1,2f8d a1 i1,11,14,0.6667,0.6667,0.0
PDB-CPX-127113,2f6p a1 i1,2f97 a1 i1,11,13,0.7143,0.7143,0.0
PDB-CPX-127113,2f6p a1 i1,2h99 a1 i1,11,13,0.6,0.6,0.0
PDB-CPX-127113,2f6p a1 i1,2h9b a1 i1,11,12,0.6429,0.6429,0.0
PDB-CPX-127113,2f6p a1 i1,3k1m a1 i1,11,15,0.0,0.0,0.0
PDB-CPX-127113,2f6p a1 i1,3k1m a4 i1,11,7,0.0,0.0,0.0
PDB-CPX-127113,2f6p a1 i1,3k1n a1 i1,11,17,0.0,0.0,0.0
PDB-CPX-127113,2f6p a1 i1,3k1n a4 i1,11,8,0.0,0.0,0.0
PDB-CPX-127113,2f6p a1 i1,3k1p a1 i1,11,7,0.0,0.0,0.0
PDB-CPX-127113,2f6p a1 i1,3m1e a1 i1,11,8,0.0,0.0,0.0
PDB-CPX-127113,2f78 a1 i1,2f7a a1 i1,9,8,0.5455,0.5455,0.0
PDB-CPX-127113,2f78 a1 i1,2f8d a1 i1,9,14,0.6429,0.6429,0.0
PDB-CPX-127113,2f78 a1 i1,2f97 a1 i1,9,13,0.6923,0.6923,0.0
PDB-CPX-127113,2f78 a1 i1,2h99 a1 i1,9,13,0.6923,0.5714,-0.1209
PDB-CPX-127113,2f78 a1 i1,2h9b a1 i1,9,12,0.6154,0.6154,0.0
PDB-CPX-127113,2f78 a1 i1,3k1m a1 i1,9,15,0.0,0.0,0.0
PDB-CPX-127113,2f78 a1 i1,3k1m a4 i1,9,7,0.0,0.0,0.0
PDB-CPX-127113,2f78 a1 i1,3k1n a1 i1,9,17,0.0,0.0,0.0
PDB-CPX-127113,2f78 a1 i1,3k1n a4 i1,9,8,0.0,0.0,0.0
PDB-CPX-127113,2f78 a1 i1,3k1p a1 i1,9,7,0.0,0.0,0.0
PDB-CPX-127113,2f78 a1 i1,3m1e a1 i1,9,8,0.0,0.0,0.0
PDB-CPX-127113,2f7a a1 i1,2f8d a1 i1,8,14,0.5714,0.5714,0.0
PDB-CPX-127113,2f7a a1 i1,2f97 a1 i1,8,13,0.6154,0.6154,0.0
PDB-CPX-127113,2f7a a1 i1,2h99 a1 i1,8,13,0.5,0.5,0.0
PDB-CPX-127113,2f7a a1 i1,2h9b a1 i1,8,12,0.5385,0.5385,0.0
PDB-CPX-127113,2f7a a1 i1,3k1m a1 i1,8,15,0.0,0.0,0.0
PDB-CPX-127113,2f7a a1 i1,3k1m a4 i1,8,7,0.0,0.0,0.0
PDB-CPX-127113,2f7a a1 i1,3k1n a1 i1,8,17,0.0,0.0,0.0
PDB-CPX-127113,2f7a a1 i1,3k1n a4 i1,8,8,0.0,0.0,0.0
PDB-CPX-127113,2f7a a1 i1,3k1p a1 i1,8,7,0.0,0.0,0.0
PDB-CPX-127113,2f7a a1 i1,3m1e a1 i1,8,8,0.0,0.0,0.0
PDB-CPX-127113,2f8d a1 i1,2f97 a1 i1,14,13,0.9286,0.9286,0.0
PDB-CPX-127113,2f8d a1 i1,2h99 a1 i1,14,13,0.8,0.8,0.0
PDB-CPX-127113,2f8d a1 i1,2h9b a1 i1,14,12,0.8571,0.8571,0.0
PDB-CPX-127113,2f8d a1 i1,3k1m a1 i1,14,15,0.0,0.0,0.0
PDB-CPX-127113,2f8d a1 i1,3k1m a4 i1,14,7,0.0,0.0,0.0
PDB-CPX-127113,2f8d a1 i1,3k1n a1 i1,14,17,0.0,0.0,0.0
PDB-CPX-127113,2f8d a1 i1,3k1n a4 i1,14,8,0.0,0.0,0.0
PDB-CPX-127113,2f8d a1 i1,3k1p a1 i1,14,7,0.0,0.0,0.0
PDB-CPX-127113,2f8d a1 i1,3m1e a1 i1,14,8,0.0,0.0,0.0
PDB-CPX-127113,2f97 a1 i1,2h99 a1 i1,13,13,0.8571,0.8571,0.0
PDB-CPX-127113,2f97 a1 i1,2h9b a1 i1,13,12,0.9231,0.9231,0.0
PDB-CPX-127113,2f97 a1 i1,3k1m a1 i1,13,15,0.0,0.0,0.0
PDB-CPX-127113,2f97 a1 i1,3k1m a4 i1,13,7,0.0,0.0,0.0
PDB-CPX-127113,2f97 a1 i1,3k1n a1 i1,13,17,0.0,0.0,0.0
PDB-CPX-127113,2f97 a1 i1,3k1n a4 i1,13,8,0.0,0.0,0.0
PDB-CPX-127113,2f97 a1 i1,3k1p a1 i1,13,7,0.0,0.0,0.0
PDB-CPX-127113,2f97 a1 i1,3m1e a1 i1,13,8,0.0,0.0,0.0
PDB-CPX-127113,2h99 a1 i1,2h9b a1 i1,13,12,0.7857,0.7857,0.0
PDB-CPX-127113,2h99 a1 i1,3k1m a1 i1,13,15,0.0,0.0,0.0
PDB-CPX-127113,2h99 a1 i1,3k1m a4 i1,13,7,0.0,0.0,0.0
PDB-CPX-127113,2h99 a1 i1,3k1n a1 i1,13,17,0.0,0.0,0.0
PDB-CPX-127113,2h99 a1 i1,3k1n a4 i1,13,8,0.0,0.0,0.0
PDB-CPX-127113,2h99 a1 i1,3k1p a1 i1,13,7,0.0,0.0,0.0
PDB-CPX-127113,2h99 a1 i1,3m1e a1 i1,13,8,0.0,0.0,0.0
PDB-CPX-127113,2h9b a1 i1,3k1m a1 i1,12,15,0.0,0.0,0.0
PDB-CPX-127113,2h9b a1 i1,3k1m a4 i1,12,7,0.0,0.0,0.0
PDB-CPX-127113,2h9b a1 i1,3k1n a1 i1,12,17,0.0,0.0,0.0
PDB-CPX-127113,2h9b a1 i1,3k1n a4 i1,12,8,0.0,0.0,0.0
PDB-CPX-127113,2h9b a1 i1,3k1p a1 i1,12,7,0.0,0.0,0.0
PDB-CPX-127113,2h9b a1 i1,3m1e a1 i1,12,8,0.0,0.0,0.0
PDB-CPX-127113,3k1m a1 i1,3k1m a4 i1,15,7,0.0,0.0,0.0
PDB-CPX-127113,3k1m a1 i1,3k1n a1 i1,15,17,0.6842,0.6,-0.0842
PDB-CPX-127113,3k1m a1 i1,3k1n a4 i1,15,8,0.0,0.0,0.0
PDB-CPX-127113,3k1m a1 i1,3k1p a1 i1,15,7,0.0,0.0,0.0
PDB-CPX-127113,3k1m a1 i1,3m1e a1 i1,15,8,0.0,0.0,0.0
PDB-CPX-127113,3k1m a4 i1,3k1n a1 i1,7,17,0.0,0.0,0.0
PDB-CPX-127113,3k1m a4 i1,3k1n a4 i1,7,8,0.3636,0.5,0.1364
PDB-CPX-127113,3k1m a4 i1,3k1p a1 i1,7,7,0.2727,0.4,0.1273
PDB-CPX-127113,3k1m a4 i1,3m1e a1 i1,7,8,0.6667,0.6667,0.0
PDB-CPX-127113,3k1n a1 i1,3k1n a4 i1,17,8,0.0,0.0,0.0
PDB-CPX-127113,3k1n a1 i1,3k1p a1 i1,17,7,0.0,0.0,0.0
PDB-CPX-127113,3k1n a1 i1,3m1e a1 i1,17,8,0.0,0.0,0.0
PDB-CPX-127113,3k1n a4 i1,3k1p a1 i1,8,7,0.1538,0.25,0.0962
PDB-CPX-127113,3k1n a4 i1,3m1e a1 i1,8,8,0.3333,0.3333,0.0
PDB-CPX-127113,3k1p a1 i1,3m1e a1 i1,7,8,0.25,0.25,0.0
PDB-CPX-138209,1a6i a1 i1,1bjz a1 i1,10,12,0.5714,0.5714,0.0
PDB-CPX-138209,1a6i a1 i1,1ork a1 i1,10,18,0.4,0.4,0.0
PDB-CPX-138209,1a6i a1 i1,2fj1 a1 i1,10,20,0.1538,0.1538,0.0
PDB-CPX-138209,1a6i a1 i1,2ns7 a1 i1,10,10,0.1765,0.1765,0.0
PDB-CPX-138209,1a6i a1 i1,2ns7 a2 i1,10,12,0.1,0.1,0.0
PDB-CPX-138209,1a6i a1 i1,2o7o a1 i1,10,22,0.2308,0.2308,0.0
PDB-CPX-138209,1a6i a1 i1,2tct a1 i1,10,16,0.3,0.3,0.0
PDB-CPX-138209,1a6i a1 i1,2trt a1 i1,10,16,0.3,0.3,0.0
PDB-CPX-138209,1a6i a1 i1,2vke a1 i1,10,18,0.2727,0.2727,0.0
PDB-CPX-138209,1a6i a1 i1,2x6o a1 i1,10,12,0.375,0.375,0.0
PDB-CPX-138209,1a6i a1 i1,2x9d a1 i1,10,12,0.5714,0.5714,0.0
PDB-CPX-138209,1a6i a1 i1,2xb5 a1 i1,10,18,0.2727,0.2727,0.0
PDB-CPX-138209,1a6i a1 i1,2xpu a1 i1,10,16,0.1818,0.1818,0.0
PDB-CPX-138209,1a6i a1 i1,2xpu a2 i1,10,6,0.0,0.0,0.0
PDB-CPX-138209,1a6i a1 i1,2xpv a1 i1,10,16,0.3,0.3,0.0
PDB-CPX-138209,1a6i a1 i1,2xpw a1 i1,10,18,0.1667,0.1667,0.0
PDB-CPX-138209,1a6i a1 i1,2xrl a1 i1,10,18,0.4,0.4,0.0
PDB-CPX-138209,1a6i a1 i1,4abz a1 i1,10,16,0.3,0.3,0.0
PDB-CPX-138209,1a6i a1 i1,4aux a1 i1,10,22,0.2308,0.2308,0.0
PDB-CPX-138209,1a6i a1 i1,4b1r a1 i1,10,12,0.375,0.375,0.0
PDB-CPX-138209,1a6i a1 i1,4b3a a1 i1,10,22,0.2308,0.2308,0.0
PDB-CPX-138209,1a6i a1 i1,4d7m a1 i1,10,20,0.1538,0.1538,0.0
PDB-CPX-138209,1a6i a1 i1,4d7n a1 i1,10,16,0.1818,0.1818,0.0
PDB-CPX-138209,1a6i a1 i1,4v2f a1 i1,10,10,0.4286,0.4286,0.0
PDB-CPX-138209,1a6i a1 i1,4v2g a1 i1,10,16,0.4444,0.4444,0.0
PDB-CPX-138209,1a6i a1 i1,5fkk a1 i1,10,15,0.3158,0.3158,0.0
PDB-CPX-138209,1a6i a1 i1,5fkl a1 i1,10,22,0.1429,0.1429,0.0
PDB-CPX-138209,1a6i a1 i1,5fkm a1 i1,10,24,0.3077,0.3077,0.0
PDB-CPX-138209,1a6i a1 i1,5fkn a1 i1,10,17,0.2857,0.2857,0.0
PDB-CPX-138209,1a6i a1 i1,5fko a1 i1,10,10,0.25,0.25,0.0
PDB-CPX-138209,1a6i a1 i1,6fpl a1 i1,10,14,0.5,0.5,0.0
PDB-CPX-138209,1a6i a1 i1,6fpm a1 i1,10,12,0.5714,0.5714,0.0
PDB-CPX-138209,1a6i a1 i1,6fts a1 i1,10,6,0.3333,0.3333,0.0
PDB-CPX-138209,1a6i a1 i1,6qjw a1 i1,10,10,0.4286,0.4286,0.0
PDB-CPX-138209,1a6i a1 i1,6qjx a1 i1,10,10,0.25,0.25,0.0
PDB-CPX-138209,1a6i a1 i1,6rbl a1 i1,10,18,0.4,0.4,0.0
PDB-CPX-138209,1a6i a1 i1,6rbm a1 i1,10,14,0.3333,0.3333,0.0
PDB-CPX-138209,1a6i a1 i1,6rcr a1 i1,10,18,0.1667,0.1667,0.0
PDB-CPX-138209,1a6i a1 i1,6rgx a1 i1,10,19,0.3182,0.3182,0.0
PDB-CPX-138209,1a6i a1 i1,6yr1 a1 i1,10,16,0.3,0.3,0.0
PDB-CPX-138209,1a6i a1 i1,6yr2 a1 i1,10,19,0.2609,0.2609,0.0
PDB-CPX-138209,1bjz a1 i1,1ork a1 i1,12,18,0.6667,0.6667,0.0
PDB-CPX-138209,1bjz a1 i1,2fj1 a1 i1,12,20,0.3333,0.3333,0.0
PDB-CPX-138209,1bjz a1 i1,2ns7 a1 i1,12,10,0.1579,0.1579,0.0
PDB-CPX-138209,1bjz a1 i1,2ns7 a2 i1,12,12,0.0909,0.0909,0.0
PDB-CPX-138209,1bjz a1 i1,2o7o a1 i1,12,22,0.3077,0.3077,0.0
PDB-CPX-138209,1bjz a1 i1,2tct a1 i1,12,16,0.4,0.4,0.0
PDB-CPX-138209,1bjz a1 i1,2trt a1 i1,12,16,0.4,0.4,0.0
PDB-CPX-138209,1bjz a1 i1,2vke a1 i1,12,18,0.3636,0.3636,0.0
PDB-CPX-138209,1bjz a1 i1,2x6o a1 i1,12,12,0.5,0.5,0.0
PDB-CPX-138209,1bjz a1 i1,2x9d a1 i1,12,12,0.7143,0.7143,0.0
PDB-CPX-138209,1bjz a1 i1,2xb5 a1 i1,12,18,0.3636,0.3636,0.0
PDB-CPX-138209,1bjz a1 i1,2xpu a1 i1,12,16,0.2727,0.2727,0.0
PDB-CPX-138209,1bjz a1 i1,2xpu a2 i1,12,6,0.0,0.0,0.0
PDB-CPX-138209,1bjz a1 i1,2xpv a1 i1,12,16,0.4,0.4,0.0
PDB-CPX-138209,1bjz a1 i1,2xpw a1 i1,12,18,0.25,0.25,0.0
PDB-CPX-138209,1bjz a1 i1,2xrl a1 i1,12,18,0.5,0.5,0.0
PDB-CPX-138209,1bjz a1 i1,4abz a1 i1,12,16,0.4,0.4,0.0
PDB-CPX-138209,1bjz a1 i1,4aux a1 i1,12,22,0.4167,0.4167,0.0
PDB-CPX-138209,1bjz a1 i1,4b1r a1 i1,12,12,0.5,0.5,0.0
PDB-CPX-138209,1bjz a1 i1,4b3a a1 i1,12,22,0.3077,0.3077,0.0
PDB-CPX-138209,1bjz a1 i1,4d7m a1 i1,12,20,0.2308,0.2308,0.0
PDB-CPX-138209,1bjz a1 i1,4d7n a1 i1,12,16,0.2727,0.2727,0.0
PDB-CPX-138209,1bjz a1 i1,4v2f a1 i1,12,10,0.375,0.375,0.0
PDB-CPX-138209,1bjz a1 i1,4v2g a1 i1,12,16,0.6471,0.6471,0.0
PDB-CPX-138209,1bjz a1 i1,5fkk a1 i1,12,15,0.35,0.35,0.0
PDB-CPX-138209,1bjz a1 i1,5fkl a1 i1,12,22,0.2143,0.2143,0.0
PDB-CPX-138209,1bjz a1 i1,5fkm a1 i1,12,24,0.3846,0.3846,0.0
PDB-CPX-138209,1bjz a1 i1,5fkn a1 i1,12,17,0.381,0.381,0.0
PDB-CPX-138209,1bjz a1 i1,5fko a1 i1,12,10,0.375,0.375,0.0
PDB-CPX-138209,1bjz a1 i1,6fpl a1 i1,12,14,0.625,0.625,0.0
PDB-CPX-138209,1bjz a1 i1,6fpm a1 i1,12,12,0.7143,0.7143,0.0
PDB-CPX-138209,1bjz a1 i1,6fts a1 i1,12,6,0.5,0.5,0.0
PDB-CPX-138209,1bjz a1 i1,6qjw a1 i1,12,10,0.5714,0.5714,0.0
PDB-CPX-138209,1bjz a1 i1,6qjx a1 i1,12,10,0.375,0.375,0.0
PDB-CPX-138209,1bjz a1 i1,6rbl a1 i1,12,18,0.6667,0.6667,0.0
PDB-CPX-138209,1bjz a1 i1,6rbm a1 i1,12,14,0.625,0.625,0.0
PDB-CPX-138209,1bjz a1 i1,6rcr a1 i1,12,18,0.25,0.25,0.0
PDB-CPX-138209,1bjz a1 i1,6rgx a1 i1,12,19,0.4762,0.4762,0.0
PDB-CPX-138209,1bjz a1 i1,6yr1 a1 i1,12,16,0.4,0.4,0.0
PDB-CPX-138209,1bjz a1 i1,6yr2 a1 i1,12,19,0.4091,0.4091,0.0
PDB-CPX-138209,1ork a1 i1,2fj1 a1 i1,18,20,0.5833,0.5833,0.0
PDB-CPX-138209,1ork a1 i1,2ns7 a1 i1,18,10,0.12,0.12,0.0
PDB-CPX-138209,1ork a1 i1,2ns7 a2 i1,18,12,0.0714,0.0714,0.0
PDB-CPX-138209,1ork a1 i1,2o7o a1 i1,18,22,0.4286,0.4286,0.0
PDB-CPX-138209,1ork a1 i1,2tct a1 i1,18,16,0.7,0.7,0.0
PDB-CPX-138209,1ork a1 i1,2trt a1 i1,18,16,0.7,0.7,0.0
PDB-CPX-138209,1ork a1 i1,2vke a1 i1,18,18,0.5,0.5,0.0
PDB-CPX-138209,1ork a1 i1,2x6o a1 i1,18,12,0.5,0.5,0.0
PDB-CPX-138209,1ork a1 i1,2x9d a1 i1,18,12,0.6667,0.6667,0.0
PDB-CPX-138209,1ork a1 i1,2xb5 a1 i1,18,18,0.5,0.5,0.0
PDB-CPX-138209,1ork a1 i1,2xpu a1 i1,18,16,0.5455,0.5455,0.0
PDB-CPX-138209,1ork a1 i1,2xpu a2 i1,18,6,0.0,0.0,0.0
PDB-CPX-138209,1ork a1 i1,2xpv a1 i1,18,16,0.7,0.7,0.0
PDB-CPX-138209,1ork a1 i1,2xpw a1 i1,18,18,0.3846,0.3846,0.0
PDB-CPX-138209,1ork a1 i1,2xrl a1 i1,18,18,0.5,0.5,0.0
PDB-CPX-138209,1ork a1 i1,4abz a1 i1,18,16,0.5455,0.5455,0.0
PDB-CPX-138209,1ork a1 i1,4aux a1 i1,18,22,0.5385,0.5385,0.0
PDB-CPX-138209,1ork a1 i1,4b1r a1 i1,18,12,0.5,0.5,0.0
PDB-CPX-138209,1ork a1 i1,4b3a a1 i1,18,22,0.5385,0.5385,0.0
PDB-CPX-138209,1ork a1 i1,4d7m a1 i1,18,20,0.4615,0.4615,0.0
PDB-CPX-138209,1ork a1 i1,4d7n a1 i1,18,16,0.4167,0.4167,0.0
PDB-CPX-138209,1ork a1 i1,4v2f a1 i1,18,10,0.2727,0.2727,0.0
PDB-CPX-138209,1ork a1 i1,4v2g a1 i1,18,16,0.619,0.619,0.0
PDB-CPX-138209,1ork a1 i1,5fkk a1 i1,18,15,0.5,0.5,0.0
PDB-CPX-138209,1ork a1 i1,5fkl a1 i1,18,22,0.4286,0.4286,0.0
PDB-CPX-138209,1ork a1 i1,5fkm a1 i1,18,24,0.5,0.5,0.0
PDB-CPX-138209,1ork a1 i1,5fkn a1 i1,18,17,0.5217,0.5217,0.0
PDB-CPX-138209,1ork a1 i1,5fko a1 i1,18,10,0.5556,0.5556,0.0
PDB-CPX-138209,1ork a1 i1,6fpl a1 i1,18,14,0.7778,0.7778,0.0
PDB-CPX-138209,1ork a1 i1,6fpm a1 i1,18,12,0.5,0.5,0.0
PDB-CPX-138209,1ork a1 i1,6fts a1 i1,18,6,0.3333,0.3333,0.0
PDB-CPX-138209,1ork a1 i1,6qjw a1 i1,18,10,0.5556,0.5556,0.0
PDB-CPX-138209,1ork a1 i1,6qjx a1 i1,18,10,0.4,0.4,0.0
PDB-CPX-138209,1ork a1 i1,6rbl a1 i1,18,18,1.0,1.0,0.0
PDB-CPX-138209,1ork a1 i1,6rbm a1 i1,18,14,0.7778,0.7778,0.0
PDB-CPX-138209,1ork a1 i1,6rcr a1 i1,18,18,0.3846,0.3846,0.0
PDB-CPX-138209,1ork a1 i1,6rgx a1 i1,18,19,0.5417,0.5417,0.0
PDB-CPX-138209,1ork a1 i1,6yr1 a1 i1,18,16,0.4167,0.4167,0.0
PDB-CPX-138209,1ork a1 i1,6yr2 a1 i1,18,19,0.4231,0.4231,0.0
PDB-CPX-138209,2fj1 a1 i1,2ns7 a1 i1,20,10,0.1111,0.1111,0.0
PDB-CPX-138209,2fj1 a1 i1,2ns7 a2 i1,20,12,0.0667,0.0667,0.0
PDB-CPX-138209,2fj1 a1 i1,2o7o a1 i1,20,22,0.5,0.5,0.0
PDB-CPX-138209,2fj1 a1 i1,2tct a1 i1,20,16,0.6364,0.6364,0.0
PDB-CPX-138209,2fj1 a1 i1,2trt a1 i1,20,16,0.6364,0.6364,0.0
PDB-CPX-138209,2fj1 a1 i1,2vke a1 i1,20,18,0.4615,0.4615,0.0
PDB-CPX-138209,2fj1 a1 i1,2x6o a1 i1,20,12,0.3333,0.3333,0.0
PDB-CPX-138209,2fj1 a1 i1,2x9d a1 i1,20,12,0.3333,0.3333,0.0
PDB-CPX-138209,2fj1 a1 i1,2xb5 a1 i1,20,18,0.7273,0.7273,0.0
PDB-CPX-138209,2fj1 a1 i1,2xpu a1 i1,20,16,0.8,0.8,0.0
PDB-CPX-138209,2fj1 a1 i1,2xpu a2 i1,20,6,0.0,0.0,0.0
PDB-CPX-138209,2fj1 a1 i1,2xpv a1 i1,20,16,0.6364,0.6364,0.0
PDB-CPX-138209,2fj1 a1 i1,2xpw a1 i1,20,18,0.5833,0.5833,0.0
PDB-CPX-138209,2fj1 a1 i1,2xrl a1 i1,20,18,0.2667,0.2667,0.0
PDB-CPX-138209,2fj1 a1 i1,4abz a1 i1,20,16,0.5,0.5,0.0
PDB-CPX-138209,2fj1 a1 i1,4aux a1 i1,20,22,0.75,0.75,0.0
PDB-CPX-138209,2fj1 a1 i1,4b1r a1 i1,20,12,0.3333,0.3333,0.0
PDB-CPX-138209,2fj1 a1 i1,4b3a a1 i1,20,22,0.5,0.5,0.0
PDB-CPX-138209,2fj1 a1 i1,4d7m a1 i1,20,20,0.6667,0.6667,0.0
PDB-CPX-138209,2fj1 a1 i1,4d7n a1 i1,20,16,0.5,0.5,0.0
PDB-CPX-138209,2fj1 a1 i1,4v2f a1 i1,20,10,0.1538,0.1538,0.0
PDB-CPX-138209,2fj1 a1 i1,4v2g a1 i1,20,16,0.5,0.5,0.0
PDB-CPX-138209,2fj1 a1 i1,5fkk a1 i1,20,15,0.4583,0.4583,0.0
PDB-CPX-138209,2fj1 a1 i1,5fkl a1 i1,20,22,0.6154,0.6154,0.0
PDB-CPX-138209,2fj1 a1 i1,5fkm a1 i1,20,24,0.4667,0.4667,0.0
PDB-CPX-138209,2fj1 a1 i1,5fkn a1 i1,20,17,0.48,0.48,0.0
PDB-CPX-138209,2fj1 a1 i1,5fko a1 i1,20,10,0.5,0.5,0.0
PDB-CPX-138209,2fj1 a1 i1,6fpl a1 i1,20,14,0.4167,0.4167,0.0
PDB-CPX-138209,2fj1 a1 i1,6fpm a1 i1,20,12,0.2308,0.2308,0.0
PDB-CPX-138209,2fj1 a1 i1,6fts a1 i1,20,6,0.3,0.3,0.0
PDB-CPX-138209,2fj1 a1 i1,6qjw a1 i1,20,10,0.3636,0.3636,0.0
PDB-CPX-138209,2fj1 a1 i1,6qjx a1 i1,20,10,0.3636,0.3636,0.0
PDB-CPX-138209,2fj1 a1 i1,6rbl a1 i1,20,18,0.5833,0.5833,0.0
PDB-CPX-138209,2fj1 a1 i1,6rbm a1 i1,20,14,0.5455,0.5455,0.0
PDB-CPX-138209,2fj1 a1 i1,6rcr a1 i1,20,18,0.4615,0.4615,0.0
PDB-CPX-138209,2fj1 a1 i1,6rgx a1 i1,20,19,0.5,0.5,0.0
PDB-CPX-138209,2fj1 a1 i1,6yr1 a1 i1,20,16,0.3846,0.3846,0.0
PDB-CPX-138209,2fj1 a1 i1,6yr2 a1 i1,20,19,0.4444,0.4444,0.0
PDB-CPX-138209,2ns7 a1 i1,2ns7 a2 i1,10,12,0.2941,0.2222,-0.0719
PDB-CPX-138209,2ns7 a1 i1,2o7o a1 i1,10,22,0.1034,0.1034,0.0
PDB-CPX-138209,2ns7 a1 i1,2tct a1 i1,10,16,0.1304,0.1304,0.0
PDB-CPX-138209,2ns7 a1 i1,2trt a1 i1,10,16,0.1304,0.1304,0.0
PDB-CPX-138209,2ns7 a1 i1,2vke a1 i1,10,18,0.12,0.12,0.0
PDB-CPX-138209,2ns7 a1 i1,2x6o a1 i1,10,12,0.1579,0.1579,0.0
PDB-CPX-138209,2ns7 a1 i1,2x9d a1 i1,10,12,0.1579,0.1579,0.0
PDB-CPX-138209,2ns7 a1 i1,2xb5 a1 i1,10,18,0.12,0.12,0.0
PDB-CPX-138209,2ns7 a1 i1,2xpu a1 i1,10,16,0.1304,0.1304,0.0
PDB-CPX-138209,2ns7 a1 i1,2xpu a2 i1,10,6,0.0,0.0,0.0
PDB-CPX-138209,2ns7 a1 i1,2xpv a1 i1,10,16,0.1304,0.1304,0.0
PDB-CPX-138209,2ns7 a1 i1,2xpw a1 i1,10,18,0.12,0.12,0.0
PDB-CPX-138209,2ns7 a1 i1,2xrl a1 i1,10,18,0.12,0.12,0.0
PDB-CPX-138209,2ns7 a1 i1,4abz a1 i1,10,16,0.1304,0.1304,0.0
PDB-CPX-138209,2ns7 a1 i1,4aux a1 i1,10,22,0.1034,0.1034,0.0
PDB-CPX-138209,2ns7 a1 i1,4b1r a1 i1,10,12,0.1579,0.1579,0.0
PDB-CPX-138209,2ns7 a1 i1,4b3a a1 i1,10,22,0.1034,0.1034,0.0
PDB-CPX-138209,2ns7 a1 i1,4d7m a1 i1,10,20,0.1111,0.1111,0.0
PDB-CPX-138209,2ns7 a1 i1,4d7n a1 i1,10,16,0.1304,0.1304,0.0
PDB-CPX-138209,2ns7 a1 i1,4v2f a1 i1,10,10,0.1765,0.1765,0.0
PDB-CPX-138209,2ns7 a1 i1,4v2g a1 i1,10,16,0.1304,0.1304,0.0
PDB-CPX-138209,2ns7 a1 i1,5fkk a1 i1,10,15,0.1364,0.1364,0.0
PDB-CPX-138209,2ns7 a1 i1,5fkl a1 i1,10,22,0.1034,0.1034,0.0
PDB-CPX-138209,2ns7 a1 i1,5fkm a1 i1,10,24,0.0968,0.0968,0.0
PDB-CPX-138209,2ns7 a1 i1,5fkn a1 i1,10,17,0.125,0.125,0.0
PDB-CPX-138209,2ns7 a1 i1,5fko a1 i1,10,10,0.1765,0.1765,0.0
PDB-CPX-138209,2ns7 a1 i1,6fpl a1 i1,10,14,0.1429,0.1429,0.0
PDB-CPX-138209,2ns7 a1 i1,6fpm a1 i1,10,12,0.1579,0.1579,0.0
PDB-CPX-138209,2ns7 a1 i1,6fts a1 i1,10,6,0.2308,0.2308,0.0
PDB-CPX-138209,2ns7 a1 i1,6qjw a1 i1,10,10,0.1765,0.1765,0.0
PDB-CPX-138209,2ns7 a1 i1,6qjx a1 i1,10,10,0.1765,0.1765,0.0
PDB-CPX-138209,2ns7 a1 i1,6rbl a1 i1,10,18,0.12,0.12,0.0
PDB-CPX-138209,2ns7 a1 i1,6rbm a1 i1,10,14,0.1429,0.1429,0.0
PDB-CPX-138209,2ns7 a1 i1,6rcr a1 i1,10,18,0.12,0.12,0.0
PDB-CPX-138209,2ns7 a1 i1,6rgx a1 i1,10,19,0.1154,0.1154,0.0
PDB-CPX-138209,2ns7 a1 i1,6yr1 a1 i1,10,16,0.1304,0.1304,0.0
PDB-CPX-138209,2ns7 a1 i1,6yr2 a1 i1,10,19,0.1154,0.1154,0.0
PDB-CPX-138209,2ns7 a2 i1,2o7o a1 i1,12,22,0.1724,0.1724,0.0
PDB-CPX-138209,2ns7 a2 i1,2tct a1 i1,12,16,0.0769,0.0769,0.0
PDB-CPX-138209,2ns7 a2 i1,2trt a1 i1,12,16,0.0769,0.0769,0.0
PDB-CPX-138209,2ns7 a2 i1,2vke a1 i1,12,18,0.1538,0.1538,0.0
PDB-CPX-138209,2ns7 a2 i1,2x6o a1 i1,12,12,0.0909,0.0909,0.0
PDB-CPX-138209,2ns7 a2 i1,2x9d a1 i1,12,12,0.0909,0.0909,0.0
PDB-CPX-138209,2ns7 a2 i1,2xb5 a1 i1,12,18,0.0714,0.0714,0.0
PDB-CPX-138209,2ns7 a2 i1,2xpu a1 i1,12,16,0.0769,0.0769,0.0
PDB-CPX-138209,2ns7 a2 i1,2xpu a2 i1,12,6,0.0,0.0,0.0
PDB-CPX-138209,2ns7 a2 i1,2xpv a1 i1,12,16,0.0769,0.0769,0.0
PDB-CPX-138209,2ns7 a2 i1,2xpw a1 i1,12,18,0.1538,0.1538,0.0
PDB-CPX-138209,2ns7 a2 i1,2xrl a1 i1,12,18,0.1538,0.1538,0.0
PDB-CPX-138209,2ns7 a2 i1,4abz a1 i1,12,16,0.1667,0.1667,0.0
PDB-CPX-138209,2ns7 a2 i1,4aux a1 i1,12,22,0.0625,0.0625,0.0
PDB-CPX-138209,2ns7 a2 i1,4b1r a1 i1,12,12,0.0909,0.0909,0.0
PDB-CPX-138209,2ns7 a2 i1,4b3a a1 i1,12,22,0.2143,0.2143,0.0
PDB-CPX-138209,2ns7 a2 i1,4d7m a1 i1,12,20,0.1429,0.1429,0.0
PDB-CPX-138209,2ns7 a2 i1,4d7n a1 i1,12,16,0.1667,0.1667,0.0
PDB-CPX-138209,2ns7 a2 i1,4v2f a1 i1,12,10,0.2222,0.2222,0.0
PDB-CPX-138209,2ns7 a2 i1,4v2g a1 i1,12,16,0.0769,0.0769,0.0
PDB-CPX-138209,2ns7 a2 i1,5fkk a1 i1,12,15,0.125,0.125,0.0
PDB-CPX-138209,2ns7 a2 i1,5fkl a1 i1,12,22,0.2143,0.2143,0.0
PDB-CPX-138209,2ns7 a2 i1,5fkm a1 i1,12,24,0.1613,0.1613,0.0
PDB-CPX-138209,2ns7 a2 i1,5fkn a1 i1,12,17,0.16,0.16,0.0
PDB-CPX-138209,2ns7 a2 i1,5fko a1 i1,12,10,0.1,0.1,0.0
PDB-CPX-138209,2ns7 a2 i1,6fpl a1 i1,12,14,0.0833,0.0833,0.0
PDB-CPX-138209,2ns7 a2 i1,6fpm a1 i1,12,12,0.2,0.2,0.0
PDB-CPX-138209,2ns7 a2 i1,6fts a1 i1,12,6,0.125,0.125,0.0
PDB-CPX-138209,2ns7 a2 i1,6qjw a1 i1,12,10,0.1,0.1,0.0
PDB-CPX-138209,2ns7 a2 i1,6qjx a1 i1,12,10,0.2222,0.2222,0.0
PDB-CPX-138209,2ns7 a2 i1,6rbl a1 i1,12,18,0.0714,0.0714,0.0
PDB-CPX-138209,2ns7 a2 i1,6rbm a1 i1,12,14,0.0833,0.0833,0.0
PDB-CPX-138209,2ns7 a2 i1,6rcr a1 i1,12,18,0.1538,0.1538,0.0
PDB-CPX-138209,2ns7 a2 i1,6rgx a1 i1,12,19,0.1071,0.1071,0.0
PDB-CPX-138209,2ns7 a2 i1,6yr1 a1 i1,12,16,0.1667,0.1667,0.0
PDB-CPX-138209,2ns7 a2 i1,6yr2 a1 i1,12,19,0.1481,0.1481,0.0
PDB-CPX-138209,2o7o a1 i1,2tct a1 i1,22,16,0.5833,0.5833,0.0
PDB-CPX-138209,2o7o a1 i1,2trt a1 i1,22,16,0.4615,0.4615,0.0
PDB-CPX-138209,2o7o a1 i1,2vke a1 i1,22,18,0.4286,0.4286,0.0
PDB-CPX-138209,2o7o a1 i1,2x6o a1 i1,22,12,0.2143,0.2143,0.0
PDB-CPX-138209,2o7o a1 i1,2x9d a1 i1,22,12,0.3077,0.3077,0.0
PDB-CPX-138209,2o7o a1 i1,2xb5 a1 i1,22,18,0.4286,0.4286,0.0
PDB-CPX-138209,2o7o a1 i1,2xpu a1 i1,22,16,0.4615,0.4615,0.0
PDB-CPX-138209,2o7o a1 i1,2xpu a2 i1,22,6,0.0,0.0,0.0
PDB-CPX-138209,2o7o a1 i1,2xpv a1 i1,22,16,0.4615,0.4615,0.0
PDB-CPX-138209,2o7o a1 i1,2xpw a1 i1,22,18,0.5385,0.5385,0.0
PDB-CPX-138209,2o7o a1 i1,2xrl a1 i1,22,18,0.4286,0.4286,0.0
PDB-CPX-138209,2o7o a1 i1,4abz a1 i1,22,16,0.4615,0.4615,0.0
PDB-CPX-138209,2o7o a1 i1,4aux a1 i1,22,22,0.4667,0.4667,0.0
PDB-CPX-138209,2o7o a1 i1,4b1r a1 i1,22,12,0.3077,0.3077,0.0
PDB-CPX-138209,2o7o a1 i1,4b3a a1 i1,22,22,0.5714,0.5714,0.0
PDB-CPX-138209,2o7o a1 i1,4d7m a1 i1,22,20,0.6154,0.6154,0.0
PDB-CPX-138209,2o7o a1 i1,4d7n a1 i1,22,16,0.4615,0.4615,0.0
PDB-CPX-138209,2o7o a1 i1,4v2f a1 i1,22,10,0.2308,0.2308,0.0
PDB-CPX-138209,2o7o a1 i1,4v2g a1 i1,22,16,0.4615,0.4615,0.0
PDB-CPX-138209,2o7o a1 i1,5fkk a1 i1,22,15,0.3704,0.3704,0.0
PDB-CPX-138209,2o7o a1 i1,5fkl a1 i1,22,22,0.6923,0.6923,0.0
PDB-CPX-138209,2o7o a1 i1,5fkm a1 i1,22,24,0.4375,0.4375,0.0
PDB-CPX-138209,2o7o a1 i1,5fkn a1 i1,22,17,0.4444,0.4444,0.0
PDB-CPX-138209,2o7o a1 i1,5fko a1 i1,22,10,0.3333,0.3333,0.0
PDB-CPX-138209,2o7o a1 i1,6fpl a1 i1,22,14,0.3846,0.3846,0.0
PDB-CPX-138209,2o7o a1 i1,6fpm a1 i1,22,12,0.4167,0.4167,0.0
PDB-CPX-138209,2o7o a1 i1,6fts a1 i1,22,6,0.2727,0.2727,0.0
PDB-CPX-138209,2o7o a1 i1,6qjw a1 i1,22,10,0.2308,0.2308,0.0
PDB-CPX-138209,2o7o a1 i1,6qjx a1 i1,22,10,0.3333,0.3333,0.0
PDB-CPX-138209,2o7o a1 i1,6rbl a1 i1,22,18,0.4286,0.4286,0.0
PDB-CPX-138209,2o7o a1 i1,6rbm a1 i1,22,14,0.2857,0.2857,0.0
PDB-CPX-138209,2o7o a1 i1,6rcr a1 i1,22,18,0.4286,0.4286,0.0
PDB-CPX-138209,2o7o a1 i1,6rgx a1 i1,22,19,0.3667,0.3667,0.0
PDB-CPX-138209,2o7o a1 i1,6yr1 a1 i1,22,16,0.4615,0.4615,0.0
PDB-CPX-138209,2o7o a1 i1,6yr2 a1 i1,22,19,0.3667,0.3667,0.0
PDB-CPX-138209,2tct a1 i1,2trt a1 i1,16,16,0.7778,0.7778,0.0
PDB-CPX-138209,2tct a1 i1,2vke a1 i1,16,18,0.5455,0.5455,0.0
PDB-CPX-138209,2tct a1 i1,2x6o a1 i1,16,12,0.4,0.4,0.0
PDB-CPX-138209,2tct a1 i1,2x9d a1 i1,16,12,0.5556,0.5556,0.0
PDB-CPX-138209,2tct a1 i1,2xb5 a1 i1,16,18,0.5455,0.5455,0.0
PDB-CPX-138209,2tct a1 i1,2xpu a1 i1,16,16,0.6,0.6,0.0
PDB-CPX-138209,2tct a1 i1,2xpu a2 i1,16,6,0.0,0.0,0.0
PDB-CPX-138209,2tct a1 i1,2xpv a1 i1,16,16,0.7778,0.7778,0.0
PDB-CPX-138209,2tct a1 i1,2xpw a1 i1,16,18,0.5455,0.5455,0.0
PDB-CPX-138209,2tct a1 i1,2xrl a1 i1,16,18,0.4167,0.4167,0.0
PDB-CPX-138209,2tct a1 i1,4abz a1 i1,16,16,0.6,0.6,0.0
PDB-CPX-138209,2tct a1 i1,4aux a1 i1,16,22,0.4615,0.4615,0.0
PDB-CPX-138209,2tct a1 i1,4b1r a1 i1,16,12,0.4,0.4,0.0
PDB-CPX-138209,2tct a1 i1,4b3a a1 i1,16,22,0.5833,0.5833,0.0
PDB-CPX-138209,2tct a1 i1,4d7m a1 i1,16,20,0.6364,0.6364,0.0
PDB-CPX-138209,2tct a1 i1,4d7n a1 i1,16,16,0.6,0.6,0.0
PDB-CPX-138209,2tct a1 i1,4v2f a1 i1,16,10,0.1818,0.1818,0.0
PDB-CPX-138209,2tct a1 i1,4v2g a1 i1,16,16,0.5238,0.5238,0.0
PDB-CPX-138209,2tct a1 i1,5fkk a1 i1,16,15,0.55,0.55,0.0
PDB-CPX-138209,2tct a1 i1,5fkl a1 i1,16,22,0.5833,0.5833,0.0
PDB-CPX-138209,2tct a1 i1,5fkm a1 i1,16,24,0.4286,0.4286,0.0
PDB-CPX-138209,2tct a1 i1,5fkn a1 i1,16,17,0.5,0.5,0.0
PDB-CPX-138209,2tct a1 i1,5fko a1 i1,16,10,0.625,0.625,0.0
PDB-CPX-138209,2tct a1 i1,6fpl a1 i1,16,14,0.6667,0.6667,0.0
PDB-CPX-138209,2tct a1 i1,6fpm a1 i1,16,12,0.4,0.4,0.0
PDB-CPX-138209,2tct a1 i1,6fts a1 i1,16,6,0.375,0.375,0.0
PDB-CPX-138209,2tct a1 i1,6qjw a1 i1,16,10,0.4444,0.4444,0.0
PDB-CPX-138209,2tct a1 i1,6qjx a1 i1,16,10,0.4444,0.4444,0.0
PDB-CPX-138209,2tct a1 i1,6rbl a1 i1,16,18,0.7,0.7,0.0
PDB-CPX-138209,2tct a1 i1,6rbm a1 i1,16,14,0.5,0.5,0.0
PDB-CPX-138209,2tct a1 i1,6rcr a1 i1,16,18,0.5455,0.5455,0.0
PDB-CPX-138209,2tct a1 i1,6rgx a1 i1,16,19,0.4583,0.4583,0.0
PDB-CPX-138209,2tct a1 i1,6yr1 a1 i1,16,16,0.6,0.6,0.0
PDB-CPX-138209,2tct a1 i1,6yr2 a1 i1,16,19,0.4,0.4,0.0
PDB-CPX-138209,2trt a1 i1,2vke a1 i1,16,18,0.7,0.7,0.0
PDB-CPX-138209,2trt a1 i1,2x6o a1 i1,16,12,0.5556,0.5556,0.0
PDB-CPX-138209,2trt a1 i1,2x9d a1 i1,16,12,0.5556,0.5556,0.0
PDB-CPX-138209,2trt a1 i1,2xb5 a1 i1,16,18,0.7,0.7,0.0
PDB-CPX-138209,2trt a1 i1,2xpu a1 i1,16,16,0.6,0.6,0.0
PDB-CPX-138209,2trt a1 i1,2xpu a2 i1,16,6,0.0,0.0,0.0
PDB-CPX-138209,2trt a1 i1,2xpv a1 i1,16,16,1.0,1.0,0.0
PDB-CPX-138209,2trt a1 i1,2xpw a1 i1,16,18,0.5455,0.5455,0.0
PDB-CPX-138209,2trt a1 i1,2xrl a1 i1,16,18,0.4167,0.4167,0.0
PDB-CPX-138209,2trt a1 i1,4abz a1 i1,16,16,0.7778,0.7778,0.0
PDB-CPX-138209,2trt a1 i1,4aux a1 i1,16,22,0.5833,0.5833,0.0
PDB-CPX-138209,2trt a1 i1,4b1r a1 i1,16,12,0.5556,0.5556,0.0
PDB-CPX-138209,2trt a1 i1,4b3a a1 i1,16,22,0.7273,0.7273,0.0
PDB-CPX-138209,2trt a1 i1,4d7m a1 i1,16,20,0.6364,0.6364,0.0
PDB-CPX-138209,2trt a1 i1,4d7n a1 i1,16,16,0.6,0.6,0.0
PDB-CPX-138209,2trt a1 i1,4v2f a1 i1,16,10,0.3,0.3,0.0
PDB-CPX-138209,2trt a1 i1,4v2g a1 i1,16,16,0.5238,0.5238,0.0
PDB-CPX-138209,2trt a1 i1,5fkk a1 i1,16,15,0.6316,0.6316,0.0
PDB-CPX-138209,2trt a1 i1,5fkl a1 i1,16,22,0.5833,0.5833,0.0
PDB-CPX-138209,2trt a1 i1,5fkm a1 i1,16,24,0.4286,0.4286,0.0
PDB-CPX-138209,2trt a1 i1,5fkn a1 i1,16,17,0.5,0.5,0.0
PDB-CPX-138209,2trt a1 i1,5fko a1 i1,16,10,0.625,0.625,0.0
PDB-CPX-138209,2trt a1 i1,6fpl a1 i1,16,14,0.6667,0.6667,0.0
PDB-CPX-138209,2trt a1 i1,6fpm a1 i1,16,12,0.4,0.4,0.0
PDB-CPX-138209,2trt a1 i1,6fts a1 i1,16,6,0.375,0.375,0.0
PDB-CPX-138209,2trt a1 i1,6qjw a1 i1,16,10,0.625,0.625,0.0
PDB-CPX-138209,2trt a1 i1,6qjx a1 i1,16,10,0.4444,0.4444,0.0
PDB-CPX-138209,2trt a1 i1,6rbl a1 i1,16,18,0.7,0.7,0.0
PDB-CPX-138209,2trt a1 i1,6rbm a1 i1,16,14,0.6667,0.6667,0.0
PDB-CPX-138209,2trt a1 i1,6rcr a1 i1,16,18,0.5455,0.5455,0.0
PDB-CPX-138209,2trt a1 i1,6rgx a1 i1,16,19,0.5217,0.5217,0.0
PDB-CPX-138209,2trt a1 i1,6yr1 a1 i1,16,16,0.4545,0.4545,0.0
PDB-CPX-138209,2trt a1 i1,6yr2 a1 i1,16,19,0.4,0.4,0.0
PDB-CPX-138209,2vke a1 i1,2x6o a1 i1,18,12,0.5,0.5,0.0
PDB-CPX-138209,2vke a1 i1,2x9d a1 i1,18,12,0.5,0.5,0.0
PDB-CPX-138209,2vke a1 i1,2xb5 a1 i1,18,18,0.6364,0.6364,0.0
PDB-CPX-138209,2vke a1 i1,2xpu a1 i1,18,16,0.4167,0.4167,0.0
PDB-CPX-138209,2vke a1 i1,2xpu a2 i1,18,6,0.0,0.0,0.0
PDB-CPX-138209,2vke a1 i1,2xpv a1 i1,18,16,0.7,0.7,0.0
PDB-CPX-138209,2vke a1 i1,2xpw a1 i1,18,18,0.6364,0.6364,0.0
PDB-CPX-138209,2vke a1 i1,2xrl a1 i1,18,18,0.5,0.5,0.0
PDB-CPX-138209,2vke a1 i1,4abz a1 i1,18,16,0.8889,0.8889,0.0
PDB-CPX-138209,2vke a1 i1,4aux a1 i1,18,22,0.4286,0.4286,0.0
PDB-CPX-138209,2vke a1 i1,4b1r a1 i1,18,12,0.5,0.5,0.0
PDB-CPX-138209,2vke a1 i1,4b3a a1 i1,18,22,0.6667,0.6667,0.0
PDB-CPX-138209,2vke a1 i1,4d7m a1 i1,18,20,0.5833,0.5833,0.0
PDB-CPX-138209,2vke a1 i1,4d7n a1 i1,18,16,0.8889,0.8889,0.0
PDB-CPX-138209,2vke a1 i1,4v2f a1 i1,18,10,0.4,0.4,0.0
PDB-CPX-138209,2vke a1 i1,4v2g a1 i1,18,16,0.4167,0.4167,0.0
PDB-CPX-138209,2vke a1 i1,5fkk a1 i1,18,15,0.65,0.65,0.0
PDB-CPX-138209,2vke a1 i1,5fkl a1 i1,18,22,0.5385,0.5385,0.0
PDB-CPX-138209,2vke a1 i1,5fkm a1 i1,18,24,0.5,0.5,0.0
PDB-CPX-138209,2vke a1 i1,5fkn a1 i1,18,17,0.5909,0.5909,0.0
PDB-CPX-138209,2vke a1 i1,5fko a1 i1,18,10,0.4,0.4,0.0
PDB-CPX-138209,2vke a1 i1,6fpl a1 i1,18,14,0.6,0.6,0.0
PDB-CPX-138209,2vke a1 i1,6fpm a1 i1,18,12,0.5,0.5,0.0
PDB-CPX-138209,2vke a1 i1,6fts a1 i1,18,6,0.3333,0.3333,0.0
PDB-CPX-138209,2vke a1 i1,6qjw a1 i1,18,10,0.5556,0.5556,0.0
PDB-CPX-138209,2vke a1 i1,6qjx a1 i1,18,10,0.5556,0.5556,0.0
PDB-CPX-138209,2vke a1 i1,6rbl a1 i1,18,18,0.5,0.5,0.0
PDB-CPX-138209,2vke a1 i1,6rbm a1 i1,18,14,0.6,0.6,0.0
PDB-CPX-138209,2vke a1 i1,6rcr a1 i1,18,18,0.6364,0.6364,0.0
PDB-CPX-138209,2vke a1 i1,6rgx a1 i1,18,19,0.6087,0.6087,0.0
PDB-CPX-138209,2vke a1 i1,6yr1 a1 i1,18,16,0.5455,0.5455,0.0
PDB-CPX-138209,2vke a1 i1,6yr2 a1 i1,18,19,0.48,0.48,0.0
PDB-CPX-138209,2x6o a1 i1,2x9d a1 i1,12,12,0.7143,0.7143,0.0
PDB-CPX-138209,2x6o a1 i1,2xb5 a1 i1,12,18,0.5,0.5,0.0
PDB-CPX-138209,2x6o a1 i1,2xpu a1 i1,12,16,0.4,0.4,0.0
PDB-CPX-138209,2x6o a1 i1,2xpu a2 i1,12,6,0.0,0.0,0.0
PDB-CPX-138209,2x6o a1 i1,2xpv a1 i1,12,16,0.5556,0.5556,0.0
PDB-CPX-138209,2x6o a1 i1,2xpw a1 i1,12,18,0.3636,0.3636,0.0
PDB-CPX-138209,2x6o a1 i1,2xrl a1 i1,12,18,0.3636,0.3636,0.0
PDB-CPX-138209,2x6o a1 i1,4abz a1 i1,12,16,0.5556,0.5556,0.0
PDB-CPX-138209,2x6o a1 i1,4aux a1 i1,12,22,0.4167,0.4167,0.0
PDB-CPX-138209,2x6o a1 i1,4b1r a1 i1,12,12,0.5,0.5,0.0
PDB-CPX-138209,2x6o a1 i1,4b3a a1 i1,12,22,0.4167,0.4167,0.0
PDB-CPX-138209,2x6o a1 i1,4d7m a1 i1,12,20,0.3333,0.3333,0.0
PDB-CPX-138209,2x6o a1 i1,4d7n a1 i1,12,16,0.4,0.4,0.0
PDB-CPX-138209,2x6o a1 i1,4v2f a1 i1,12,10,0.375,0.375,0.0
PDB-CPX-138209,2x6o a1 i1,4v2g a1 i1,12,16,0.4,0.4,0.0
PDB-CPX-138209,2x6o a1 i1,5fkk a1 i1,12,15,0.5,0.5,0.0
PDB-CPX-138209,2x6o a1 i1,5fkl a1 i1,12,22,0.3077,0.3077,0.0
PDB-CPX-138209,2x6o a1 i1,5fkm a1 i1,12,24,0.3846,0.3846,0.0
PDB-CPX-138209,2x6o a1 i1,5fkn a1 i1,12,17,0.45,0.45,0.0
PDB-CPX-138209,2x6o a1 i1,5fko a1 i1,12,10,0.5714,0.5714,0.0
PDB-CPX-138209,2x6o a1 i1,6fpl a1 i1,12,14,0.625,0.625,0.0
PDB-CPX-138209,2x6o a1 i1,6fpm a1 i1,12,12,0.5,0.5,0.0
PDB-CPX-138209,2x6o a1 i1,6fts a1 i1,12,6,0.5,0.5,0.0
PDB-CPX-138209,2x6o a1 i1,6qjw a1 i1,12,10,0.8333,0.8333,0.0
PDB-CPX-138209,2x6o a1 i1,6qjx a1 i1,12,10,0.5714,0.5714,0.0
PDB-CPX-138209,2x6o a1 i1,6rbl a1 i1,12,18,0.5,0.5,0.0
PDB-CPX-138209,2x6o a1 i1,6rbm a1 i1,12,14,0.625,0.625,0.0
PDB-CPX-138209,2x6o a1 i1,6rcr a1 i1,12,18,0.3636,0.3636,0.0
PDB-CPX-138209,2x6o a1 i1,6rgx a1 i1,12,19,0.4762,0.4762,0.0
PDB-CPX-138209,2x6o a1 i1,6yr1 a1 i1,12,16,0.4,0.4,0.0
PDB-CPX-138209,2x6o a1 i1,6yr2 a1 i1,12,19,0.4091,0.4091,0.0
PDB-CPX-138209,2x9d a1 i1,2xb5 a1 i1,12,18,0.5,0.5,0.0
PDB-CPX-138209,2x9d a1 i1,2xpu a1 i1,12,16,0.4,0.4,0.0
PDB-CPX-138209,2x9d a1 i1,2xpu a2 i1,12,6,0.0,0.0,0.0
PDB-CPX-138209,2x9d a1 i1,2xpv a1 i1,12,16,0.5556,0.5556,0.0
PDB-CPX-138209,2x9d a1 i1,2xpw a1 i1,12,18,0.3636,0.3636,0.0
PDB-CPX-138209,2x9d a1 i1,2xrl a1 i1,12,18,0.5,0.5,0.0
PDB-CPX-138209,2x9d a1 i1,4abz a1 i1,12,16,0.5556,0.5556,0.0
PDB-CPX-138209,2x9d a1 i1,4aux a1 i1,12,22,0.3077,0.3077,0.0
PDB-CPX-138209,2x9d a1 i1,4b1r a1 i1,12,12,0.5,0.5,0.0
PDB-CPX-138209,2x9d a1 i1,4b3a a1 i1,12,22,0.4167,0.4167,0.0
PDB-CPX-138209,2x9d a1 i1,4d7m a1 i1,12,20,0.3333,0.3333,0.0
PDB-CPX-138209,2x9d a1 i1,4d7n a1 i1,12,16,0.4,0.4,0.0
PDB-CPX-138209,2x9d a1 i1,4v2f a1 i1,12,10,0.375,0.375,0.0
PDB-CPX-138209,2x9d a1 i1,4v2g a1 i1,12,16,0.5556,0.5556,0.0
PDB-CPX-138209,2x9d a1 i1,5fkk a1 i1,12,15,0.5,0.5,0.0
PDB-CPX-138209,2x9d a1 i1,5fkl a1 i1,12,22,0.3077,0.3077,0.0
PDB-CPX-138209,2x9d a1 i1,5fkm a1 i1,12,24,0.5,0.5,0.0
PDB-CPX-138209,2x9d a1 i1,5fkn a1 i1,12,17,0.5263,0.5263,0.0
PDB-CPX-138209,2x9d a1 i1,5fko a1 i1,12,10,0.5714,0.5714,0.0
PDB-CPX-138209,2x9d a1 i1,6fpl a1 i1,12,14,0.8571,0.8571,0.0
PDB-CPX-138209,2x9d a1 i1,6fpm a1 i1,12,12,0.7143,0.7143,0.0
PDB-CPX-138209,2x9d a1 i1,6fts a1 i1,12,6,0.5,0.5,0.0
PDB-CPX-138209,2x9d a1 i1,6qjw a1 i1,12,10,0.8333,0.8333,0.0
PDB-CPX-138209,2x9d a1 i1,6qjx a1 i1,12,10,0.5714,0.5714,0.0
PDB-CPX-138209,2x9d a1 i1,6rbl a1 i1,12,18,0.6667,0.6667,0.0
PDB-CPX-138209,2x9d a1 i1,6rbm a1 i1,12,14,0.625,0.625,0.0
PDB-CPX-138209,2x9d a1 i1,6rcr a1 i1,12,18,0.3636,0.3636,0.0
PDB-CPX-138209,2x9d a1 i1,6rgx a1 i1,12,19,0.55,0.55,0.0
PDB-CPX-138209,2x9d a1 i1,6yr1 a1 i1,12,16,0.5556,0.5556,0.0
PDB-CPX-138209,2x9d a1 i1,6yr2 a1 i1,12,19,0.4762,0.4762,0.0
PDB-CPX-138209,2xb5 a1 i1,2xpu a1 i1,18,16,0.7,0.7,0.0
PDB-CPX-138209,2xb5 a1 i1,2xpu a2 i1,18,6,0.0,0.0,0.0
PDB-CPX-138209,2xb5 a1 i1,2xpv a1 i1,18,16,0.7,0.7,0.0
PDB-CPX-138209,2xb5 a1 i1,2xpw a1 i1,18,18,0.6364,0.6364,0.0
PDB-CPX-138209,2xb5 a1 i1,2xrl a1 i1,18,18,0.3846,0.3846,0.0
PDB-CPX-138209,2xb5 a1 i1,4abz a1 i1,18,16,0.7,0.7,0.0
PDB-CPX-138209,2xb5 a1 i1,4aux a1 i1,18,22,0.6667,0.6667,0.0
PDB-CPX-138209,2xb5 a1 i1,4b1r a1 i1,18,12,0.5,0.5,0.0
PDB-CPX-138209,2xb5 a1 i1,4b3a a1 i1,18,22,0.5385,0.5385,0.0
PDB-CPX-138209,2xb5 a1 i1,4d7m a1 i1,18,20,0.5833,0.5833,0.0
PDB-CPX-138209,2xb5 a1 i1,4d7n a1 i1,18,16,0.5455,0.5455,0.0
PDB-CPX-138209,2xb5 a1 i1,4v2f a1 i1,18,10,0.2727,0.2727,0.0
PDB-CPX-138209,2xb5 a1 i1,4v2g a1 i1,18,16,0.5455,0.5455,0.0
PDB-CPX-138209,2xb5 a1 i1,5fkk a1 i1,18,15,0.5,0.5,0.0
PDB-CPX-138209,2xb5 a1 i1,5fkl a1 i1,18,22,0.5385,0.5385,0.0
PDB-CPX-138209,2xb5 a1 i1,5fkm a1 i1,18,24,0.6154,0.6154,0.0
PDB-CPX-138209,2xb5 a1 i1,5fkn a1 i1,18,17,0.5909,0.5909,0.0
PDB-CPX-138209,2xb5 a1 i1,5fko a1 i1,18,10,0.4,0.4,0.0
PDB-CPX-138209,2xb5 a1 i1,6fpl a1 i1,18,14,0.6,0.6,0.0
PDB-CPX-138209,2xb5 a1 i1,6fpm a1 i1,18,12,0.3636,0.3636,0.0
PDB-CPX-138209,2xb5 a1 i1,6fts a1 i1,18,6,0.3333,0.3333,0.0
PDB-CPX-138209,2xb5 a1 i1,6qjw a1 i1,18,10,0.5556,0.5556,0.0
PDB-CPX-138209,2xb5 a1 i1,6qjx a1 i1,18,10,0.4,0.4,0.0
PDB-CPX-138209,2xb5 a1 i1,6rbl a1 i1,18,18,0.5,0.5,0.0
PDB-CPX-138209,2xb5 a1 i1,6rbm a1 i1,18,14,0.6,0.6,0.0
PDB-CPX-138209,2xb5 a1 i1,6rcr a1 i1,18,18,0.5,0.5,0.0
PDB-CPX-138209,2xb5 a1 i1,6rgx a1 i1,18,19,0.6087,0.6087,0.0
PDB-CPX-138209,2xb5 a1 i1,6yr1 a1 i1,18,16,0.4167,0.4167,0.0
PDB-CPX-138209,2xb5 a1 i1,6yr2 a1 i1,18,19,0.48,0.48,0.0
PDB-CPX-138209,2xpu a1 i1,2xpu a2 i1,16,6,0.0,0.0,0.0
PDB-CPX-138209,2xpu a1 i1,2xpv a1 i1,16,16,0.6,0.6,0.0
PDB-CPX-138209,2xpu a1 i1,2xpw a1 i1,16,18,0.5455,0.5455,0.0
PDB-CPX-138209,2xpu a1 i1,2xrl a1 i1,16,18,0.3077,0.3077,0.0
PDB-CPX-138209,2xpu a1 i1,4abz a1 i1,16,16,0.4545,0.4545,0.0
PDB-CPX-138209,2xpu a1 i1,4aux a1 i1,16,22,0.5833,0.5833,0.0
PDB-CPX-138209,2xpu a1 i1,4b1r a1 i1,16,12,0.4,0.4,0.0
PDB-CPX-138209,2xpu a1 i1,4b3a a1 i1,16,22,0.4615,0.4615,0.0
PDB-CPX-138209,2xpu a1 i1,4d7m a1 i1,16,20,0.6364,0.6364,0.0
PDB-CPX-138209,2xpu a1 i1,4d7n a1 i1,16,16,0.4545,0.4545,0.0
PDB-CPX-138209,2xpu a1 i1,4v2f a1 i1,16,10,0.1818,0.1818,0.0
PDB-CPX-138209,2xpu a1 i1,4v2g a1 i1,16,16,0.4545,0.4545,0.0
PDB-CPX-138209,2xpu a1 i1,5fkk a1 i1,16,15,0.4762,0.4762,0.0
PDB-CPX-138209,2xpu a1 i1,5fkl a1 i1,16,22,0.5833,0.5833,0.0
PDB-CPX-138209,2xpu a1 i1,5fkm a1 i1,16,24,0.5385,0.5385,0.0
PDB-CPX-138209,2xpu a1 i1,5fkn a1 i1,16,17,0.5714,0.5714,0.0
PDB-CPX-138209,2xpu a1 i1,5fko a1 i1,16,10,0.625,0.625,0.0
PDB-CPX-138209,2xpu a1 i1,6fpl a1 i1,16,14,0.5,0.5,0.0
PDB-CPX-138209,2xpu a1 i1,6fpm a1 i1,16,12,0.2727,0.2727,0.0
PDB-CPX-138209,2xpu a1 i1,6fts a1 i1,16,6,0.375,0.375,0.0
PDB-CPX-138209,2xpu a1 i1,6qjw a1 i1,16,10,0.4444,0.4444,0.0
PDB-CPX-138209,2xpu a1 i1,6qjx a1 i1,16,10,0.4444,0.4444,0.0
PDB-CPX-138209,2xpu a1 i1,6rbl a1 i1,16,18,0.5455,0.5455,0.0
PDB-CPX-138209,2xpu a1 i1,6rbm a1 i1,16,14,0.5,0.5,0.0
PDB-CPX-138209,2xpu a1 i1,6rcr a1 i1,16,18,0.4167,0.4167,0.0
PDB-CPX-138209,2xpu a1 i1,6rgx a1 i1,16,19,0.4583,0.4583,0.0
PDB-CPX-138209,2xpu a1 i1,6yr1 a1 i1,16,16,0.3333,0.3333,0.0
PDB-CPX-138209,2xpu a1 i1,6yr2 a1 i1,16,19,0.4,0.4,0.0
PDB-CPX-138209,2xpu a2 i1,2xpv a1 i1,6,16,0.0,0.0,0.0
PDB-CPX-138209,2xpu a2 i1,2xpw a1 i1,6,18,0.0,0.0,0.0
PDB-CPX-138209,2xpu a2 i1,2xrl a1 i1,6,18,0.0,0.0,0.0
PDB-CPX-138209,2xpu a2 i1,4abz a1 i1,6,16,0.0,0.0,0.0
PDB-CPX-138209,2xpu a2 i1,4aux a1 i1,6,22,0.0,0.0,0.0
PDB-CPX-138209,2xpu a2 i1,4b1r a1 i1,6,12,0.0,0.0,0.0
PDB-CPX-138209,2xpu a2 i1,4b3a a1 i1,6,22,0.0,0.0,0.0
PDB-CPX-138209,2xpu a2 i1,4d7m a1 i1,6,20,0.0,0.0,0.0
PDB-CPX-138209,2xpu a2 i1,4d7n a1 i1,6,16,0.0,0.0,0.0
PDB-CPX-138209,2xpu a2 i1,4v2f a1 i1,6,10,0.0,0.0,0.0
PDB-CPX-138209,2xpu a2 i1,4v2g a1 i1,6,16,0.0,0.0,0.0
PDB-CPX-138209,2xpu a2 i1,5fkk a1 i1,6,15,0.0,0.0,0.0
PDB-CPX-138209,2xpu a2 i1,5fkl a1 i1,6,22,0.0,0.0,0.0
PDB-CPX-138209,2xpu a2 i1,5fkm a1 i1,6,24,0.0,0.0,0.0
PDB-CPX-138209,2xpu a2 i1,5fkn a1 i1,6,17,0.0,0.0,0.0
PDB-CPX-138209,2xpu a2 i1,5fko a1 i1,6,10,0.0,0.0,0.0
PDB-CPX-138209,2xpu a2 i1,6fpl a1 i1,6,14,0.0,0.0,0.0
PDB-CPX-138209,2xpu a2 i1,6fpm a1 i1,6,12,0.0,0.0,0.0
PDB-CPX-138209,2xpu a2 i1,6fts a1 i1,6,6,0.0,0.0,0.0
PDB-CPX-138209,2xpu a2 i1,6qjw a1 i1,6,10,0.0,0.0,0.0
PDB-CPX-138209,2xpu a2 i1,6qjx a1 i1,6,10,0.0,0.0,0.0
PDB-CPX-138209,2xpu a2 i1,6rbl a1 i1,6,18,0.0,0.0,0.0
PDB-CPX-138209,2xpu a2 i1,6rbm a1 i1,6,14,0.0,0.0,0.0
PDB-CPX-138209,2xpu a2 i1,6rcr a1 i1,6,18,0.0,0.0,0.0
PDB-CPX-138209,2xpu a2 i1,6rgx a1 i1,6,19,0.0,0.0,0.0
PDB-CPX-138209,2xpu a2 i1,6yr1 a1 i1,6,16,0.0,0.0,0.0
PDB-CPX-138209,2xpu a2 i1,6yr2 a1 i1,6,19,0.0,0.0,0.0
PDB-CPX-138209,2xpv a1 i1,2xpw a1 i1,16,18,0.5455,0.5455,0.0
PDB-CPX-138209,2xpv a1 i1,2xrl a1 i1,16,18,0.4167,0.4167,0.0
PDB-CPX-138209,2xpv a1 i1,4abz a1 i1,16,16,0.7778,0.7778,0.0
PDB-CPX-138209,2xpv a1 i1,4aux a1 i1,16,22,0.5833,0.5833,0.0
PDB-CPX-138209,2xpv a1 i1,4b1r a1 i1,16,12,0.5556,0.5556,0.0
PDB-CPX-138209,2xpv a1 i1,4b3a a1 i1,16,22,0.7273,0.7273,0.0
PDB-CPX-138209,2xpv a1 i1,4d7m a1 i1,16,20,0.6364,0.6364,0.0
PDB-CPX-138209,2xpv a1 i1,4d7n a1 i1,16,16,0.6,0.6,0.0
PDB-CPX-138209,2xpv a1 i1,4v2f a1 i1,16,10,0.3,0.3,0.0
PDB-CPX-138209,2xpv a1 i1,4v2g a1 i1,16,16,0.5238,0.5238,0.0
PDB-CPX-138209,2xpv a1 i1,5fkk a1 i1,16,15,0.6316,0.6316,0.0
PDB-CPX-138209,2xpv a1 i1,5fkl a1 i1,16,22,0.5833,0.5833,0.0
PDB-CPX-138209,2xpv a1 i1,5fkm a1 i1,16,24,0.4286,0.4286,0.0
PDB-CPX-138209,2xpv a1 i1,5fkn a1 i1,16,17,0.5,0.5,0.0
PDB-CPX-138209,2xpv a1 i1,5fko a1 i1,16,10,0.625,0.625,0.0
PDB-CPX-138209,2xpv a1 i1,6fpl a1 i1,16,14,0.6667,0.6667,0.0
PDB-CPX-138209,2xpv a1 i1,6fpm a1 i1,16,12,0.4,0.4,0.0
PDB-CPX-138209,2xpv a1 i1,6fts a1 i1,16,6,0.375,0.375,0.0
PDB-CPX-138209,2xpv a1 i1,6qjw a1 i1,16,10,0.625,0.625,0.0
PDB-CPX-138209,2xpv a1 i1,6qjx a1 i1,16,10,0.4444,0.4444,0.0
PDB-CPX-138209,2xpv a1 i1,6rbl a1 i1,16,18,0.7,0.7,0.0
PDB-CPX-138209,2xpv a1 i1,6rbm a1 i1,16,14,0.6667,0.6667,0.0
PDB-CPX-138209,2xpv a1 i1,6rcr a1 i1,16,18,0.5455,0.5455,0.0
PDB-CPX-138209,2xpv a1 i1,6rgx a1 i1,16,19,0.5217,0.5217,0.0
PDB-CPX-138209,2xpv a1 i1,6yr1 a1 i1,16,16,0.4545,0.4545,0.0
PDB-CPX-138209,2xpv a1 i1,6yr2 a1 i1,16,19,0.4,0.4,0.0
PDB-CPX-138209,2xpw a1 i1,2xrl a1 i1,18,18,0.3846,0.3846,0.0
PDB-CPX-138209,2xpw a1 i1,4abz a1 i1,18,16,0.7,0.7,0.0
PDB-CPX-138209,2xpw a1 i1,4aux a1 i1,18,22,0.4286,0.4286,0.0
PDB-CPX-138209,2xpw a1 i1,4b1r a1 i1,18,12,0.3636,0.3636,0.0
PDB-CPX-138209,2xpw a1 i1,4b3a a1 i1,18,22,0.5385,0.5385,0.0
PDB-CPX-138209,2xpw a1 i1,4d7m a1 i1,18,20,0.7273,0.7273,0.0
PDB-CPX-138209,2xpw a1 i1,4d7n a1 i1,18,16,0.7,0.7,0.0
PDB-CPX-138209,2xpw a1 i1,4v2f a1 i1,18,10,0.2727,0.2727,0.0
PDB-CPX-138209,2xpw a1 i1,4v2g a1 i1,18,16,0.36,0.36,0.0
PDB-CPX-138209,2xpw a1 i1,5fkk a1 i1,18,15,0.5,0.5,0.0
PDB-CPX-138209,2xpw a1 i1,5fkl a1 i1,18,22,0.6667,0.6667,0.0
PDB-CPX-138209,2xpw a1 i1,5fkm a1 i1,18,24,0.5,0.5,0.0
PDB-CPX-138209,2xpw a1 i1,5fkn a1 i1,18,17,0.5909,0.5909,0.0
PDB-CPX-138209,2xpw a1 i1,5fko a1 i1,18,10,0.4,0.4,0.0
PDB-CPX-138209,2xpw a1 i1,6fpl a1 i1,18,14,0.4545,0.4545,0.0
PDB-CPX-138209,2xpw a1 i1,6fpm a1 i1,18,12,0.3636,0.3636,0.0
PDB-CPX-138209,2xpw a1 i1,6fts a1 i1,18,6,0.3333,0.3333,0.0
PDB-CPX-138209,2xpw a1 i1,6qjw a1 i1,18,10,0.4,0.4,0.0
PDB-CPX-138209,2xpw a1 i1,6qjx a1 i1,18,10,0.5556,0.5556,0.0
PDB-CPX-138209,2xpw a1 i1,6rbl a1 i1,18,18,0.3846,0.3846,0.0
PDB-CPX-138209,2xpw a1 i1,6rbm a1 i1,18,14,0.4545,0.4545,0.0
PDB-CPX-138209,2xpw a1 i1,6rcr a1 i1,18,18,0.6364,0.6364,0.0
PDB-CPX-138209,2xpw a1 i1,6rgx a1 i1,18,19,0.48,0.48,0.0
PDB-CPX-138209,2xpw a1 i1,6yr1 a1 i1,18,16,0.5455,0.5455,0.0
PDB-CPX-138209,2xpw a1 i1,6yr2 a1 i1,18,19,0.48,0.48,0.0
PDB-CPX-138209,2xrl a1 i1,4abz a1 i1,18,16,0.5455,0.5455,0.0
PDB-CPX-138209,2xrl a1 i1,4aux a1 i1,18,22,0.3333,0.3333,0.0
PDB-CPX-138209,2xrl a1 i1,4b1r a1 i1,18,12,0.5,0.5,0.0
PDB-CPX-138209,2xrl a1 i1,4b3a a1 i1,18,22,0.4286,0.4286,0.0
PDB-CPX-138209,2xrl a1 i1,4d7m a1 i1,18,20,0.4615,0.4615,0.0
PDB-CPX-138209,2xrl a1 i1,4d7n a1 i1,18,16,0.4167,0.4167,0.0
PDB-CPX-138209,2xrl a1 i1,4v2f a1 i1,18,10,0.4,0.4,0.0
PDB-CPX-138209,2xrl a1 i1,4v2g a1 i1,18,16,0.4783,0.4783,0.0
PDB-CPX-138209,2xrl a1 i1,5fkk a1 i1,18,15,0.375,0.375,0.0
PDB-CPX-138209,2xrl a1 i1,5fkl a1 i1,18,22,0.3333,0.3333,0.0
PDB-CPX-138209,2xrl a1 i1,5fkm a1 i1,18,24,0.6154,0.6154,0.0
PDB-CPX-138209,2xrl a1 i1,5fkn a1 i1,18,17,0.5217,0.5217,0.0
PDB-CPX-138209,2xrl a1 i1,5fko a1 i1,18,10,0.2727,0.2727,0.0
PDB-CPX-138209,2xrl a1 i1,6fpl a1 i1,18,14,0.6,0.6,0.0
PDB-CPX-138209,2xrl a1 i1,6fpm a1 i1,18,12,0.6667,0.6667,0.0
PDB-CPX-138209,2xrl a1 i1,6fts a1 i1,18,6,0.3333,0.3333,0.0
PDB-CPX-138209,2xrl a1 i1,6qjw a1 i1,18,10,0.4,0.4,0.0
PDB-CPX-138209,2xrl a1 i1,6qjx a1 i1,18,10,0.4,0.4,0.0
PDB-CPX-138209,2xrl a1 i1,6rbl a1 i1,18,18,0.5,0.5,0.0
PDB-CPX-138209,2xrl a1 i1,6rbm a1 i1,18,14,0.4545,0.4545,0.0
PDB-CPX-138209,2xrl a1 i1,6rcr a1 i1,18,18,0.3846,0.3846,0.0
PDB-CPX-138209,2xrl a1 i1,6rgx a1 i1,18,19,0.48,0.48,0.0
PDB-CPX-138209,2xrl a1 i1,6yr1 a1 i1,18,16,0.4167,0.4167,0.0
PDB-CPX-138209,2xrl a1 i1,6yr2 a1 i1,18,19,0.3704,0.3704,0.0
PDB-CPX-138209,4abz a1 i1,4aux a1 i1,16,22,0.4615,0.4615,0.0
PDB-CPX-138209,4abz a1 i1,4b1r a1 i1,16,12,0.5556,0.5556,0.0
PDB-CPX-138209,4abz a1 i1,4b3a a1 i1,16,22,0.7273,0.7273,0.0
PDB-CPX-138209,4abz a1 i1,4d7m a1 i1,16,20,0.6364,0.6364,0.0
PDB-CPX-138209,4abz a1 i1,4d7n a1 i1,16,16,0.7778,0.7778,0.0
PDB-CPX-138209,4abz a1 i1,4v2f a1 i1,16,10,0.4444,0.4444,0.0
PDB-CPX-138209,4abz a1 i1,4v2g a1 i1,16,16,0.4545,0.4545,0.0
PDB-CPX-138209,4abz a1 i1,5fkk a1 i1,16,15,0.6316,0.6316,0.0
PDB-CPX-138209,4abz a1 i1,5fkl a1 i1,16,22,0.5833,0.5833,0.0
PDB-CPX-138209,4abz a1 i1,5fkm a1 i1,16,24,0.5385,0.5385,0.0
PDB-CPX-138209,4abz a1 i1,5fkn a1 i1,16,17,0.65,0.65,0.0
PDB-CPX-138209,4abz a1 i1,5fko a1 i1,16,10,0.4444,0.4444,0.0
PDB-CPX-138209,4abz a1 i1,6fpl a1 i1,16,14,0.6667,0.6667,0.0
PDB-CPX-138209,4abz a1 i1,6fpm a1 i1,16,12,0.5556,0.5556,0.0
PDB-CPX-138209,4abz a1 i1,6fts a1 i1,16,6,0.375,0.375,0.0
PDB-CPX-138209,4abz a1 i1,6qjw a1 i1,16,10,0.625,0.625,0.0
PDB-CPX-138209,4abz a1 i1,6qjx a1 i1,16,10,0.625,0.625,0.0
PDB-CPX-138209,4abz a1 i1,6rbl a1 i1,16,18,0.5455,0.5455,0.0
PDB-CPX-138209,4abz a1 i1,6rbm a1 i1,16,14,0.6667,0.6667,0.0
PDB-CPX-138209,4abz a1 i1,6rcr a1 i1,16,18,0.7,0.7,0.0
PDB-CPX-138209,4abz a1 i1,6rgx a1 i1,16,19,0.5909,0.5909,0.0
PDB-CPX-138209,4abz a1 i1,6yr1 a1 i1,16,16,0.6,0.6,0.0
PDB-CPX-138209,4abz a1 i1,6yr2 a1 i1,16,19,0.5217,0.5217,0.0
PDB-CPX-138209,4aux a1 i1,4b1r a1 i1,22,12,0.4167,0.4167,0.0
PDB-CPX-138209,4aux a1 i1,4b3a a1 i1,22,22,0.4667,0.4667,0.0
PDB-CPX-138209,4aux a1 i1,4d7m a1 i1,22,20,0.5,0.5,0.0
PDB-CPX-138209,4aux a1 i1,4d7n a1 i1,22,16,0.3571,0.3571,0.0
PDB-CPX-138209,4aux a1 i1,4v2f a1 i1,22,10,0.2308,0.2308,0.0
PDB-CPX-138209,4aux a1 i1,4v2g a1 i1,22,16,0.5833,0.5833,0.0
PDB-CPX-138209,4aux a1 i1,5fkk a1 i1,22,15,0.3704,0.3704,0.0
PDB-CPX-138209,4aux a1 i1,5fkl a1 i1,22,22,0.4667,0.4667,0.0
PDB-CPX-138209,4aux a1 i1,5fkm a1 i1,22,24,0.4375,0.4375,0.0
PDB-CPX-138209,4aux a1 i1,5fkn a1 i1,22,17,0.3929,0.3929,0.0
PDB-CPX-138209,4aux a1 i1,5fko a1 i1,22,10,0.3333,0.3333,0.0
PDB-CPX-138209,4aux a1 i1,6fpl a1 i1,22,14,0.3846,0.3846,0.0
PDB-CPX-138209,4aux a1 i1,6fpm a1 i1,22,12,0.3077,0.3077,0.0
PDB-CPX-138209,4aux a1 i1,6fts a1 i1,22,6,0.2727,0.2727,0.0
PDB-CPX-138209,4aux a1 i1,6qjw a1 i1,22,10,0.3333,0.3333,0.0
PDB-CPX-138209,4aux a1 i1,6qjx a1 i1,22,10,0.2308,0.2308,0.0
PDB-CPX-138209,4aux a1 i1,6rbl a1 i1,22,18,0.5385,0.5385,0.0
PDB-CPX-138209,4aux a1 i1,6rbm a1 i1,22,14,0.5,0.5,0.0
PDB-CPX-138209,4aux a1 i1,6rcr a1 i1,22,18,0.3333,0.3333,0.0
PDB-CPX-138209,4aux a1 i1,6rgx a1 i1,22,19,0.4643,0.4643,0.0
PDB-CPX-138209,4aux a1 i1,6yr1 a1 i1,22,16,0.2667,0.2667,0.0
PDB-CPX-138209,4aux a1 i1,6yr2 a1 i1,22,19,0.3667,0.3667,0.0
PDB-CPX-138209,4b1r a1 i1,4b3a a1 i1,12,22,0.4167,0.4167,0.0
PDB-CPX-138209,4b1r a1 i1,4d7m a1 i1,12,20,0.3333,0.3333,0.0
PDB-CPX-138209,4b1r a1 i1,4d7n a1 i1,12,16,0.4,0.4,0.0
PDB-CPX-138209,4b1r a1 i1,4v2f a1 i1,12,10,0.375,0.375,0.0
PDB-CPX-138209,4b1r a1 i1,4v2g a1 i1,12,16,0.4737,0.4737,0.0
PDB-CPX-138209,4b1r a1 i1,5fkk a1 i1,12,15,0.4211,0.4211,0.0
PDB-CPX-138209,4b1r a1 i1,5fkl a1 i1,12,22,0.3077,0.3077,0.0
PDB-CPX-138209,4b1r a1 i1,5fkm a1 i1,12,24,0.3846,0.3846,0.0
PDB-CPX-138209,4b1r a1 i1,5fkn a1 i1,12,17,0.45,0.45,0.0
PDB-CPX-138209,4b1r a1 i1,5fko a1 i1,12,10,0.375,0.375,0.0
PDB-CPX-138209,4b1r a1 i1,6fpl a1 i1,12,14,0.625,0.625,0.0
PDB-CPX-138209,4b1r a1 i1,6fpm a1 i1,12,12,0.5,0.5,0.0
PDB-CPX-138209,4b1r a1 i1,6fts a1 i1,12,6,0.5,0.5,0.0
PDB-CPX-138209,4b1r a1 i1,6qjw a1 i1,12,10,0.5714,0.5714,0.0
PDB-CPX-138209,4b1r a1 i1,6qjx a1 i1,12,10,0.375,0.375,0.0
PDB-CPX-138209,4b1r a1 i1,6rbl a1 i1,12,18,0.5,0.5,0.0
PDB-CPX-138209,4b1r a1 i1,6rbm a1 i1,12,14,0.625,0.625,0.0
PDB-CPX-138209,4b1r a1 i1,6rcr a1 i1,12,18,0.3636,0.3636,0.0
PDB-CPX-138209,4b1r a1 i1,6rgx a1 i1,12,19,0.4091,0.4091,0.0
PDB-CPX-138209,4b1r a1 i1,6yr1 a1 i1,12,16,0.2727,0.2727,0.0
PDB-CPX-138209,4b1r a1 i1,6yr2 a1 i1,12,19,0.2917,0.2917,0.0
PDB-CPX-138209,4b3a a1 i1,4d7m a1 i1,22,20,0.6154,0.6154,0.0
PDB-CPX-138209,4b3a a1 i1,4d7n a1 i1,22,16,0.5833,0.5833,0.0
PDB-CPX-138209,4b3a a1 i1,4v2f a1 i1,22,10,0.3333,0.3333,0.0
PDB-CPX-138209,4b3a a1 i1,4v2g a1 i1,22,16,0.4074,0.4074,0.0
PDB-CPX-138209,4b3a a1 i1,5fkk a1 i1,22,15,0.5417,0.5417,0.0
PDB-CPX-138209,4b3a a1 i1,5fkl a1 i1,22,22,0.8333,0.8333,0.0
PDB-CPX-138209,4b3a a1 i1,5fkm a1 i1,22,24,0.5333,0.5333,0.0
PDB-CPX-138209,4b3a a1 i1,5fkn a1 i1,22,17,0.5,0.5,0.0
PDB-CPX-138209,4b3a a1 i1,5fko a1 i1,22,10,0.4545,0.4545,0.0
PDB-CPX-138209,4b3a a1 i1,6fpl a1 i1,22,14,0.5,0.5,0.0
PDB-CPX-138209,4b3a a1 i1,6fpm a1 i1,22,12,0.4167,0.4167,0.0
PDB-CPX-138209,4b3a a1 i1,6fts a1 i1,22,6,0.2727,0.2727,0.0
PDB-CPX-138209,4b3a a1 i1,6qjw a1 i1,22,10,0.4545,0.4545,0.0
PDB-CPX-138209,4b3a a1 i1,6qjx a1 i1,22,10,0.4545,0.4545,0.0
PDB-CPX-138209,4b3a a1 i1,6rbl a1 i1,22,18,0.5385,0.5385,0.0
PDB-CPX-138209,4b3a a1 i1,6rbm a1 i1,22,14,0.5,0.5,0.0
PDB-CPX-138209,4b3a a1 i1,6rcr a1 i1,22,18,0.5385,0.5385,0.0
PDB-CPX-138209,4b3a a1 i1,6rgx a1 i1,22,19,0.4643,0.4643,0.0
PDB-CPX-138209,4b3a a1 i1,6yr1 a1 i1,22,16,0.4615,0.4615,0.0
PDB-CPX-138209,4b3a a1 i1,6yr2 a1 i1,22,19,0.4138,0.4138,0.0
PDB-CPX-138209,4d7m a1 i1,4d7n a1 i1,20,16,0.6364,0.6364,0.0
PDB-CPX-138209,4d7m a1 i1,4v2f a1 i1,20,10,0.25,0.25,0.0
PDB-CPX-138209,4d7m a1 i1,4v2g a1 i1,20,16,0.3846,0.3846,0.0
PDB-CPX-138209,4d7m a1 i1,5fkk a1 i1,20,15,0.5217,0.5217,0.0
PDB-CPX-138209,4d7m a1 i1,5fkl a1 i1,20,22,0.75,0.75,0.0
PDB-CPX-138209,4d7m a1 i1,5fkm a1 i1,20,24,0.5714,0.5714,0.0
PDB-CPX-138209,4d7m a1 i1,5fkn a1 i1,20,17,0.5417,0.5417,0.0
PDB-CPX-138209,4d7m a1 i1,5fko a1 i1,20,10,0.5,0.5,0.0
PDB-CPX-138209,4d7m a1 i1,6fpl a1 i1,20,14,0.4167,0.4167,0.0
PDB-CPX-138209,4d7m a1 i1,6fpm a1 i1,20,12,0.3333,0.3333,0.0
PDB-CPX-138209,4d7m a1 i1,6fts a1 i1,20,6,0.3,0.3,0.0
PDB-CPX-138209,4d7m a1 i1,6qjw a1 i1,20,10,0.3636,0.3636,0.0
PDB-CPX-138209,4d7m a1 i1,6qjx a1 i1,20,10,0.5,0.5,0.0
PDB-CPX-138209,4d7m a1 i1,6rbl a1 i1,20,18,0.4615,0.4615,0.0
PDB-CPX-138209,4d7m a1 i1,6rbm a1 i1,20,14,0.4167,0.4167,0.0
PDB-CPX-138209,4d7m a1 i1,6rcr a1 i1,20,18,0.5833,0.5833,0.0
PDB-CPX-138209,4d7m a1 i1,6rgx a1 i1,20,19,0.5,0.5,0.0
PDB-CPX-138209,4d7m a1 i1,6yr1 a1 i1,20,16,0.5,0.5,0.0
PDB-CPX-138209,4d7m a1 i1,6yr2 a1 i1,20,19,0.4444,0.4444,0.0
PDB-CPX-138209,4d7n a1 i1,4v2f a1 i1,16,10,0.3,0.3,0.0
PDB-CPX-138209,4d7n a1 i1,4v2g a1 i1,16,16,0.3333,0.3333,0.0
PDB-CPX-138209,4d7n a1 i1,5fkk a1 i1,16,15,0.6316,0.6316,0.0
PDB-CPX-138209,4d7n a1 i1,5fkl a1 i1,16,22,0.5833,0.5833,0.0
PDB-CPX-138209,4d7n a1 i1,5fkm a1 i1,16,24,0.4286,0.4286,0.0
PDB-CPX-138209,4d7n a1 i1,5fkn a1 i1,16,17,0.5714,0.5714,0.0
PDB-CPX-138209,4d7n a1 i1,5fko a1 i1,16,10,0.4444,0.4444,0.0
PDB-CPX-138209,4d7n a1 i1,6fpl a1 i1,16,14,0.5,0.5,0.0
PDB-CPX-138209,4d7n a1 i1,6fpm a1 i1,16,12,0.4,0.4,0.0
PDB-CPX-138209,4d7n a1 i1,6fts a1 i1,16,6,0.375,0.375,0.0
PDB-CPX-138209,4d7n a1 i1,6qjw a1 i1,16,10,0.4444,0.4444,0.0
PDB-CPX-138209,4d7n a1 i1,6qjx a1 i1,16,10,0.625,0.625,0.0
PDB-CPX-138209,4d7n a1 i1,6rbl a1 i1,16,18,0.4167,0.4167,0.0
PDB-CPX-138209,4d7n a1 i1,6rbm a1 i1,16,14,0.5,0.5,0.0
PDB-CPX-138209,4d7n a1 i1,6rcr a1 i1,16,18,0.7,0.7,0.0
PDB-CPX-138209,4d7n a1 i1,6rgx a1 i1,16,19,0.5217,0.5217,0.0
PDB-CPX-138209,4d7n a1 i1,6yr1 a1 i1,16,16,0.6,0.6,0.0
PDB-CPX-138209,4d7n a1 i1,6yr2 a1 i1,16,19,0.4583,0.4583,0.0
PDB-CPX-138209,4v2f a1 i1,4v2g a1 i1,10,16,0.3,0.3,0.0
PDB-CPX-138209,4v2f a1 i1,5fkk a1 i1,10,15,0.3158,0.3158,0.0
PDB-CPX-138209,4v2f a1 i1,5fkl a1 i1,10,22,0.2308,0.2308,0.0
PDB-CPX-138209,4v2f a1 i1,5fkm a1 i1,10,24,0.3077,0.3077,0.0
PDB-CPX-138209,4v2f a1 i1,5fkn a1 i1,10,17,0.35,0.35,0.0
PDB-CPX-138209,4v2f a1 i1,5fko a1 i1,10,10,0.25,0.25,0.0
PDB-CPX-138209,4v2f a1 i1,6fpl a1 i1,10,14,0.3333,0.3333,0.0
PDB-CPX-138209,4v2f a1 i1,6fpm a1 i1,10,12,0.5714,0.5714,0.0
PDB-CPX-138209,4v2f a1 i1,6fts a1 i1,10,6,0.3333,0.3333,0.0
PDB-CPX-138209,4v2f a1 i1,6qjw a1 i1,10,10,0.4286,0.4286,0.0
PDB-CPX-138209,4v2f a1 i1,6qjx a1 i1,10,10,0.4286,0.4286,0.0
PDB-CPX-138209,4v2f a1 i1,6rbl a1 i1,10,18,0.2727,0.2727,0.0
PDB-CPX-138209,4v2f a1 i1,6rbm a1 i1,10,14,0.3333,0.3333,0.0
PDB-CPX-138209,4v2f a1 i1,6rcr a1 i1,10,18,0.2727,0.2727,0.0
PDB-CPX-138209,4v2f a1 i1,6rgx a1 i1,10,19,0.3182,0.3182,0.0
PDB-CPX-138209,4v2f a1 i1,6yr1 a1 i1,10,16,0.3,0.3,0.0
PDB-CPX-138209,4v2f a1 i1,6yr2 a1 i1,10,19,0.3182,0.3182,0.0
PDB-CPX-138209,4v2g a1 i1,5fkk a1 i1,16,15,0.4762,0.2917,-0.1845
PDB-CPX-138209,4v2g a1 i1,5fkl a1 i1,16,22,0.3571,0.3571,0.0
PDB-CPX-138209,4v2g a1 i1,5fkm a1 i1,16,24,0.4815,0.4815,0.0
PDB-CPX-138209,4v2g a1 i1,5fkn a1 i1,16,17,0.375,0.5,0.125
PDB-CPX-138209,4v2g a1 i1,5fko a1 i1,16,10,0.3684,0.3684,0.0
PDB-CPX-138209,4v2g a1 i1,6fpl a1 i1,16,14,0.5789,0.5789,0.0
PDB-CPX-138209,4v2g a1 i1,6fpm a1 i1,16,12,0.5556,0.5556,0.0
PDB-CPX-138209,4v2g a1 i1,6fts a1 i1,16,6,0.375,0.375,0.0
PDB-CPX-138209,4v2g a1 i1,6qjw a1 i1,16,10,0.4444,0.4444,0.0
PDB-CPX-138209,4v2g a1 i1,6qjx a1 i1,16,10,0.3,0.3,0.0
PDB-CPX-138209,4v2g a1 i1,6rbl a1 i1,16,18,0.619,0.619,0.0
PDB-CPX-138209,4v2g a1 i1,6rbm a1 i1,16,14,0.5,0.5,0.0
PDB-CPX-138209,4v2g a1 i1,6rcr a1 i1,16,18,0.3077,0.3077,0.0
PDB-CPX-138209,4v2g a1 i1,6rgx a1 i1,16,19,0.6667,0.3462,-0.3205
PDB-CPX-138209,4v2g a1 i1,6yr1 a1 i1,16,16,0.3913,0.3913,0.0
PDB-CPX-138209,4v2g a1 i1,6yr2 a1 i1,16,19,0.5217,0.2963,-0.2254
PDB-CPX-138209,5fkk a1 i1,5fkl a1 i1,15,22,0.48,0.48,0.0
PDB-CPX-138209,5fkk a1 i1,5fkm a1 i1,15,24,0.3929,0.3929,0.0
PDB-CPX-138209,5fkk a1 i1,5fkn a1 i1,15,17,0.5238,0.4545,-0.0693
PDB-CPX-138209,5fkk a1 i1,5fko a1 i1,15,10,0.5625,0.5625,0.0
PDB-CPX-138209,5fkk a1 i1,6fpl a1 i1,15,14,0.5263,0.5263,0.0
PDB-CPX-138209,5fkk a1 i1,6fpm a1 i1,15,12,0.4211,0.4211,0.0
PDB-CPX-138209,5fkk a1 i1,6fts a1 i1,15,6,0.4,0.4,0.0
PDB-CPX-138209,5fkk a1 i1,6qjw a1 i1,15,10,0.5625,0.5625,0.0
PDB-CPX-138209,5fkk a1 i1,6qjx a1 i1,15,10,0.5625,0.5625,0.0
PDB-CPX-138209,5fkk a1 i1,6rbl a1 i1,15,18,0.5,0.5,0.0
PDB-CPX-138209,5fkk a1 i1,6rbm a1 i1,15,14,0.5263,0.5263,0.0
PDB-CPX-138209,5fkk a1 i1,6rcr a1 i1,15,18,0.5,0.5,0.0
PDB-CPX-138209,5fkk a1 i1,6rgx a1 i1,15,19,0.619,0.36,-0.259
PDB-CPX-138209,5fkk a1 i1,6yr1 a1 i1,15,16,0.4762,0.4762,0.0
PDB-CPX-138209,5fkk a1 i1,6yr2 a1 i1,15,19,0.4167,0.4167,0.0
PDB-CPX-138209,5fkl a1 i1,5fkm a1 i1,22,24,0.5333,0.5333,0.0
PDB-CPX-138209,5fkl a1 i1,5fkn a1 i1,22,17,0.5,0.5,0.0
PDB-CPX-138209,5fkl a1 i1,5fko a1 i1,22,10,0.4545,0.4545,0.0
PDB-CPX-138209,5fkl a1 i1,6fpl a1 i1,22,14,0.3846,0.3846,0.0
PDB-CPX-138209,5fkl a1 i1,6fpm a1 i1,22,12,0.3077,0.3077,0.0
PDB-CPX-138209,5fkl a1 i1,6fts a1 i1,22,6,0.2727,0.2727,0.0
PDB-CPX-138209,5fkl a1 i1,6qjw a1 i1,22,10,0.3333,0.3333,0.0
PDB-CPX-138209,5fkl a1 i1,6qjx a1 i1,22,10,0.4545,0.4545,0.0
PDB-CPX-138209,5fkl a1 i1,6rbl a1 i1,22,18,0.4286,0.4286,0.0
PDB-CPX-138209,5fkl a1 i1,6rbm a1 i1,22,14,0.3846,0.3846,0.0
PDB-CPX-138209,5fkl a1 i1,6rcr a1 i1,22,18,0.5385,0.5385,0.0
PDB-CPX-138209,5fkl a1 i1,6rgx a1 i1,22,19,0.4138,0.4138,0.0
PDB-CPX-138209,5fkl a1 i1,6yr1 a1 i1,22,16,0.4615,0.4615,0.0
PDB-CPX-138209,5fkl a1 i1,6yr2 a1 i1,22,19,0.4138,0.4138,0.0
PDB-CPX-138209,5fkm a1 i1,5fkn a1 i1,24,17,0.64,0.64,0.0
PDB-CPX-138209,5fkm a1 i1,5fko a1 i1,24,10,0.3077,0.3077,0.0
PDB-CPX-138209,5fkm a1 i1,6fpl a1 i1,24,14,0.5833,0.5833,0.0
PDB-CPX-138209,5fkm a1 i1,6fpm a1 i1,24,12,0.5,0.5,0.0
PDB-CPX-138209,5fkm a1 i1,6fts a1 i1,24,6,0.25,0.25,0.0
PDB-CPX-138209,5fkm a1 i1,6qjw a1 i1,24,10,0.4167,0.4167,0.0
PDB-CPX-138209,5fkm a1 i1,6qjx a1 i1,24,10,0.4167,0.4167,0.0
PDB-CPX-138209,5fkm a1 i1,6rbl a1 i1,24,18,0.5,0.5,0.0
PDB-CPX-138209,5fkm a1 i1,6rbm a1 i1,24,14,0.4615,0.4615,0.0
PDB-CPX-138209,5fkm a1 i1,6rcr a1 i1,24,18,0.4,0.4,0.0
PDB-CPX-138209,5fkm a1 i1,6rgx a1 i1,24,19,0.5926,0.5926,0.0
PDB-CPX-138209,5fkm a1 i1,6yr1 a1 i1,24,16,0.4286,0.4286,0.0
PDB-CPX-138209,5fkm a1 i1,6yr2 a1 i1,24,19,0.4828,0.4828,0.0
PDB-CPX-138209,5fkn a1 i1,5fko a1 i1,17,10,0.4211,0.4211,0.0
PDB-CPX-138209,5fkn a1 i1,6fpl a1 i1,17,14,0.6316,0.6316,0.0
PDB-CPX-138209,5fkn a1 i1,6fpm a1 i1,17,12,0.5263,0.5263,0.0
PDB-CPX-138209,5fkn a1 i1,6fts a1 i1,17,6,0.3529,0.3529,0.0
PDB-CPX-138209,5fkn a1 i1,6qjw a1 i1,17,10,0.5,0.5,0.0
PDB-CPX-138209,5fkn a1 i1,6qjx a1 i1,17,10,0.5882,0.5882,0.0
PDB-CPX-138209,5fkn a1 i1,6rbl a1 i1,17,18,0.5217,0.5217,0.0
PDB-CPX-138209,5fkn a1 i1,6rbm a1 i1,17,14,0.55,0.55,0.0
PDB-CPX-138209,5fkn a1 i1,6rcr a1 i1,17,18,0.5217,0.5217,0.0
PDB-CPX-138209,5fkn a1 i1,6rgx a1 i1,17,19,0.5,0.5652,0.0652
PDB-CPX-138209,5fkn a1 i1,6yr1 a1 i1,17,16,0.5,0.5,0.0
PDB-CPX-138209,5fkn a1 i1,6yr2 a1 i1,17,19,0.3846,0.7143,0.3297
PDB-CPX-138209,5fko a1 i1,6fpl a1 i1,10,14,0.5,0.5,0.0
PDB-CPX-138209,5fko a1 i1,6fpm a1 i1,10,12,0.375,0.375,0.0
PDB-CPX-138209,5fko a1 i1,6fts a1 i1,10,6,0.6,0.6,0.0
PDB-CPX-138209,5fko a1 i1,6qjw a1 i1,10,10,0.6667,0.6667,0.0
PDB-CPX-138209,5fko a1 i1,6qjx a1 i1,10,10,0.6667,0.6667,0.0
PDB-CPX-138209,5fko a1 i1,6rbl a1 i1,10,18,0.5556,0.5556,0.0
PDB-CPX-138209,5fko a1 i1,6rbm a1 i1,10,14,0.5,0.5,0.0
PDB-CPX-138209,5fko a1 i1,6rcr a1 i1,10,18,0.4,0.4,0.0
PDB-CPX-138209,5fko a1 i1,6rgx a1 i1,10,19,0.381,0.381,0.0
PDB-CPX-138209,5fko a1 i1,6yr1 a1 i1,10,16,0.4444,0.4444,0.0
PDB-CPX-138209,5fko a1 i1,6yr2 a1 i1,10,19,0.381,0.381,0.0
PDB-CPX-138209,6fpl a1 i1,6fpm a1 i1,14,12,0.625,0.625,0.0
PDB-CPX-138209,6fpl a1 i1,6fts a1 i1,14,6,0.4286,0.4286,0.0
PDB-CPX-138209,6fpl a1 i1,6qjw a1 i1,14,10,0.7143,0.7143,0.0
PDB-CPX-138209,6fpl a1 i1,6qjx a1 i1,14,10,0.5,0.5,0.0
PDB-CPX-138209,6fpl a1 i1,6rbl a1 i1,14,18,0.7778,0.7778,0.0
PDB-CPX-138209,6fpl a1 i1,6rbm a1 i1,14,14,0.75,0.75,0.0
PDB-CPX-138209,6fpl a1 i1,6rcr a1 i1,14,18,0.4545,0.4545,0.0
PDB-CPX-138209,6fpl a1 i1,6rgx a1 i1,14,19,0.5714,0.5714,0.0
PDB-CPX-138209,6fpl a1 i1,6yr1 a1 i1,14,16,0.5,0.5,0.0
PDB-CPX-138209,6fpl a1 i1,6yr2 a1 i1,14,19,0.4348,0.4348,0.0
PDB-CPX-138209,6fpm a1 i1,6fts a1 i1,12,6,0.5,0.5,0.0
PDB-CPX-138209,6fpm a1 i1,6qjw a1 i1,12,10,0.5714,0.5714,0.0
PDB-CPX-138209,6fpm a1 i1,6qjx a1 i1,12,10,0.5714,0.5714,0.0
PDB-CPX-138209,6fpm a1 i1,6rbl a1 i1,12,18,0.5,0.5,0.0
PDB-CPX-138209,6fpm a1 i1,6rbm a1 i1,12,14,0.4444,0.4444,0.0
PDB-CPX-138209,6fpm a1 i1,6rcr a1 i1,12,18,0.3636,0.3636,0.0
PDB-CPX-138209,6fpm a1 i1,6rgx a1 i1,12,19,0.4762,0.4762,0.0
PDB-CPX-138209,6fpm a1 i1,6yr1 a1 i1,12,16,0.5556,0.5556,0.0
PDB-CPX-138209,6fpm a1 i1,6yr2 a1 i1,12,19,0.4762,0.4762,0.0
PDB-CPX-138209,6fts a1 i1,6qjw a1 i1,6,10,0.6,0.6,0.0
PDB-CPX-138209,6fts a1 i1,6qjx a1 i1,6,10,0.6,0.6,0.0
PDB-CPX-138209,6fts a1 i1,6rbl a1 i1,6,18,0.3333,0.3333,0.0
PDB-CPX-138209,6fts a1 i1,6rbm a1 i1,6,14,0.4286,0.4286,0.0
PDB-CPX-138209,6fts a1 i1,6rcr a1 i1,6,18,0.3333,0.3333,0.0
PDB-CPX-138209,6fts a1 i1,6rgx a1 i1,6,19,0.3158,0.3158,0.0
PDB-CPX-138209,6fts a1 i1,6yr1 a1 i1,6,16,0.375,0.375,0.0
PDB-CPX-138209,6fts a1 i1,6yr2 a1 i1,6,19,0.3158,0.3158,0.0
PDB-CPX-138209,6qjw a1 i1,6qjx a1 i1,10,10,0.6667,0.6667,0.0
PDB-CPX-138209,6qjw a1 i1,6rbl a1 i1,10,18,0.5556,0.5556,0.0
PDB-CPX-138209,6qjw a1 i1,6rbm a1 i1,10,14,0.7143,0.7143,0.0
PDB-CPX-138209,6qjw a1 i1,6rcr a1 i1,10,18,0.4,0.4,0.0
PDB-CPX-138209,6qjw a1 i1,6rgx a1 i1,10,19,0.5263,0.5263,0.0
PDB-CPX-138209,6qjw a1 i1,6yr1 a1 i1,10,16,0.4444,0.4444,0.0
PDB-CPX-138209,6qjw a1 i1,6yr2 a1 i1,10,19,0.45,0.45,0.0
PDB-CPX-138209,6qjx a1 i1,6rbl a1 i1,10,18,0.4,0.4,0.0
PDB-CPX-138209,6qjx a1 i1,6rbm a1 i1,10,14,0.5,0.5,0.0
PDB-CPX-138209,6qjx a1 i1,6rcr a1 i1,10,18,0.5556,0.5556,0.0
PDB-CPX-138209,6qjx a1 i1,6rgx a1 i1,10,19,0.45,0.45,0.0
PDB-CPX-138209,6qjx a1 i1,6yr1 a1 i1,10,16,0.625,0.625,0.0
PDB-CPX-138209,6qjx a1 i1,6yr2 a1 i1,10,19,0.5263,0.5263,0.0
PDB-CPX-138209,6rbl a1 i1,6rbm a1 i1,18,14,0.7778,0.7778,0.0
PDB-CPX-138209,6rbl a1 i1,6rcr a1 i1,18,18,0.3846,0.3846,0.0
PDB-CPX-138209,6rbl a1 i1,6rgx a1 i1,18,19,0.5417,0.5417,0.0
PDB-CPX-138209,6rbl a1 i1,6yr1 a1 i1,18,16,0.4167,0.4167,0.0
PDB-CPX-138209,6rbl a1 i1,6yr2 a1 i1,18,19,0.4231,0.4231,0.0
PDB-CPX-138209,6rbm a1 i1,6rcr a1 i1,14,18,0.4545,0.4545,0.0
PDB-CPX-138209,6rbm a1 i1,6rgx a1 i1,14,19,0.5714,0.5714,0.0
PDB-CPX-138209,6rbm a1 i1,6yr1 a1 i1,14,16,0.3636,0.3636,0.0
PDB-CPX-138209,6rbm a1 i1,6yr2 a1 i1,14,19,0.4348,0.4348,0.0
PDB-CPX-138209,6rcr a1 i1,6rgx a1 i1,18,19,0.4231,0.4231,0.0
PDB-CPX-138209,6rcr a1 i1,6yr1 a1 i1,18,16,0.5455,0.5455,0.0
PDB-CPX-138209,6rcr a1 i1,6yr2 a1 i1,18,19,0.4231,0.4231,0.0
PDB-CPX-138209,6rgx a1 i1,6yr1 a1 i1,19,16,0.4583,0.4583,0.0
PDB-CPX-138209,6rgx a1 i1,6yr2 a1 i1,19,19,0.5833,0.4074,-0.1759
PDB-CPX-138209,6yr1 a1 i1,6yr2 a1 i1,16,19,0.5217,0.5217,0.0
PDB-CPX-109078,4yjy a1 i1,9uu8 a1 i1,47,53,0.6949,0.7241,0.0292
PDB-CPX-109078,4yjy a1 i1,9uu9 a1 i1,47,54,0.7119,0.7414,0.0295
PDB-CPX-109078,4yjy a1 i1,9uua a1 i1,47,51,0.7193,0.7193,0.0
PDB-CPX-109078,4yjy a1 i1,9uub a1 i1,47,54,0.6833,0.6833,0.0
PDB-CPX-109078,4yjy a1 i1,9uuc a1 i1,47,51,0.6897,0.661,-0.0286
PDB-CPX-109078,4yjy a1 i1,9uud a1 i1,47,52,0.7368,0.7069,-0.0299
PDB-CPX-109078,4yjy a1 i1,9uue a1 i1,47,50,0.7018,0.6724,-0.0293
PDB-CPX-109078,9uu8 a1 i1,9uu9 a1 i1,53,54,0.9455,0.8448,-0.1006
PDB-CPX-109078,9uu8 a1 i1,9uua a1 i1,53,51,0.9623,0.8571,-0.1051
PDB-CPX-109078,9uu8 a1 i1,9uub a1 i1,53,54,0.8448,0.9107,0.0659
PDB-CPX-109078,9uu8 a1 i1,9uuc a1 i1,53,51,0.8909,0.8909,0.0
PDB-CPX-109078,9uu8 a1 i1,9uud a1 i1,53,52,0.9091,0.9091,0.0
PDB-CPX-109078,9uu8 a1 i1,9uue a1 i1,53,50,0.8727,0.9074,0.0347
PDB-CPX-109078,9uu9 a1 i1,9uua a1 i1,54,51,0.9444,0.875,-0.0694
PDB-CPX-109078,9uu9 a1 i1,9uub a1 i1,54,54,0.8305,0.8621,0.0316
PDB-CPX-109078,9uu9 a1 i1,9uuc a1 i1,54,51,0.875,0.875,0.0
PDB-CPX-109078,9uu9 a1 i1,9uud a1 i1,54,52,0.8929,0.9273,0.0344
PDB-CPX-109078,9uu9 a1 i1,9uue a1 i1,54,50,0.8571,0.8909,0.0338
PDB-CPX-109078,9uua a1 i1,9uub a1 i1,51,54,0.875,0.9091,0.0341
PDB-CPX-109078,9uua a1 i1,9uuc a1 i1,51,51,0.9245,0.8889,-0.0356
PDB-CPX-109078,9uua a1 i1,9uud a1 i1,51,52,0.9434,0.9074,-0.036
PDB-CPX-109078,9uua a1 i1,9uue a1 i1,51,50,0.9057,0.9057,0.0
PDB-CPX-109078,9uub a1 i1,9uuc a1 i1,54,51,0.875,0.9091,0.0341
PDB-CPX-109078,9uub a1 i1,9uud a1 i1,54,52,0.8929,0.8929,0.0
PDB-CPX-109078,9uub a1 i1,9uue a1 i1,54,50,0.8909,0.8909,0.0
PDB-CPX-109078,9uuc a1 i1,9uud a1 i1,51,52,0.9434,0.9074,-0.036
PDB-CPX-109078,9uuc a1 i1,9uue a1 i1,51,50,0.9804,0.9057,-0.0747
PDB-CPX-109078,9uud a1 i1,9uue a1 i1,52,50,0.9615,0.9245,-0.037
PDB-CPX-145058,7jk8 a1 i1,7sfq a1 i1,2,1,0.0,0.0,0.0
PDB-CPX-103731,5x2j a1 i1,6m30 a1 i1,8,8,1.0,1.0,0.0
PDB-CPX-103731,5x2j a1 i1,6m30 a2 i1,8,8,1.0,1.0,0.0
PDB-CPX-103731,5x2j a1 i1,6m30 a3 i1,8,8,1.0,1.0,0.0
PDB-CPX-103731,5x2j a1 i1,7ddw a1 i1,8,8,1.0,1.0,0.0
PDB-CPX-103731,5x2j a1 i1,7ddw a2 i1,8,8,1.0,1.0,0.0
PDB-CPX-103731,5x2j a1 i1,7ddw a3 i1,8,8,1.0,1.0,0.0
PDB-CPX-103731,5x2j a1 i1,7w6w a1 i1,8,8,1.0,1.0,0.0
PDB-CPX-103731,5x2j a1 i1,7w6w a2 i1,8,8,0.7778,0.7778,0.0
PDB-CPX-103731,5x2j a1 i1,7wnk a1 i1,8,8,1.0,1.0,0.0
PDB-CPX-103731,5x2j a1 i1,7wnk a2 i1,8,10,0.8,0.8,0.0
PDB-CPX-103731,5x2j a1 i1,7wnl a1 i1,8,10,0.8,0.8,0.0
PDB-CPX-103731,5x2j a1 i1,7wnl a2 i1,8,10,0.8,0.8,0.0
PDB-CPX-103731,6m30 a1 i1,6m30 a2 i1,8,8,1.0,1.0,0.0
PDB-CPX-103731,6m30 a1 i1,6m30 a3 i1,8,8,1.0,1.0,0.0
PDB-CPX-103731,6m30 a1 i1,7ddw a1 i1,8,8,1.0,1.0,0.0
PDB-CPX-103731,6m30 a1 i1,7ddw a2 i1,8,8,1.0,1.0,0.0
PDB-CPX-103731,6m30 a1 i1,7ddw a3 i1,8,8,1.0,1.0,0.0
PDB-CPX-103731,6m30 a1 i1,7w6w a1 i1,8,8,1.0,1.0,0.0
PDB-CPX-103731,6m30 a1 i1,7w6w a2 i1,8,8,0.7778,0.7778,0.0
PDB-CPX-103731,6m30 a1 i1,7wnk a1 i1,8,8,1.0,1.0,0.0
PDB-CPX-103731,6m30 a1 i1,7wnk a2 i1,8,10,0.8,0.8,0.0
PDB-CPX-103731,6m30 a1 i1,7wnl a1 i1,8,10,0.8,0.8,0.0
PDB-CPX-103731,6m30 a1 i1,7wnl a2 i1,8,10,0.8,0.8,0.0
PDB-CPX-103731,6m30 a2 i1,6m30 a3 i1,8,8,1.0,1.0,0.0
PDB-CPX-103731,6m30 a2 i1,7ddw a1 i1,8,8,1.0,1.0,0.0
PDB-CPX-103731,6m30 a2 i1,7ddw a2 i1,8,8,1.0,1.0,0.0
PDB-CPX-103731,6m30 a2 i1,7ddw a3 i1,8,8,1.0,1.0,0.0
PDB-CPX-103731,6m30 a2 i1,7w6w a1 i1,8,8,1.0,1.0,0.0
PDB-CPX-103731,6m30 a2 i1,7w6w a2 i1,8,8,0.7778,0.7778,0.0
PDB-CPX-103731,6m30 a2 i1,7wnk a1 i1,8,8,1.0,1.0,0.0
PDB-CPX-103731,6m30 a2 i1,7wnk a2 i1,8,10,0.8,0.8,0.0
PDB-CPX-103731,6m30 a2 i1,7wnl a1 i1,8,10,0.8,0.8,0.0
PDB-CPX-103731,6m30 a2 i1,7wnl a2 i1,8,10,0.8,0.8,0.0
PDB-CPX-103731,6m30 a3 i1,7ddw a1 i1,8,8,1.0,1.0,0.0
PDB-CPX-103731,6m30 a3 i1,7ddw a2 i1,8,8,1.0,1.0,0.0
PDB-CPX-103731,6m30 a3 i1,7ddw a3 i1,8,8,1.0,1.0,0.0
PDB-CPX-103731,6m30 a3 i1,7w6w a1 i1,8,8,1.0,1.0,0.0
PDB-CPX-103731,6m30 a3 i1,7w6w a2 i1,8,8,0.7778,0.7778,0.0
PDB-CPX-103731,6m30 a3 i1,7wnk a1 i1,8,8,1.0,1.0,0.0
PDB-CPX-103731,6m30 a3 i1,7wnk a2 i1,8,10,0.8,0.8,0.0
PDB-CPX-103731,6m30 a3 i1,7wnl a1 i1,8,10,0.8,0.8,0.0
PDB-CPX-103731,6m30 a3 i1,7wnl a2 i1,8,10,0.8,0.8,0.0
PDB-CPX-103731,7ddw a1 i1,7ddw a2 i1,8,8,1.0,1.0,0.0
PDB-CPX-103731,7ddw a1 i1,7ddw a3 i1,8,8,1.0,1.0,0.0
PDB-CPX-103731,7ddw a1 i1,7w6w a1 i1,8,8,1.0,1.0,0.0
PDB-CPX-103731,7ddw a1 i1,7w6w a2 i1,8,8,0.7778,0.7778,0.0
PDB-CPX-103731,7ddw a1 i1,7wnk a1 i1,8,8,1.0,1.0,0.0
PDB-CPX-103731,7ddw a1 i1,7wnk a2 i1,8,10,0.8,0.8,0.0
PDB-CPX-103731,7ddw a1 i1,7wnl a1 i1,8,10,0.8,0.8,0.0
PDB-CPX-103731,7ddw a1 i1,7wnl a2 i1,8,10,0.8,0.8,0.0
PDB-CPX-103731,7ddw a2 i1,7ddw a3 i1,8,8,1.0,1.0,0.0
PDB-CPX-103731,7ddw a2 i1,7w6w a1 i1,8,8,1.0,1.0,0.0
PDB-CPX-103731,7ddw a2 i1,7w6w a2 i1,8,8,0.7778,0.7778,0.0
PDB-CPX-103731,7ddw a2 i1,7wnk a1 i1,8,8,1.0,1.0,0.0
PDB-CPX-103731,7ddw a2 i1,7wnk a2 i1,8,10,0.8,0.8,0.0
PDB-CPX-103731,7ddw a2 i1,7wnl a1 i1,8,10,0.8,0.8,0.0
PDB-CPX-103731,7ddw a2 i1,7wnl a2 i1,8,10,0.8,0.8,0.0
PDB-CPX-103731,7ddw a3 i1,7w6w a1 i1,8,8,1.0,1.0,0.0
PDB-CPX-103731,7ddw a3 i1,7w6w a2 i1,8,8,0.7778,0.7778,0.0
PDB-CPX-103731,7ddw a3 i1,7wnk a1 i1,8,8,1.0,1.0,0.0
PDB-CPX-103731,7ddw a3 i1,7wnk a2 i1,8,10,0.8,0.8,0.0
PDB-CPX-103731,7ddw a3 i1,7wnl a1 i1,8,10,0.8,0.8,0.0
PDB-CPX-103731,7ddw a3 i1,7wnl a2 i1,8,10,0.8,0.8,0.0
PDB-CPX-103731,7w6w a1 i1,7w6w a2 i1,8,8,0.7778,0.7778,0.0
PDB-CPX-103731,7w6w a1 i1,7wnk a1 i1,8,8,1.0,1.0,0.0
PDB-CPX-103731,7w6w a1 i1,7wnk a2 i1,8,10,0.8,0.8,0.0
PDB-CPX-103731,7w6w a1 i1,7wnl a1 i1,8,10,0.8,0.8,0.0
PDB-CPX-103731,7w6w a1 i1,7wnl a2 i1,8,10,0.8,0.8,0.0
PDB-CPX-103731,7w6w a2 i1,7wnk a1 i1,8,8,0.7778,0.7778,0.0
PDB-CPX-103731,7w6w a2 i1,7wnk a2 i1,8,10,0.6364,0.6364,0.0
PDB-CPX-103731,7w6w a2 i1,7wnl a1 i1,8,10,0.6364,0.6364,0.0
PDB-CPX-103731,7w6w a2 i1,7wnl a2 i1,8,10,0.6364,0.6364,0.0
PDB-CPX-103731,7wnk a1 i1,7wnk a2 i1,8,10,0.8,0.8,0.0
PDB-CPX-103731,7wnk a1 i1,7wnl a1 i1,8,10,0.8,0.8,0.0
PDB-CPX-103731,7wnk a1 i1,7wnl a2 i1,8,10,0.8,0.8,0.0
PDB-CPX-103731,7wnk a2 i1,7wnl a1 i1,10,10,0.6667,0.6667,0.0
PDB-CPX-103731,7wnk a2 i1,7wnl a2 i1,10,10,0.6667,0.6667,0.0
PDB-CPX-103731,7wnl a1 i1,7wnl a2 i1,10,10,1.0,1.0,0.0
PDB-CPX-184823,1yhk a1 i1,1yhl a1 i1,30,30,0.5,0.5,0.0
PDB-CPX-184823,1yhk a1 i1,1yhm a1 i1,30,28,0.6571,0.6571,0.0
PDB-CPX-184823,1yhk a1 i1,1yhm a2 i1,30,28,0.6111,0.6111,0.0
PDB-CPX-184823,1yhk a1 i1,5qpd a1 i1,30,26,0.6471,0.6471,0.0
PDB-CPX-184823,1yhk a1 i1,5qpe a1 i1,30,28,0.7059,0.7059,0.0
PDB-CPX-184823,1yhk a1 i1,5qpf a1 i1,30,30,0.7647,0.7647,0.0
PDB-CPX-184823,1yhk a1 i1,5qpg a1 i1,30,28,0.7059,0.7059,0.0
PDB-CPX-184823,1yhk a1 i1,5qph a1 i1,30,28,0.8125,0.8125,0.0
PDB-CPX-184823,1yhk a1 i1,5qpi a1 i1,30,32,0.7222,0.7222,0.0
PDB-CPX-184823,1yhk a1 i1,5qpj a1 i1,30,28,0.7059,0.7059,0.0
PDB-CPX-184823,1yhk a1 i1,5qpk a1 i1,30,32,0.7222,0.7222,0.0
PDB-CPX-184823,1yhk a1 i1,5qpl a1 i1,30,26,0.6471,0.6471,0.0
PDB-CPX-184823,1yhk a1 i1,5qpm a1 i1,30,28,0.8125,0.8125,0.0
PDB-CPX-184823,1yhk a1 i1,5qpn a1 i1,30,28,0.6111,0.6111,0.0
PDB-CPX-184823,1yhk a1 i1,5qpo a1 i1,30,26,0.5556,0.5556,0.0
PDB-CPX-184823,1yhk a1 i1,5qpp a1 i1,30,28,0.7059,0.7059,0.0
PDB-CPX-184823,1yhk a1 i1,5qpq a1 i1,30,30,0.6667,0.6667,0.0
PDB-CPX-184823,1yhk a1 i1,5qpr a1 i1,30,28,0.7059,0.7059,0.0
PDB-CPX-184823,1yhk a1 i1,5qps a1 i1,30,30,0.7647,0.7647,0.0
PDB-CPX-184823,1yhk a1 i1,5qpt a1 i1,30,30,0.6667,0.6667,0.0
PDB-CPX-184823,1yhk a1 i1,5qpu a1 i1,30,26,0.6471,0.6471,0.0
PDB-CPX-184823,1yhk a1 i1,5qpv a1 i1,30,28,0.7059,0.7059,0.0
PDB-CPX-184823,1yhk a1 i1,5qpw a1 i1,30,28,0.7059,0.7059,0.0
PDB-CPX-184823,1yhk a1 i1,5qpx a1 i1,30,26,0.75,0.75,0.0
PDB-CPX-184823,1yhk a1 i1,5qpy a1 i1,30,32,0.6316,0.6316,0.0
PDB-CPX-184823,1yhk a1 i1,5qpz a1 i1,30,28,0.7059,0.7059,0.0
PDB-CPX-184823,1yhk a1 i1,5qq0 a1 i1,30,26,0.6471,0.6471,0.0
PDB-CPX-184823,1yhk a1 i1,5qq1 a1 i1,30,28,0.7059,0.7059,0.0
PDB-CPX-184823,1yhk a1 i1,5qq2 a1 i1,30,30,0.6667,0.6667,0.0
PDB-CPX-184823,1yhk a1 i1,5qq3 a1 i1,30,28,0.7059,0.7059,0.0
PDB-CPX-184823,1yhk a1 i1,5qq4 a1 i1,30,28,0.7059,0.7059,0.0
PDB-CPX-184823,1yhk a1 i1,5qq5 a1 i1,30,32,0.6316,0.6316,0.0
PDB-CPX-184823,1yhk a1 i1,5qq6 a1 i1,30,28,0.7059,0.7059,0.0
PDB-CPX-184823,1yhk a1 i1,5qq7 a1 i1,30,28,0.7059,0.7059,0.0
PDB-CPX-184823,1yhk a1 i1,5qq8 a1 i1,30,26,0.75,0.75,0.0
PDB-CPX-184823,1yhk a1 i1,5qq9 a1 i1,30,32,0.8235,0.8235,0.0
PDB-CPX-184823,1yhk a1 i1,5qqa a1 i1,30,28,0.6111,0.6111,0.0
PDB-CPX-184823,1yhk a1 i1,5qqb a1 i1,30,30,0.6667,0.6667,0.0
PDB-CPX-184823,1yhk a1 i1,5qqc a1 i1,30,26,0.75,0.75,0.0
PDB-CPX-184823,1yhk a1 i1,6r04 a1 i1,30,28,0.8125,0.8125,0.0
PDB-CPX-184823,1yhk a1 i1,6r05 a1 i1,30,28,0.7059,0.7059,0.0
PDB-CPX-184823,1yhk a1 i1,6r06 a1 i1,30,26,0.6471,0.6471,0.0
PDB-CPX-184823,1yhk a1 i1,6r07 a1 i1,30,26,0.6471,0.6471,0.0
PDB-CPX-184823,1yhk a1 i1,6r08 a1 i1,30,26,0.6471,0.6471,0.0
PDB-CPX-184823,1yhk a1 i1,6r09 a1 i1,30,28,0.7059,0.7059,0.0
PDB-CPX-184823,1yhk a1 i1,6r0a a1 i1,30,28,0.6111,0.6111,0.0
PDB-CPX-184823,1yhk a1 i1,6r0b a1 i1,30,30,0.6667,0.6667,0.0
PDB-CPX-184823,1yhk a1 i1,6sdn a1 i1,30,22,0.625,0.625,0.0
PDB-CPX-184823,1yhk a1 i1,6sdo a1 i1,30,24,0.6875,0.6875,0.0
PDB-CPX-184823,1yhk a1 i1,6sdp a1 i1,30,24,0.6875,0.6875,0.0
PDB-CPX-184823,1yhk a1 i1,6sdq a1 i1,30,22,0.625,0.625,0.0
PDB-CPX-184823,1yhk a1 i1,6se2 a1 i1,30,24,0.5882,0.5882,0.0
PDB-CPX-184823,1yhk a1 i1,6sf8 a1 i1,30,22,0.625,0.625,0.0
PDB-CPX-184823,1yhk a1 i1,6sf9 a1 i1,30,22,0.625,0.625,0.0
PDB-CPX-184823,1yhk a1 i1,6sfa a1 i1,30,20,0.6667,0.6667,0.0
PDB-CPX-184823,1yhk a1 i1,6shv a1 i1,30,32,0.6316,0.6316,0.0
PDB-CPX-184823,1yhk a1 i1,6si5 a1 i1,30,34,0.7778,0.7778,0.0
PDB-CPX-184823,1yhk a1 i1,6t7n a1 i1,30,18,0.6,0.6,0.0
PDB-CPX-184823,1yhl a1 i1,1yhm a1 i1,30,28,0.5676,0.5676,0.0
PDB-CPX-184823,1yhl a1 i1,1yhm a2 i1,30,28,0.7059,0.7059,0.0
PDB-CPX-184823,1yhl a1 i1,5qpd a1 i1,30,26,0.6471,0.6471,0.0
PDB-CPX-184823,1yhl a1 i1,5qpe a1 i1,30,28,0.6111,0.6111,0.0
PDB-CPX-184823,1yhl a1 i1,5qpf a1 i1,30,30,0.6667,0.6667,0.0
PDB-CPX-184823,1yhl a1 i1,5qpg a1 i1,30,28,0.6111,0.6111,0.0
PDB-CPX-184823,1yhl a1 i1,5qph a1 i1,30,28,0.6111,0.6111,0.0
PDB-CPX-184823,1yhl a1 i1,5qpi a1 i1,30,32,0.6316,0.6316,0.0
PDB-CPX-184823,1yhl a1 i1,5qpj a1 i1,30,28,0.7059,0.7059,0.0
PDB-CPX-184823,1yhl a1 i1,5qpk a1 i1,30,32,0.6316,0.6316,0.0
PDB-CPX-184823,1yhl a1 i1,5qpl a1 i1,30,26,0.6471,0.6471,0.0
PDB-CPX-184823,1yhl a1 i1,5qpm a1 i1,30,28,0.6111,0.6111,0.0
PDB-CPX-184823,1yhl a1 i1,5qpn a1 i1,30,28,0.7059,0.7059,0.0
PDB-CPX-184823,1yhl a1 i1,5qpo a1 i1,30,26,0.6471,0.6471,0.0
PDB-CPX-184823,1yhl a1 i1,5qpp a1 i1,30,28,0.6111,0.6111,0.0
PDB-CPX-184823,1yhl a1 i1,5qpq a1 i1,30,30,0.6667,0.6667,0.0
PDB-CPX-184823,1yhl a1 i1,5qpr a1 i1,30,28,0.7059,0.7059,0.0
PDB-CPX-184823,1yhl a1 i1,5qps a1 i1,30,30,0.5789,0.5789,0.0
PDB-CPX-184823,1yhl a1 i1,5qpt a1 i1,30,30,0.6667,0.6667,0.0
PDB-CPX-184823,1yhl a1 i1,5qpu a1 i1,30,26,0.6471,0.6471,0.0
PDB-CPX-184823,1yhl a1 i1,5qpv a1 i1,30,28,0.6111,0.6111,0.0
PDB-CPX-184823,1yhl a1 i1,5qpw a1 i1,30,28,0.6111,0.6111,0.0
PDB-CPX-184823,1yhl a1 i1,5qpx a1 i1,30,26,0.6471,0.6471,0.0
PDB-CPX-184823,1yhl a1 i1,5qpy a1 i1,30,32,0.6316,0.6316,0.0
PDB-CPX-184823,1yhl a1 i1,5qpz a1 i1,30,28,0.6111,0.6111,0.0
PDB-CPX-184823,1yhl a1 i1,5qq0 a1 i1,30,26,0.6471,0.6471,0.0
PDB-CPX-184823,1yhl a1 i1,5qq1 a1 i1,30,28,0.6111,0.6111,0.0
PDB-CPX-184823,1yhl a1 i1,5qq2 a1 i1,30,30,0.6667,0.6667,0.0
PDB-CPX-184823,1yhl a1 i1,5qq3 a1 i1,30,28,0.6111,0.6111,0.0
PDB-CPX-184823,1yhl a1 i1,5qq4 a1 i1,30,28,0.6111,0.6111,0.0
PDB-CPX-184823,1yhl a1 i1,5qq5 a1 i1,30,32,0.6316,0.6316,0.0
PDB-CPX-184823,1yhl a1 i1,5qq6 a1 i1,30,28,0.7059,0.7059,0.0
PDB-CPX-184823,1yhl a1 i1,5qq7 a1 i1,30,28,0.6111,0.6111,0.0
PDB-CPX-184823,1yhl a1 i1,5qq8 a1 i1,30,26,0.6471,0.6471,0.0
PDB-CPX-184823,1yhl a1 i1,5qq9 a1 i1,30,32,0.4762,0.4762,0.0
PDB-CPX-184823,1yhl a1 i1,5qqa a1 i1,30,28,0.6111,0.6111,0.0
PDB-CPX-184823,1yhl a1 i1,5qqb a1 i1,30,30,0.6667,0.6667,0.0
PDB-CPX-184823,1yhl a1 i1,5qqc a1 i1,30,26,0.6471,0.6471,0.0
PDB-CPX-184823,1yhl a1 i1,6r04 a1 i1,30,28,0.6111,0.6111,0.0
PDB-CPX-184823,1yhl a1 i1,6r05 a1 i1,30,28,0.6111,0.6111,0.0
PDB-CPX-184823,1yhl a1 i1,6r06 a1 i1,30,26,0.75,0.75,0.0
PDB-CPX-184823,1yhl a1 i1,6r07 a1 i1,30,26,0.75,0.75,0.0
PDB-CPX-184823,1yhl a1 i1,6r08 a1 i1,30,26,0.6471,0.6471,0.0
PDB-CPX-184823,1yhl a1 i1,6r09 a1 i1,30,28,0.7059,0.7059,0.0
PDB-CPX-184823,1yhl a1 i1,6r0a a1 i1,30,28,0.8125,0.8125,0.0
PDB-CPX-184823,1yhl a1 i1,6r0b a1 i1,30,30,0.7647,0.7647,0.0
PDB-CPX-184823,1yhl a1 i1,6sdn a1 i1,30,22,0.7333,0.7333,0.0
PDB-CPX-184823,1yhl a1 i1,6sdo a1 i1,30,24,0.6875,0.6875,0.0
PDB-CPX-184823,1yhl a1 i1,6sdp a1 i1,30,24,0.6875,0.6875,0.0
PDB-CPX-184823,1yhl a1 i1,6sdq a1 i1,30,22,0.7333,0.7333,0.0
PDB-CPX-184823,1yhl a1 i1,6se2 a1 i1,30,24,0.8,0.8,0.0
PDB-CPX-184823,1yhl a1 i1,6sf8 a1 i1,30,22,0.625,0.625,0.0
PDB-CPX-184823,1yhl a1 i1,6sf9 a1 i1,30,22,0.7333,0.7333,0.0
PDB-CPX-184823,1yhl a1 i1,6sfa a1 i1,30,20,0.5625,0.5625,0.0
PDB-CPX-184823,1yhl a1 i1,6shv a1 i1,30,32,0.7222,0.7222,0.0
PDB-CPX-184823,1yhl a1 i1,6si5 a1 i1,30,34,0.6,0.6,0.0
PDB-CPX-184823,1yhl a1 i1,6t7n a1 i1,30,18,0.5,0.5,0.0
PDB-CPX-184823,1yhm a1 i1,1yhm a2 i1,28,28,0.6,0.6,0.0
PDB-CPX-184823,1yhm a1 i1,5qpd a1 i1,28,26,0.5429,0.5429,0.0
PDB-CPX-184823,1yhm a1 i1,5qpe a1 i1,28,28,0.5556,0.5556,0.0
PDB-CPX-184823,1yhm a1 i1,5qpf a1 i1,28,30,0.5676,0.5676,0.0
PDB-CPX-184823,1yhm a1 i1,5qpg a1 i1,28,28,0.5556,0.5556,0.0
PDB-CPX-184823,1yhm a1 i1,5qph a1 i1,28,28,0.5556,0.5556,0.0
PDB-CPX-184823,1yhm a1 i1,5qpi a1 i1,28,32,0.5385,0.5385,0.0
PDB-CPX-184823,1yhm a1 i1,5qpj a1 i1,28,28,0.5556,0.5556,0.0
PDB-CPX-184823,1yhm a1 i1,5qpk a1 i1,28,32,0.5385,0.5385,0.0
PDB-CPX-184823,1yhm a1 i1,5qpl a1 i1,28,26,0.5429,0.5429,0.0
PDB-CPX-184823,1yhm a1 i1,5qpm a1 i1,28,28,0.5556,0.5556,0.0
PDB-CPX-184823,1yhm a1 i1,5qpn a1 i1,28,28,0.5556,0.5556,0.0
PDB-CPX-184823,1yhm a1 i1,5qpo a1 i1,28,26,0.4595,0.4595,0.0
PDB-CPX-184823,1yhm a1 i1,5qpp a1 i1,28,28,0.5135,0.5135,0.0
PDB-CPX-184823,1yhm a1 i1,5qpq a1 i1,28,30,0.5263,0.5263,0.0
PDB-CPX-184823,1yhm a1 i1,5qpr a1 i1,28,28,0.5556,0.5556,0.0
PDB-CPX-184823,1yhm a1 i1,5qps a1 i1,28,30,0.6111,0.6111,0.0
PDB-CPX-184823,1yhm a1 i1,5qpt a1 i1,28,30,0.5676,0.5676,0.0
PDB-CPX-184823,1yhm a1 i1,5qpu a1 i1,28,26,0.5429,0.5429,0.0
PDB-CPX-184823,1yhm a1 i1,5qpv a1 i1,28,28,0.5135,0.5135,0.0
PDB-CPX-184823,1yhm a1 i1,5qpw a1 i1,28,28,0.5556,0.5556,0.0
PDB-CPX-184823,1yhm a1 i1,5qpx a1 i1,28,26,0.5882,0.5882,0.0
PDB-CPX-184823,1yhm a1 i1,5qpy a1 i1,28,32,0.5,0.5,0.0
PDB-CPX-184823,1yhm a1 i1,5qpz a1 i1,28,28,0.5556,0.5556,0.0
PDB-CPX-184823,1yhm a1 i1,5qq0 a1 i1,28,26,0.5429,0.5429,0.0
PDB-CPX-184823,1yhm a1 i1,5qq1 a1 i1,28,28,0.5556,0.5556,0.0
PDB-CPX-184823,1yhm a1 i1,5qq2 a1 i1,28,30,0.5676,0.5676,0.0
PDB-CPX-184823,1yhm a1 i1,5qq3 a1 i1,28,28,0.5556,0.5556,0.0
PDB-CPX-184823,1yhm a1 i1,5qq4 a1 i1,28,28,0.5556,0.5556,0.0
PDB-CPX-184823,1yhm a1 i1,5qq5 a1 i1,28,32,0.5,0.5,0.0
PDB-CPX-184823,1yhm a1 i1,5qq6 a1 i1,28,28,0.5556,0.5556,0.0
PDB-CPX-184823,1yhm a1 i1,5qq7 a1 i1,28,28,0.5556,0.5556,0.0
PDB-CPX-184823,1yhm a1 i1,5qq8 a1 i1,28,26,0.5429,0.5429,0.0
PDB-CPX-184823,1yhm a1 i1,5qq9 a1 i1,28,32,0.5789,0.5789,0.0
PDB-CPX-184823,1yhm a1 i1,5qqa a1 i1,28,28,0.5556,0.5556,0.0
PDB-CPX-184823,1yhm a1 i1,5qqb a1 i1,28,30,0.5676,0.5676,0.0
PDB-CPX-184823,1yhm a1 i1,5qqc a1 i1,28,26,0.5882,0.5882,0.0
PDB-CPX-184823,1yhm a1 i1,6r04 a1 i1,28,28,0.5556,0.5556,0.0
PDB-CPX-184823,1yhm a1 i1,6r05 a1 i1,28,28,0.6,0.6,0.0
PDB-CPX-184823,1yhm a1 i1,6r06 a1 i1,28,26,0.5882,0.5882,0.0
PDB-CPX-184823,1yhm a1 i1,6r07 a1 i1,28,26,0.5882,0.5882,0.0
PDB-CPX-184823,1yhm a1 i1,6r08 a1 i1,28,26,0.5429,0.5429,0.0
PDB-CPX-184823,1yhm a1 i1,6r09 a1 i1,28,28,0.5135,0.5135,0.0
PDB-CPX-184823,1yhm a1 i1,6r0a a1 i1,28,28,0.5556,0.5556,0.0
PDB-CPX-184823,1yhm a1 i1,6r0b a1 i1,28,30,0.5263,0.5263,0.0
PDB-CPX-184823,1yhm a1 i1,6sdn a1 i1,28,22,0.6129,0.6129,0.0
PDB-CPX-184823,1yhm a1 i1,6sdo a1 i1,28,24,0.5758,0.5758,0.0
PDB-CPX-184823,1yhm a1 i1,6sdp a1 i1,28,24,0.5758,0.5758,0.0
PDB-CPX-184823,1yhm a1 i1,6sdq a1 i1,28,22,0.6129,0.6129,0.0
PDB-CPX-184823,1yhm a1 i1,6se2 a1 i1,28,24,0.625,0.625,0.0
PDB-CPX-184823,1yhm a1 i1,6sf8 a1 i1,28,22,0.6667,0.6667,0.0
PDB-CPX-184823,1yhm a1 i1,6sf9 a1 i1,28,22,0.6667,0.6667,0.0
PDB-CPX-184823,1yhm a1 i1,6sfa a1 i1,28,20,0.5484,0.5484,0.0
PDB-CPX-184823,1yhm a1 i1,6shv a1 i1,28,32,0.5,0.5,0.0
PDB-CPX-184823,1yhm a1 i1,6si5 a1 i1,28,34,0.55,0.55,0.0
PDB-CPX-184823,1yhm a1 i1,6t7n a1 i1,28,18,0.6429,0.6429,0.0
PDB-CPX-184823,1yhm a2 i1,5qpd a1 i1,28,26,0.6875,0.6875,0.0
PDB-CPX-184823,1yhm a2 i1,5qpe a1 i1,28,28,0.75,0.75,0.0
PDB-CPX-184823,1yhm a2 i1,5qpf a1 i1,28,30,0.8125,0.8125,0.0
PDB-CPX-184823,1yhm a2 i1,5qpg a1 i1,28,28,0.75,0.75,0.0
PDB-CPX-184823,1yhm a2 i1,5qph a1 i1,28,28,0.75,0.75,0.0
PDB-CPX-184823,1yhm a2 i1,5qpi a1 i1,28,32,0.7647,0.7647,0.0
PDB-CPX-184823,1yhm a2 i1,5qpj a1 i1,28,28,0.75,0.75,0.0
PDB-CPX-184823,1yhm a2 i1,5qpk a1 i1,28,32,0.7647,0.7647,0.0
PDB-CPX-184823,1yhm a2 i1,5qpl a1 i1,28,26,0.6875,0.6875,0.0
PDB-CPX-184823,1yhm a2 i1,5qpm a1 i1,28,28,0.75,0.75,0.0
PDB-CPX-184823,1yhm a2 i1,5qpn a1 i1,28,28,0.75,0.75,0.0
PDB-CPX-184823,1yhm a2 i1,5qpo a1 i1,28,26,0.5882,0.5882,0.0
PDB-CPX-184823,1yhm a2 i1,5qpp a1 i1,28,28,0.6471,0.6471,0.0
PDB-CPX-184823,1yhm a2 i1,5qpq a1 i1,28,30,0.7059,0.7059,0.0
PDB-CPX-184823,1yhm a2 i1,5qpr a1 i1,28,28,0.75,0.75,0.0
PDB-CPX-184823,1yhm a2 i1,5qps a1 i1,28,30,0.7059,0.7059,0.0
PDB-CPX-184823,1yhm a2 i1,5qpt a1 i1,28,30,0.8125,0.8125,0.0
PDB-CPX-184823,1yhm a2 i1,5qpu a1 i1,28,26,0.6875,0.6875,0.0
PDB-CPX-184823,1yhm a2 i1,5qpv a1 i1,28,28,0.6471,0.6471,0.0
PDB-CPX-184823,1yhm a2 i1,5qpw a1 i1,28,28,0.75,0.75,0.0
PDB-CPX-184823,1yhm a2 i1,5qpx a1 i1,28,26,0.8,0.8,0.0
PDB-CPX-184823,1yhm a2 i1,5qpy a1 i1,28,32,0.6667,0.6667,0.0
PDB-CPX-184823,1yhm a2 i1,5qpz a1 i1,28,28,0.75,0.75,0.0
PDB-CPX-184823,1yhm a2 i1,5qq0 a1 i1,28,26,0.6875,0.6875,0.0
PDB-CPX-184823,1yhm a2 i1,5qq1 a1 i1,28,28,0.75,0.75,0.0
PDB-CPX-184823,1yhm a2 i1,5qq2 a1 i1,28,30,0.8125,0.8125,0.0
PDB-CPX-184823,1yhm a2 i1,5qq3 a1 i1,28,28,0.75,0.75,0.0
PDB-CPX-184823,1yhm a2 i1,5qq4 a1 i1,28,28,0.75,0.75,0.0
PDB-CPX-184823,1yhm a2 i1,5qq5 a1 i1,28,32,0.6667,0.6667,0.0
PDB-CPX-184823,1yhm a2 i1,5qq6 a1 i1,28,28,0.75,0.75,0.0
PDB-CPX-184823,1yhm a2 i1,5qq7 a1 i1,28,28,0.75,0.75,0.0
PDB-CPX-184823,1yhm a2 i1,5qq8 a1 i1,28,26,0.6875,0.6875,0.0
PDB-CPX-184823,1yhm a2 i1,5qq9 a1 i1,28,32,0.5789,0.5789,0.0
PDB-CPX-184823,1yhm a2 i1,5qqa a1 i1,28,28,0.75,0.75,0.0
PDB-CPX-184823,1yhm a2 i1,5qqb a1 i1,28,30,0.8125,0.8125,0.0
PDB-CPX-184823,1yhm a2 i1,5qqc a1 i1,28,26,0.8,0.8,0.0
PDB-CPX-184823,1yhm a2 i1,6r04 a1 i1,28,28,0.75,0.75,0.0
PDB-CPX-184823,1yhm a2 i1,6r05 a1 i1,28,28,0.6471,0.6471,0.0
PDB-CPX-184823,1yhm a2 i1,6r06 a1 i1,28,26,0.8,0.8,0.0
PDB-CPX-184823,1yhm a2 i1,6r07 a1 i1,28,26,0.8,0.8,0.0
PDB-CPX-184823,1yhm a2 i1,6r08 a1 i1,28,26,0.6875,0.6875,0.0
PDB-CPX-184823,1yhm a2 i1,6r09 a1 i1,28,28,0.6471,0.6471,0.0
PDB-CPX-184823,1yhm a2 i1,6r0a a1 i1,28,28,0.75,0.75,0.0
PDB-CPX-184823,1yhm a2 i1,6r0b a1 i1,28,30,0.7059,0.7059,0.0
PDB-CPX-184823,1yhm a2 i1,6sdn a1 i1,28,22,0.7857,0.7857,0.0
PDB-CPX-184823,1yhm a2 i1,6sdo a1 i1,28,24,0.7333,0.7333,0.0
PDB-CPX-184823,1yhm a2 i1,6sdp a1 i1,28,24,0.7333,0.7333,0.0
PDB-CPX-184823,1yhm a2 i1,6sdq a1 i1,28,22,0.7857,0.7857,0.0
PDB-CPX-184823,1yhm a2 i1,6se2 a1 i1,28,24,0.8571,0.8571,0.0
PDB-CPX-184823,1yhm a2 i1,6sf8 a1 i1,28,22,0.6667,0.6667,0.0
PDB-CPX-184823,1yhm a2 i1,6sf9 a1 i1,28,22,0.7857,0.7857,0.0
PDB-CPX-184823,1yhm a2 i1,6sfa a1 i1,28,20,0.6,0.6,0.0
PDB-CPX-184823,1yhm a2 i1,6shv a1 i1,28,32,0.6667,0.6667,0.0
PDB-CPX-184823,1yhm a2 i1,6si5 a1 i1,28,34,0.7222,0.7222,0.0
PDB-CPX-184823,1yhm a2 i1,6t7n a1 i1,28,18,0.5333,0.5333,0.0
PDB-CPX-184823,5qpd a1 i1,5qpe a1 i1,26,28,0.8,0.8,0.0
PDB-CPX-184823,5qpd a1 i1,5qpf a1 i1,26,30,0.75,0.75,0.0
PDB-CPX-184823,5qpd a1 i1,5qpg a1 i1,26,28,0.8,0.8,0.0
PDB-CPX-184823,5qpd a1 i1,5qph a1 i1,26,28,0.8,0.8,0.0
PDB-CPX-184823,5qpd a1 i1,5qpi a1 i1,26,32,0.7059,0.7059,0.0
PDB-CPX-184823,5qpd a1 i1,5qpj a1 i1,26,28,0.8,0.8,0.0
PDB-CPX-184823,5qpd a1 i1,5qpk a1 i1,26,32,0.7059,0.7059,0.0
PDB-CPX-184823,5qpd a1 i1,5qpl a1 i1,26,26,0.8571,0.8571,0.0
PDB-CPX-184823,5qpd a1 i1,5qpm a1 i1,26,28,0.8,0.8,0.0
PDB-CPX-184823,5qpd a1 i1,5qpn a1 i1,26,28,0.8,0.8,0.0
PDB-CPX-184823,5qpd a1 i1,5qpo a1 i1,26,26,0.7333,0.7333,0.0
PDB-CPX-184823,5qpd a1 i1,5qpp a1 i1,26,28,0.8,0.8,0.0
PDB-CPX-184823,5qpd a1 i1,5qpq a1 i1,26,30,0.75,0.75,0.0
PDB-CPX-184823,5qpd a1 i1,5qpr a1 i1,26,28,0.8,0.8,0.0
PDB-CPX-184823,5qpd a1 i1,5qps a1 i1,26,30,0.75,0.75,0.0
PDB-CPX-184823,5qpd a1 i1,5qpt a1 i1,26,30,0.75,0.75,0.0
PDB-CPX-184823,5qpd a1 i1,5qpu a1 i1,26,26,0.8571,0.8571,0.0
PDB-CPX-184823,5qpd a1 i1,5qpv a1 i1,26,28,0.6875,0.6875,0.0
PDB-CPX-184823,5qpd a1 i1,5qpw a1 i1,26,28,0.8,0.8,0.0
PDB-CPX-184823,5qpd a1 i1,5qpx a1 i1,26,26,0.8571,0.8571,0.0
PDB-CPX-184823,5qpd a1 i1,5qpy a1 i1,26,32,0.8125,0.8125,0.0
PDB-CPX-184823,5qpd a1 i1,5qpz a1 i1,26,28,0.8,0.8,0.0
PDB-CPX-184823,5qpd a1 i1,5qq0 a1 i1,26,26,0.8571,0.8571,0.0
PDB-CPX-184823,5qpd a1 i1,5qq1 a1 i1,26,28,0.9286,0.9286,0.0
PDB-CPX-184823,5qpd a1 i1,5qq2 a1 i1,26,30,0.75,0.75,0.0
PDB-CPX-184823,5qpd a1 i1,5qq3 a1 i1,26,28,0.8,0.8,0.0
PDB-CPX-184823,5qpd a1 i1,5qq4 a1 i1,26,28,0.9286,0.9286,0.0
PDB-CPX-184823,5qpd a1 i1,5qq5 a1 i1,26,32,0.8125,0.8125,0.0
PDB-CPX-184823,5qpd a1 i1,5qq6 a1 i1,26,28,0.8,0.8,0.0
PDB-CPX-184823,5qpd a1 i1,5qq7 a1 i1,26,28,0.8,0.8,0.0
PDB-CPX-184823,5qpd a1 i1,5qq8 a1 i1,26,26,0.8571,0.8571,0.0
PDB-CPX-184823,5qpd a1 i1,5qq9 a1 i1,26,32,0.6111,0.6111,0.0
PDB-CPX-184823,5qpd a1 i1,5qqa a1 i1,26,28,0.6875,0.6875,0.0
PDB-CPX-184823,5qpd a1 i1,5qqb a1 i1,26,30,0.75,0.75,0.0
PDB-CPX-184823,5qpd a1 i1,5qqc a1 i1,26,26,0.8571,0.8571,0.0
PDB-CPX-184823,5qpd a1 i1,6r04 a1 i1,26,28,0.8,0.8,0.0
PDB-CPX-184823,5qpd a1 i1,6r05 a1 i1,26,28,0.8,0.8,0.0
PDB-CPX-184823,5qpd a1 i1,6r06 a1 i1,26,26,0.8571,0.8571,0.0
PDB-CPX-184823,5qpd a1 i1,6r07 a1 i1,26,26,0.8571,0.8571,0.0
PDB-CPX-184823,5qpd a1 i1,6r08 a1 i1,26,26,0.8571,0.8571,0.0
PDB-CPX-184823,5qpd a1 i1,6r09 a1 i1,26,28,0.8,0.8,0.0
PDB-CPX-184823,5qpd a1 i1,6r0a a1 i1,26,28,0.8,0.8,0.0
PDB-CPX-184823,5qpd a1 i1,6r0b a1 i1,26,30,0.75,0.75,0.0
PDB-CPX-184823,5qpd a1 i1,6sdn a1 i1,26,22,0.8462,0.8462,0.0
PDB-CPX-184823,5qpd a1 i1,6sdo a1 i1,26,24,0.9231,0.9231,0.0
PDB-CPX-184823,5qpd a1 i1,6sdp a1 i1,26,24,0.9231,0.9231,0.0
PDB-CPX-184823,5qpd a1 i1,6sdq a1 i1,26,22,0.8462,0.8462,0.0
PDB-CPX-184823,5qpd a1 i1,6se2 a1 i1,26,24,0.7857,0.7857,0.0
PDB-CPX-184823,5qpd a1 i1,6sf8 a1 i1,26,22,0.6,0.6,0.0
PDB-CPX-184823,5qpd a1 i1,6sf9 a1 i1,26,22,0.7143,0.7143,0.0
PDB-CPX-184823,5qpd a1 i1,6sfa a1 i1,26,20,0.7692,0.7692,0.0
PDB-CPX-184823,5qpd a1 i1,6shv a1 i1,26,32,0.7059,0.7059,0.0
PDB-CPX-184823,5qpd a1 i1,6si5 a1 i1,26,34,0.6667,0.6667,0.0
PDB-CPX-184823,5qpd a1 i1,6t7n a1 i1,26,18,0.5714,0.5714,0.0
PDB-CPX-184823,5qpe a1 i1,5qpf a1 i1,28,30,0.8125,0.8125,0.0
PDB-CPX-184823,5qpe a1 i1,5qpg a1 i1,28,28,1.0,1.0,0.0
PDB-CPX-184823,5qpe a1 i1,5qph a1 i1,28,28,0.8667,0.8667,0.0
PDB-CPX-184823,5qpe a1 i1,5qpi a1 i1,28,32,0.875,0.875,0.0
PDB-CPX-184823,5qpe a1 i1,5qpj a1 i1,28,28,0.75,0.75,0.0
PDB-CPX-184823,5qpe a1 i1,5qpk a1 i1,28,32,0.875,0.875,0.0
PDB-CPX-184823,5qpe a1 i1,5qpl a1 i1,28,26,0.9286,0.9286,0.0
PDB-CPX-184823,5qpe a1 i1,5qpm a1 i1,28,28,0.8667,0.8667,0.0
PDB-CPX-184823,5qpe a1 i1,5qpn a1 i1,28,28,0.8667,0.8667,0.0
PDB-CPX-184823,5qpe a1 i1,5qpo a1 i1,28,26,0.8,0.8,0.0
PDB-CPX-184823,5qpe a1 i1,5qpp a1 i1,28,28,0.8667,0.8667,0.0
PDB-CPX-184823,5qpe a1 i1,5qpq a1 i1,28,30,0.8125,0.8125,0.0
PDB-CPX-184823,5qpe a1 i1,5qpr a1 i1,28,28,0.75,0.75,0.0
PDB-CPX-184823,5qpe a1 i1,5qps a1 i1,28,30,0.9333,0.9333,0.0
PDB-CPX-184823,5qpe a1 i1,5qpt a1 i1,28,30,0.9333,0.9333,0.0
PDB-CPX-184823,5qpe a1 i1,5qpu a1 i1,28,26,0.9286,0.9286,0.0
PDB-CPX-184823,5qpe a1 i1,5qpv a1 i1,28,28,0.75,0.75,0.0
PDB-CPX-184823,5qpe a1 i1,5qpw a1 i1,28,28,1.0,1.0,0.0
PDB-CPX-184823,5qpe a1 i1,5qpx a1 i1,28,26,0.9286,0.9286,0.0
PDB-CPX-184823,5qpe a1 i1,5qpy a1 i1,28,32,0.875,0.875,0.0
PDB-CPX-184823,5qpe a1 i1,5qpz a1 i1,28,28,1.0,1.0,0.0
PDB-CPX-184823,5qpe a1 i1,5qq0 a1 i1,28,26,0.9286,0.9286,0.0
PDB-CPX-184823,5qpe a1 i1,5qq1 a1 i1,28,28,0.8667,0.8667,0.0
PDB-CPX-184823,5qpe a1 i1,5qq2 a1 i1,28,30,0.9333,0.9333,0.0
PDB-CPX-184823,5qpe a1 i1,5qq3 a1 i1,28,28,1.0,1.0,0.0
PDB-CPX-184823,5qpe a1 i1,5qq4 a1 i1,28,28,0.8667,0.8667,0.0
PDB-CPX-184823,5qpe a1 i1,5qq5 a1 i1,28,32,0.875,0.875,0.0
PDB-CPX-184823,5qpe a1 i1,5qq6 a1 i1,28,28,0.8667,0.8667,0.0
PDB-CPX-184823,5qpe a1 i1,5qq7 a1 i1,28,28,1.0,1.0,0.0
PDB-CPX-184823,5qpe a1 i1,5qq8 a1 i1,28,26,0.8,0.8,0.0
PDB-CPX-184823,5qpe a1 i1,5qq9 a1 i1,28,32,0.7647,0.7647,0.0
PDB-CPX-184823,5qpe a1 i1,5qqa a1 i1,28,28,0.75,0.75,0.0
PDB-CPX-184823,5qpe a1 i1,5qqb a1 i1,28,30,0.9333,0.9333,0.0
PDB-CPX-184823,5qpe a1 i1,5qqc a1 i1,28,26,0.9286,0.9286,0.0
PDB-CPX-184823,5qpe a1 i1,6r04 a1 i1,28,28,0.8667,0.8667,0.0
PDB-CPX-184823,5qpe a1 i1,6r05 a1 i1,28,28,0.8667,0.8667,0.0
PDB-CPX-184823,5qpe a1 i1,6r06 a1 i1,28,26,0.8,0.8,0.0
PDB-CPX-184823,5qpe a1 i1,6r07 a1 i1,28,26,0.8,0.8,0.0
PDB-CPX-184823,5qpe a1 i1,6r08 a1 i1,28,26,0.9286,0.9286,0.0
PDB-CPX-184823,5qpe a1 i1,6r09 a1 i1,28,28,0.75,0.75,0.0
PDB-CPX-184823,5qpe a1 i1,6r0a a1 i1,28,28,0.75,0.75,0.0
PDB-CPX-184823,5qpe a1 i1,6r0b a1 i1,28,30,0.7059,0.7059,0.0
PDB-CPX-184823,5qpe a1 i1,6sdn a1 i1,28,22,0.7857,0.7857,0.0
PDB-CPX-184823,5qpe a1 i1,6sdo a1 i1,28,24,0.8571,0.8571,0.0
PDB-CPX-184823,5qpe a1 i1,6sdp a1 i1,28,24,0.8571,0.8571,0.0
PDB-CPX-184823,5qpe a1 i1,6sdq a1 i1,28,22,0.7857,0.7857,0.0
PDB-CPX-184823,5qpe a1 i1,6se2 a1 i1,28,24,0.7333,0.7333,0.0
PDB-CPX-184823,5qpe a1 i1,6sf8 a1 i1,28,22,0.5625,0.5625,0.0
PDB-CPX-184823,5qpe a1 i1,6sf9 a1 i1,28,22,0.6667,0.6667,0.0
PDB-CPX-184823,5qpe a1 i1,6sfa a1 i1,28,20,0.7143,0.7143,0.0
PDB-CPX-184823,5qpe a1 i1,6shv a1 i1,28,32,0.7647,0.7647,0.0
PDB-CPX-184823,5qpe a1 i1,6si5 a1 i1,28,34,0.8235,0.8235,0.0
PDB-CPX-184823,5qpe a1 i1,6t7n a1 i1,28,18,0.5333,0.5333,0.0
PDB-CPX-184823,5qpf a1 i1,5qpg a1 i1,30,28,0.8125,0.8125,0.0
PDB-CPX-184823,5qpf a1 i1,5qph a1 i1,30,28,0.9333,0.9333,0.0
PDB-CPX-184823,5qpf a1 i1,5qpi a1 i1,30,32,0.9375,0.9375,0.0
PDB-CPX-184823,5qpf a1 i1,5qpj a1 i1,30,28,0.9333,0.9333,0.0
PDB-CPX-184823,5qpf a1 i1,5qpk a1 i1,30,32,0.9375,0.9375,0.0
PDB-CPX-184823,5qpf a1 i1,5qpl a1 i1,30,26,0.75,0.75,0.0
PDB-CPX-184823,5qpf a1 i1,5qpm a1 i1,30,28,0.9333,0.9333,0.0
PDB-CPX-184823,5qpf a1 i1,5qpn a1 i1,30,28,0.8125,0.8125,0.0
PDB-CPX-184823,5qpf a1 i1,5qpo a1 i1,30,26,0.6471,0.6471,0.0
PDB-CPX-184823,5qpf a1 i1,5qpp a1 i1,30,28,0.8125,0.8125,0.0
PDB-CPX-184823,5qpf a1 i1,5qpq a1 i1,30,30,0.875,0.875,0.0
PDB-CPX-184823,5qpf a1 i1,5qpr a1 i1,30,28,0.9333,0.9333,0.0
PDB-CPX-184823,5qpf a1 i1,5qps a1 i1,30,30,0.7647,0.7647,0.0
PDB-CPX-184823,5qpf a1 i1,5qpt a1 i1,30,30,0.875,0.875,0.0
PDB-CPX-184823,5qpf a1 i1,5qpu a1 i1,30,26,0.75,0.75,0.0
PDB-CPX-184823,5qpf a1 i1,5qpv a1 i1,30,28,0.8125,0.8125,0.0
PDB-CPX-184823,5qpf a1 i1,5qpw a1 i1,30,28,0.8125,0.8125,0.0
PDB-CPX-184823,5qpf a1 i1,5qpx a1 i1,30,26,0.8667,0.8667,0.0
PDB-CPX-184823,5qpf a1 i1,5qpy a1 i1,30,32,0.7222,0.7222,0.0
PDB-CPX-184823,5qpf a1 i1,5qpz a1 i1,30,28,0.8125,0.8125,0.0
PDB-CPX-184823,5qpf a1 i1,5qq0 a1 i1,30,26,0.75,0.75,0.0
PDB-CPX-184823,5qpf a1 i1,5qq1 a1 i1,30,28,0.8125,0.8125,0.0
PDB-CPX-184823,5qpf a1 i1,5qq2 a1 i1,30,30,0.875,0.875,0.0
PDB-CPX-184823,5qpf a1 i1,5qq3 a1 i1,30,28,0.8125,0.8125,0.0
PDB-CPX-184823,5qpf a1 i1,5qq4 a1 i1,30,28,0.8125,0.8125,0.0
PDB-CPX-184823,5qpf a1 i1,5qq5 a1 i1,30,32,0.7222,0.7222,0.0
PDB-CPX-184823,5qpf a1 i1,5qq6 a1 i1,30,28,0.8125,0.8125,0.0
PDB-CPX-184823,5qpf a1 i1,5qq7 a1 i1,30,28,0.8125,0.8125,0.0
PDB-CPX-184823,5qpf a1 i1,5qq8 a1 i1,30,26,0.8667,0.8667,0.0
PDB-CPX-184823,5qpf a1 i1,5qq9 a1 i1,30,32,0.7222,0.7222,0.0
PDB-CPX-184823,5qpf a1 i1,5qqa a1 i1,30,28,0.8125,0.8125,0.0
PDB-CPX-184823,5qpf a1 i1,5qqb a1 i1,30,30,0.875,0.875,0.0
PDB-CPX-184823,5qpf a1 i1,5qqc a1 i1,30,26,0.8667,0.8667,0.0
PDB-CPX-184823,5qpf a1 i1,6r04 a1 i1,30,28,0.9333,0.9333,0.0
PDB-CPX-184823,5qpf a1 i1,6r05 a1 i1,30,28,0.7059,0.7059,0.0
PDB-CPX-184823,5qpf a1 i1,6r06 a1 i1,30,26,0.8667,0.8667,0.0
PDB-CPX-184823,5qpf a1 i1,6r07 a1 i1,30,26,0.8667,0.8667,0.0
PDB-CPX-184823,5qpf a1 i1,6r08 a1 i1,30,26,0.75,0.75,0.0
PDB-CPX-184823,5qpf a1 i1,6r09 a1 i1,30,28,0.8125,0.8125,0.0
PDB-CPX-184823,5qpf a1 i1,6r0a a1 i1,30,28,0.8125,0.8125,0.0
PDB-CPX-184823,5qpf a1 i1,6r0b a1 i1,30,30,0.875,0.875,0.0
PDB-CPX-184823,5qpf a1 i1,6sdn a1 i1,30,22,0.7333,0.7333,0.0
PDB-CPX-184823,5qpf a1 i1,6sdo a1 i1,30,24,0.8,0.8,0.0
PDB-CPX-184823,5qpf a1 i1,6sdp a1 i1,30,24,0.8,0.8,0.0
PDB-CPX-184823,5qpf a1 i1,6sdq a1 i1,30,22,0.7333,0.7333,0.0
PDB-CPX-184823,5qpf a1 i1,6se2 a1 i1,30,24,0.8,0.8,0.0
PDB-CPX-184823,5qpf a1 i1,6sf8 a1 i1,30,22,0.625,0.625,0.0
PDB-CPX-184823,5qpf a1 i1,6sf9 a1 i1,30,22,0.7333,0.7333,0.0
PDB-CPX-184823,5qpf a1 i1,6sfa a1 i1,30,20,0.6667,0.6667,0.0
PDB-CPX-184823,5qpf a1 i1,6shv a1 i1,30,32,0.8235,0.8235,0.0
PDB-CPX-184823,5qpf a1 i1,6si5 a1 i1,30,34,0.8824,0.8824,0.0
PDB-CPX-184823,5qpf a1 i1,6t7n a1 i1,30,18,0.5,0.5,0.0
PDB-CPX-184823,5qpg a1 i1,5qph a1 i1,28,28,0.8667,0.8667,0.0
PDB-CPX-184823,5qpg a1 i1,5qpi a1 i1,28,32,0.875,0.875,0.0
PDB-CPX-184823,5qpg a1 i1,5qpj a1 i1,28,28,0.75,0.75,0.0
PDB-CPX-184823,5qpg a1 i1,5qpk a1 i1,28,32,0.875,0.875,0.0
PDB-CPX-184823,5qpg a1 i1,5qpl a1 i1,28,26,0.9286,0.9286,0.0
PDB-CPX-184823,5qpg a1 i1,5qpm a1 i1,28,28,0.8667,0.8667,0.0
PDB-CPX-184823,5qpg a1 i1,5qpn a1 i1,28,28,0.8667,0.8667,0.0
PDB-CPX-184823,5qpg a1 i1,5qpo a1 i1,28,26,0.8,0.8,0.0
PDB-CPX-184823,5qpg a1 i1,5qpp a1 i1,28,28,0.8667,0.8667,0.0
PDB-CPX-184823,5qpg a1 i1,5qpq a1 i1,28,30,0.8125,0.8125,0.0
PDB-CPX-184823,5qpg a1 i1,5qpr a1 i1,28,28,0.75,0.75,0.0
PDB-CPX-184823,5qpg a1 i1,5qps a1 i1,28,30,0.9333,0.9333,0.0
PDB-CPX-184823,5qpg a1 i1,5qpt a1 i1,28,30,0.9333,0.9333,0.0
PDB-CPX-184823,5qpg a1 i1,5qpu a1 i1,28,26,0.9286,0.9286,0.0
PDB-CPX-184823,5qpg a1 i1,5qpv a1 i1,28,28,0.75,0.75,0.0
PDB-CPX-184823,5qpg a1 i1,5qpw a1 i1,28,28,1.0,1.0,0.0
PDB-CPX-184823,5qpg a1 i1,5qpx a1 i1,28,26,0.9286,0.9286,0.0
PDB-CPX-184823,5qpg a1 i1,5qpy a1 i1,28,32,0.875,0.875,0.0
PDB-CPX-184823,5qpg a1 i1,5qpz a1 i1,28,28,1.0,1.0,0.0
PDB-CPX-184823,5qpg a1 i1,5qq0 a1 i1,28,26,0.9286,0.9286,0.0
PDB-CPX-184823,5qpg a1 i1,5qq1 a1 i1,28,28,0.8667,0.8667,0.0
PDB-CPX-184823,5qpg a1 i1,5qq2 a1 i1,28,30,0.9333,0.9333,0.0
PDB-CPX-184823,5qpg a1 i1,5qq3 a1 i1,28,28,1.0,1.0,0.0
PDB-CPX-184823,5qpg a1 i1,5qq4 a1 i1,28,28,0.8667,0.8667,0.0
PDB-CPX-184823,5qpg a1 i1,5qq5 a1 i1,28,32,0.875,0.875,0.0
PDB-CPX-184823,5qpg a1 i1,5qq6 a1 i1,28,28,0.8667,0.8667,0.0
PDB-CPX-184823,5qpg a1 i1,5qq7 a1 i1,28,28,1.0,1.0,0.0
PDB-CPX-184823,5qpg a1 i1,5qq8 a1 i1,28,26,0.8,0.8,0.0
PDB-CPX-184823,5qpg a1 i1,5qq9 a1 i1,28,32,0.7647,0.7647,0.0
PDB-CPX-184823,5qpg a1 i1,5qqa a1 i1,28,28,0.75,0.75,0.0
PDB-CPX-184823,5qpg a1 i1,5qqb a1 i1,28,30,0.9333,0.9333,0.0
PDB-CPX-184823,5qpg a1 i1,5qqc a1 i1,28,26,0.9286,0.9286,0.0
PDB-CPX-184823,5qpg a1 i1,6r04 a1 i1,28,28,0.8667,0.8667,0.0
PDB-CPX-184823,5qpg a1 i1,6r05 a1 i1,28,28,0.8667,0.8667,0.0
PDB-CPX-184823,5qpg a1 i1,6r06 a1 i1,28,26,0.8,0.8,0.0
PDB-CPX-184823,5qpg a1 i1,6r07 a1 i1,28,26,0.8,0.8,0.0
PDB-CPX-184823,5qpg a1 i1,6r08 a1 i1,28,26,0.9286,0.9286,0.0
PDB-CPX-184823,5qpg a1 i1,6r09 a1 i1,28,28,0.75,0.75,0.0
PDB-CPX-184823,5qpg a1 i1,6r0a a1 i1,28,28,0.75,0.75,0.0
PDB-CPX-184823,5qpg a1 i1,6r0b a1 i1,28,30,0.7059,0.7059,0.0
PDB-CPX-184823,5qpg a1 i1,6sdn a1 i1,28,22,0.7857,0.7857,0.0
PDB-CPX-184823,5qpg a1 i1,6sdo a1 i1,28,24,0.8571,0.8571,0.0
PDB-CPX-184823,5qpg a1 i1,6sdp a1 i1,28,24,0.8571,0.8571,0.0
PDB-CPX-184823,5qpg a1 i1,6sdq a1 i1,28,22,0.7857,0.7857,0.0
PDB-CPX-184823,5qpg a1 i1,6se2 a1 i1,28,24,0.7333,0.7333,0.0
PDB-CPX-184823,5qpg a1 i1,6sf8 a1 i1,28,22,0.5625,0.5625,0.0
PDB-CPX-184823,5qpg a1 i1,6sf9 a1 i1,28,22,0.6667,0.6667,0.0
PDB-CPX-184823,5qpg a1 i1,6sfa a1 i1,28,20,0.7143,0.7143,0.0
PDB-CPX-184823,5qpg a1 i1,6shv a1 i1,28,32,0.7647,0.7647,0.0
PDB-CPX-184823,5qpg a1 i1,6si5 a1 i1,28,34,0.8235,0.8235,0.0
PDB-CPX-184823,5qpg a1 i1,6t7n a1 i1,28,18,0.5333,0.5333,0.0
PDB-CPX-184823,5qph a1 i1,5qpi a1 i1,28,32,0.875,0.875,0.0
PDB-CPX-184823,5qph a1 i1,5qpj a1 i1,28,28,0.8667,0.8667,0.0
PDB-CPX-184823,5qph a1 i1,5qpk a1 i1,28,32,0.875,0.875,0.0
PDB-CPX-184823,5qph a1 i1,5qpl a1 i1,28,26,0.8,0.8,0.0
PDB-CPX-184823,5qph a1 i1,5qpm a1 i1,28,28,1.0,1.0,0.0
PDB-CPX-184823,5qph a1 i1,5qpn a1 i1,28,28,0.75,0.75,0.0
PDB-CPX-184823,5qph a1 i1,5qpo a1 i1,28,26,0.6875,0.6875,0.0
PDB-CPX-184823,5qph a1 i1,5qpp a1 i1,28,28,0.8667,0.8667,0.0
PDB-CPX-184823,5qph a1 i1,5qpq a1 i1,28,30,0.8125,0.8125,0.0
PDB-CPX-184823,5qph a1 i1,5qpr a1 i1,28,28,0.8667,0.8667,0.0
PDB-CPX-184823,5qph a1 i1,5qps a1 i1,28,30,0.8125,0.8125,0.0
PDB-CPX-184823,5qph a1 i1,5qpt a1 i1,28,30,0.8125,0.8125,0.0
PDB-CPX-184823,5qph a1 i1,5qpu a1 i1,28,26,0.8,0.8,0.0
PDB-CPX-184823,5qph a1 i1,5qpv a1 i1,28,28,0.8667,0.8667,0.0
PDB-CPX-184823,5qph a1 i1,5qpw a1 i1,28,28,0.8667,0.8667,0.0
PDB-CPX-184823,5qph a1 i1,5qpx a1 i1,28,26,0.9286,0.9286,0.0
PDB-CPX-184823,5qph a1 i1,5qpy a1 i1,28,32,0.7647,0.7647,0.0
PDB-CPX-184823,5qph a1 i1,5qpz a1 i1,28,28,0.8667,0.8667,0.0
PDB-CPX-184823,5qph a1 i1,5qq0 a1 i1,28,26,0.8,0.8,0.0
PDB-CPX-184823,5qph a1 i1,5qq1 a1 i1,28,28,0.8667,0.8667,0.0
PDB-CPX-184823,5qph a1 i1,5qq2 a1 i1,28,30,0.8125,0.8125,0.0
PDB-CPX-184823,5qph a1 i1,5qq3 a1 i1,28,28,0.8667,0.8667,0.0
PDB-CPX-184823,5qph a1 i1,5qq4 a1 i1,28,28,0.8667,0.8667,0.0
PDB-CPX-184823,5qph a1 i1,5qq5 a1 i1,28,32,0.7647,0.7647,0.0
PDB-CPX-184823,5qph a1 i1,5qq6 a1 i1,28,28,0.8667,0.8667,0.0
PDB-CPX-184823,5qph a1 i1,5qq7 a1 i1,28,28,0.8667,0.8667,0.0
PDB-CPX-184823,5qph a1 i1,5qq8 a1 i1,28,26,0.9286,0.9286,0.0
PDB-CPX-184823,5qph a1 i1,5qq9 a1 i1,28,32,0.7647,0.7647,0.0
PDB-CPX-184823,5qph a1 i1,5qqa a1 i1,28,28,0.75,0.75,0.0
PDB-CPX-184823,5qph a1 i1,5qqb a1 i1,28,30,0.8125,0.8125,0.0
PDB-CPX-184823,5qph a1 i1,5qqc a1 i1,28,26,0.9286,0.9286,0.0
PDB-CPX-184823,5qph a1 i1,6r04 a1 i1,28,28,1.0,1.0,0.0
PDB-CPX-184823,5qph a1 i1,6r05 a1 i1,28,28,0.75,0.75,0.0
PDB-CPX-184823,5qph a1 i1,6r06 a1 i1,28,26,0.8,0.8,0.0
PDB-CPX-184823,5qph a1 i1,6r07 a1 i1,28,26,0.8,0.8,0.0
PDB-CPX-184823,5qph a1 i1,6r08 a1 i1,28,26,0.8,0.8,0.0
PDB-CPX-184823,5qph a1 i1,6r09 a1 i1,28,28,0.8667,0.8667,0.0
PDB-CPX-184823,5qph a1 i1,6r0a a1 i1,28,28,0.75,0.75,0.0
PDB-CPX-184823,5qph a1 i1,6r0b a1 i1,28,30,0.8125,0.8125,0.0
PDB-CPX-184823,5qph a1 i1,6sdn a1 i1,28,22,0.7857,0.7857,0.0
PDB-CPX-184823,5qph a1 i1,6sdo a1 i1,28,24,0.8571,0.8571,0.0
PDB-CPX-184823,5qph a1 i1,6sdp a1 i1,28,24,0.8571,0.8571,0.0
PDB-CPX-184823,5qph a1 i1,6sdq a1 i1,28,22,0.7857,0.7857,0.0
PDB-CPX-184823,5qph a1 i1,6se2 a1 i1,28,24,0.7333,0.7333,0.0
PDB-CPX-184823,5qph a1 i1,6sf8 a1 i1,28,22,0.5625,0.5625,0.0
PDB-CPX-184823,5qph a1 i1,6sf9 a1 i1,28,22,0.6667,0.6667,0.0
PDB-CPX-184823,5qph a1 i1,6sfa a1 i1,28,20,0.7143,0.7143,0.0
PDB-CPX-184823,5qph a1 i1,6shv a1 i1,28,32,0.7647,0.7647,0.0
PDB-CPX-184823,5qph a1 i1,6si5 a1 i1,28,34,0.8235,0.8235,0.0
PDB-CPX-184823,5qph a1 i1,6t7n a1 i1,28,18,0.5333,0.5333,0.0
PDB-CPX-184823,5qpi a1 i1,5qpj a1 i1,32,28,0.875,0.875,0.0
PDB-CPX-184823,5qpi a1 i1,5qpk a1 i1,32,32,1.0,1.0,0.0
PDB-CPX-184823,5qpi a1 i1,5qpl a1 i1,32,26,0.8125,0.8125,0.0
PDB-CPX-184823,5qpi a1 i1,5qpm a1 i1,32,28,0.875,0.875,0.0
PDB-CPX-184823,5qpi a1 i1,5qpn a1 i1,32,28,0.875,0.875,0.0
PDB-CPX-184823,5qpi a1 i1,5qpo a1 i1,32,26,0.7059,0.7059,0.0
PDB-CPX-184823,5qpi a1 i1,5qpp a1 i1,32,28,0.875,0.875,0.0
PDB-CPX-184823,5qpi a1 i1,5qpq a1 i1,32,30,0.9375,0.9375,0.0
PDB-CPX-184823,5qpi a1 i1,5qpr a1 i1,32,28,0.875,0.875,0.0
PDB-CPX-184823,5qpi a1 i1,5qps a1 i1,32,30,0.8235,0.8235,0.0
PDB-CPX-184823,5qpi a1 i1,5qpt a1 i1,32,30,0.9375,0.9375,0.0
PDB-CPX-184823,5qpi a1 i1,5qpu a1 i1,32,26,0.8125,0.8125,0.0
PDB-CPX-184823,5qpi a1 i1,5qpv a1 i1,32,28,0.7647,0.7647,0.0
PDB-CPX-184823,5qpi a1 i1,5qpw a1 i1,32,28,0.875,0.875,0.0
PDB-CPX-184823,5qpi a1 i1,5qpx a1 i1,32,26,0.8125,0.8125,0.0
PDB-CPX-184823,5qpi a1 i1,5qpy a1 i1,32,32,0.7778,0.7778,0.0
PDB-CPX-184823,5qpi a1 i1,5qpz a1 i1,32,28,0.875,0.875,0.0
PDB-CPX-184823,5qpi a1 i1,5qq0 a1 i1,32,26,0.8125,0.8125,0.0
PDB-CPX-184823,5qpi a1 i1,5qq1 a1 i1,32,28,0.7647,0.7647,0.0
PDB-CPX-184823,5qpi a1 i1,5qq2 a1 i1,32,30,0.9375,0.9375,0.0
PDB-CPX-184823,5qpi a1 i1,5qq3 a1 i1,32,28,0.875,0.875,0.0
PDB-CPX-184823,5qpi a1 i1,5qq4 a1 i1,32,28,0.7647,0.7647,0.0
PDB-CPX-184823,5qpi a1 i1,5qq5 a1 i1,32,32,0.7778,0.7778,0.0
PDB-CPX-184823,5qpi a1 i1,5qq6 a1 i1,32,28,0.7647,0.7647,0.0
PDB-CPX-184823,5qpi a1 i1,5qq7 a1 i1,32,28,0.875,0.875,0.0
PDB-CPX-184823,5qpi a1 i1,5qq8 a1 i1,32,26,0.8125,0.8125,0.0
PDB-CPX-184823,5qpi a1 i1,5qq9 a1 i1,32,32,0.7778,0.7778,0.0
PDB-CPX-184823,5qpi a1 i1,5qqa a1 i1,32,28,0.7647,0.7647,0.0
PDB-CPX-184823,5qpi a1 i1,5qqb a1 i1,32,30,0.9375,0.9375,0.0
PDB-CPX-184823,5qpi a1 i1,5qqc a1 i1,32,26,0.8125,0.8125,0.0
PDB-CPX-184823,5qpi a1 i1,6r04 a1 i1,32,28,0.875,0.875,0.0
PDB-CPX-184823,5qpi a1 i1,6r05 a1 i1,32,28,0.7647,0.7647,0.0
PDB-CPX-184823,5qpi a1 i1,6r06 a1 i1,32,26,0.8125,0.8125,0.0
PDB-CPX-184823,5qpi a1 i1,6r07 a1 i1,32,26,0.8125,0.8125,0.0
PDB-CPX-184823,5qpi a1 i1,6r08 a1 i1,32,26,0.8125,0.8125,0.0
PDB-CPX-184823,5qpi a1 i1,6r09 a1 i1,32,28,0.7647,0.7647,0.0
PDB-CPX-184823,5qpi a1 i1,6r0a a1 i1,32,28,0.7647,0.7647,0.0
PDB-CPX-184823,5qpi a1 i1,6r0b a1 i1,32,30,0.8235,0.8235,0.0
PDB-CPX-184823,5qpi a1 i1,6sdn a1 i1,32,22,0.6875,0.6875,0.0
PDB-CPX-184823,5qpi a1 i1,6sdo a1 i1,32,24,0.75,0.75,0.0
PDB-CPX-184823,5qpi a1 i1,6sdp a1 i1,32,24,0.75,0.75,0.0
PDB-CPX-184823,5qpi a1 i1,6sdq a1 i1,32,22,0.6875,0.6875,0.0
PDB-CPX-184823,5qpi a1 i1,6se2 a1 i1,32,24,0.75,0.75,0.0
PDB-CPX-184823,5qpi a1 i1,6sf8 a1 i1,32,22,0.5882,0.5882,0.0
PDB-CPX-184823,5qpi a1 i1,6sf9 a1 i1,32,22,0.6875,0.6875,0.0
PDB-CPX-184823,5qpi a1 i1,6sfa a1 i1,32,20,0.625,0.625,0.0
PDB-CPX-184823,5qpi a1 i1,6shv a1 i1,32,32,0.8824,0.8824,0.0
PDB-CPX-184823,5qpi a1 i1,6si5 a1 i1,32,34,0.9412,0.9412,0.0
PDB-CPX-184823,5qpi a1 i1,6t7n a1 i1,32,18,0.4706,0.4706,0.0
PDB-CPX-184823,5qpj a1 i1,5qpk a1 i1,28,32,0.875,0.875,0.0
PDB-CPX-184823,5qpj a1 i1,5qpl a1 i1,28,26,0.8,0.8,0.0
PDB-CPX-184823,5qpj a1 i1,5qpm a1 i1,28,28,0.8667,0.8667,0.0
PDB-CPX-184823,5qpj a1 i1,5qpn a1 i1,28,28,0.8667,0.8667,0.0
PDB-CPX-184823,5qpj a1 i1,5qpo a1 i1,28,26,0.6875,0.6875,0.0
PDB-CPX-184823,5qpj a1 i1,5qpp a1 i1,28,28,0.8667,0.8667,0.0
PDB-CPX-184823,5qpj a1 i1,5qpq a1 i1,28,30,0.9333,0.9333,0.0
PDB-CPX-184823,5qpj a1 i1,5qpr a1 i1,28,28,1.0,1.0,0.0
PDB-CPX-184823,5qpj a1 i1,5qps a1 i1,28,30,0.7059,0.7059,0.0
PDB-CPX-184823,5qpj a1 i1,5qpt a1 i1,28,30,0.8125,0.8125,0.0
PDB-CPX-184823,5qpj a1 i1,5qpu a1 i1,28,26,0.8,0.8,0.0
PDB-CPX-184823,5qpj a1 i1,5qpv a1 i1,28,28,0.75,0.75,0.0
PDB-CPX-184823,5qpj a1 i1,5qpw a1 i1,28,28,0.75,0.75,0.0
PDB-CPX-184823,5qpj a1 i1,5qpx a1 i1,28,26,0.8,0.8,0.0
PDB-CPX-184823,5qpj a1 i1,5qpy a1 i1,28,32,0.6667,0.6667,0.0
PDB-CPX-184823,5qpj a1 i1,5qpz a1 i1,28,28,0.75,0.75,0.0
PDB-CPX-184823,5qpj a1 i1,5qq0 a1 i1,28,26,0.8,0.8,0.0
PDB-CPX-184823,5qpj a1 i1,5qq1 a1 i1,28,28,0.75,0.75,0.0
PDB-CPX-184823,5qpj a1 i1,5qq2 a1 i1,28,30,0.8125,0.8125,0.0
PDB-CPX-184823,5qpj a1 i1,5qq3 a1 i1,28,28,0.75,0.75,0.0
PDB-CPX-184823,5qpj a1 i1,5qq4 a1 i1,28,28,0.75,0.75,0.0
PDB-CPX-184823,5qpj a1 i1,5qq5 a1 i1,28,32,0.6667,0.6667,0.0
PDB-CPX-184823,5qpj a1 i1,5qq6 a1 i1,28,28,0.75,0.75,0.0
PDB-CPX-184823,5qpj a1 i1,5qq7 a1 i1,28,28,0.75,0.75,0.0
PDB-CPX-184823,5qpj a1 i1,5qq8 a1 i1,28,26,0.9286,0.9286,0.0
PDB-CPX-184823,5qpj a1 i1,5qq9 a1 i1,28,32,0.6667,0.6667,0.0
PDB-CPX-184823,5qpj a1 i1,5qqa a1 i1,28,28,0.75,0.75,0.0
PDB-CPX-184823,5qpj a1 i1,5qqb a1 i1,28,30,0.8125,0.8125,0.0
PDB-CPX-184823,5qpj a1 i1,5qqc a1 i1,28,26,0.8,0.8,0.0
PDB-CPX-184823,5qpj a1 i1,6r04 a1 i1,28,28,0.8667,0.8667,0.0
PDB-CPX-184823,5qpj a1 i1,6r05 a1 i1,28,28,0.75,0.75,0.0
PDB-CPX-184823,5qpj a1 i1,6r06 a1 i1,28,26,0.9286,0.9286,0.0
PDB-CPX-184823,5qpj a1 i1,6r07 a1 i1,28,26,0.9286,0.9286,0.0
PDB-CPX-184823,5qpj a1 i1,6r08 a1 i1,28,26,0.8,0.8,0.0
PDB-CPX-184823,5qpj a1 i1,6r09 a1 i1,28,28,0.8667,0.8667,0.0
PDB-CPX-184823,5qpj a1 i1,6r0a a1 i1,28,28,0.8667,0.8667,0.0
PDB-CPX-184823,5qpj a1 i1,6r0b a1 i1,28,30,0.9333,0.9333,0.0
PDB-CPX-184823,5qpj a1 i1,6sdn a1 i1,28,22,0.7857,0.7857,0.0
PDB-CPX-184823,5qpj a1 i1,6sdo a1 i1,28,24,0.8571,0.8571,0.0
PDB-CPX-184823,5qpj a1 i1,6sdp a1 i1,28,24,0.8571,0.8571,0.0
PDB-CPX-184823,5qpj a1 i1,6sdq a1 i1,28,22,0.7857,0.7857,0.0
PDB-CPX-184823,5qpj a1 i1,6se2 a1 i1,28,24,0.8571,0.8571,0.0
PDB-CPX-184823,5qpj a1 i1,6sf8 a1 i1,28,22,0.6667,0.6667,0.0
PDB-CPX-184823,5qpj a1 i1,6sf9 a1 i1,28,22,0.7857,0.7857,0.0
PDB-CPX-184823,5qpj a1 i1,6sfa a1 i1,28,20,0.7143,0.7143,0.0
PDB-CPX-184823,5qpj a1 i1,6shv a1 i1,28,32,0.875,0.875,0.0
PDB-CPX-184823,5qpj a1 i1,6si5 a1 i1,28,34,0.8235,0.8235,0.0
PDB-CPX-184823,5qpj a1 i1,6t7n a1 i1,28,18,0.5333,0.5333,0.0
PDB-CPX-184823,5qpk a1 i1,5qpl a1 i1,32,26,0.8125,0.8125,0.0
PDB-CPX-184823,5qpk a1 i1,5qpm a1 i1,32,28,0.875,0.875,0.0
PDB-CPX-184823,5qpk a1 i1,5qpn a1 i1,32,28,0.875,0.875,0.0
PDB-CPX-184823,5qpk a1 i1,5qpo a1 i1,32,26,0.7059,0.7059,0.0
PDB-CPX-184823,5qpk a1 i1,5qpp a1 i1,32,28,0.875,0.875,0.0
PDB-CPX-184823,5qpk a1 i1,5qpq a1 i1,32,30,0.9375,0.9375,0.0
PDB-CPX-184823,5qpk a1 i1,5qpr a1 i1,32,28,0.875,0.875,0.0
PDB-CPX-184823,5qpk a1 i1,5qps a1 i1,32,30,0.8235,0.8235,0.0
PDB-CPX-184823,5qpk a1 i1,5qpt a1 i1,32,30,0.9375,0.9375,0.0
PDB-CPX-184823,5qpk a1 i1,5qpu a1 i1,32,26,0.8125,0.8125,0.0
PDB-CPX-184823,5qpk a1 i1,5qpv a1 i1,32,28,0.7647,0.7647,0.0
PDB-CPX-184823,5qpk a1 i1,5qpw a1 i1,32,28,0.875,0.875,0.0
PDB-CPX-184823,5qpk a1 i1,5qpx a1 i1,32,26,0.8125,0.8125,0.0
PDB-CPX-184823,5qpk a1 i1,5qpy a1 i1,32,32,0.7778,0.7778,0.0
PDB-CPX-184823,5qpk a1 i1,5qpz a1 i1,32,28,0.875,0.875,0.0
PDB-CPX-184823,5qpk a1 i1,5qq0 a1 i1,32,26,0.8125,0.8125,0.0
PDB-CPX-184823,5qpk a1 i1,5qq1 a1 i1,32,28,0.7647,0.7647,0.0
PDB-CPX-184823,5qpk a1 i1,5qq2 a1 i1,32,30,0.9375,0.9375,0.0
PDB-CPX-184823,5qpk a1 i1,5qq3 a1 i1,32,28,0.875,0.875,0.0
PDB-CPX-184823,5qpk a1 i1,5qq4 a1 i1,32,28,0.7647,0.7647,0.0
PDB-CPX-184823,5qpk a1 i1,5qq5 a1 i1,32,32,0.7778,0.7778,0.0
PDB-CPX-184823,5qpk a1 i1,5qq6 a1 i1,32,28,0.7647,0.7647,0.0
PDB-CPX-184823,5qpk a1 i1,5qq7 a1 i1,32,28,0.875,0.875,0.0
PDB-CPX-184823,5qpk a1 i1,5qq8 a1 i1,32,26,0.8125,0.8125,0.0
PDB-CPX-184823,5qpk a1 i1,5qq9 a1 i1,32,32,0.7778,0.7778,0.0
PDB-CPX-184823,5qpk a1 i1,5qqa a1 i1,32,28,0.7647,0.7647,0.0
PDB-CPX-184823,5qpk a1 i1,5qqb a1 i1,32,30,0.9375,0.9375,0.0
PDB-CPX-184823,5qpk a1 i1,5qqc a1 i1,32,26,0.8125,0.8125,0.0
PDB-CPX-184823,5qpk a1 i1,6r04 a1 i1,32,28,0.875,0.875,0.0
PDB-CPX-184823,5qpk a1 i1,6r05 a1 i1,32,28,0.7647,0.7647,0.0
PDB-CPX-184823,5qpk a1 i1,6r06 a1 i1,32,26,0.8125,0.8125,0.0
PDB-CPX-184823,5qpk a1 i1,6r07 a1 i1,32,26,0.8125,0.8125,0.0
PDB-CPX-184823,5qpk a1 i1,6r08 a1 i1,32,26,0.8125,0.8125,0.0
PDB-CPX-184823,5qpk a1 i1,6r09 a1 i1,32,28,0.7647,0.7647,0.0
PDB-CPX-184823,5qpk a1 i1,6r0a a1 i1,32,28,0.7647,0.7647,0.0
PDB-CPX-184823,5qpk a1 i1,6r0b a1 i1,32,30,0.8235,0.8235,0.0
PDB-CPX-184823,5qpk a1 i1,6sdn a1 i1,32,22,0.6875,0.6875,0.0
PDB-CPX-184823,5qpk a1 i1,6sdo a1 i1,32,24,0.75,0.75,0.0
PDB-CPX-184823,5qpk a1 i1,6sdp a1 i1,32,24,0.75,0.75,0.0
PDB-CPX-184823,5qpk a1 i1,6sdq a1 i1,32,22,0.6875,0.6875,0.0
PDB-CPX-184823,5qpk a1 i1,6se2 a1 i1,32,24,0.75,0.75,0.0
PDB-CPX-184823,5qpk a1 i1,6sf8 a1 i1,32,22,0.5882,0.5882,0.0
PDB-CPX-184823,5qpk a1 i1,6sf9 a1 i1,32,22,0.6875,0.6875,0.0
PDB-CPX-184823,5qpk a1 i1,6sfa a1 i1,32,20,0.625,0.625,0.0
PDB-CPX-184823,5qpk a1 i1,6shv a1 i1,32,32,0.8824,0.8824,0.0
PDB-CPX-184823,5qpk a1 i1,6si5 a1 i1,32,34,0.9412,0.9412,0.0
PDB-CPX-184823,5qpk a1 i1,6t7n a1 i1,32,18,0.4706,0.4706,0.0
PDB-CPX-184823,5qpl a1 i1,5qpm a1 i1,26,28,0.8,0.8,0.0
PDB-CPX-184823,5qpl a1 i1,5qpn a1 i1,26,28,0.9286,0.9286,0.0
PDB-CPX-184823,5qpl a1 i1,5qpo a1 i1,26,26,0.8571,0.8571,0.0
PDB-CPX-184823,5qpl a1 i1,5qpp a1 i1,26,28,0.9286,0.9286,0.0
PDB-CPX-184823,5qpl a1 i1,5qpq a1 i1,26,30,0.8667,0.8667,0.0
PDB-CPX-184823,5qpl a1 i1,5qpr a1 i1,26,28,0.8,0.8,0.0
PDB-CPX-184823,5qpl a1 i1,5qps a1 i1,26,30,0.8667,0.8667,0.0
PDB-CPX-184823,5qpl a1 i1,5qpt a1 i1,26,30,0.8667,0.8667,0.0
PDB-CPX-184823,5qpl a1 i1,5qpu a1 i1,26,26,1.0,1.0,0.0
PDB-CPX-184823,5qpl a1 i1,5qpv a1 i1,26,28,0.6875,0.6875,0.0
PDB-CPX-184823,5qpl a1 i1,5qpw a1 i1,26,28,0.9286,0.9286,0.0
PDB-CPX-184823,5qpl a1 i1,5qpx a1 i1,26,26,0.8571,0.8571,0.0
PDB-CPX-184823,5qpl a1 i1,5qpy a1 i1,26,32,0.8125,0.8125,0.0
PDB-CPX-184823,5qpl a1 i1,5qpz a1 i1,26,28,0.9286,0.9286,0.0
PDB-CPX-184823,5qpl a1 i1,5qq0 a1 i1,26,26,1.0,1.0,0.0
PDB-CPX-184823,5qpl a1 i1,5qq1 a1 i1,26,28,0.8,0.8,0.0
PDB-CPX-184823,5qpl a1 i1,5qq2 a1 i1,26,30,0.8667,0.8667,0.0
PDB-CPX-184823,5qpl a1 i1,5qq3 a1 i1,26,28,0.9286,0.9286,0.0
PDB-CPX-184823,5qpl a1 i1,5qq4 a1 i1,26,28,0.8,0.8,0.0
PDB-CPX-184823,5qpl a1 i1,5qq5 a1 i1,26,32,0.8125,0.8125,0.0
PDB-CPX-184823,5qpl a1 i1,5qq6 a1 i1,26,28,0.8,0.8,0.0
PDB-CPX-184823,5qpl a1 i1,5qq7 a1 i1,26,28,0.9286,0.9286,0.0
PDB-CPX-184823,5qpl a1 i1,5qq8 a1 i1,26,26,0.8571,0.8571,0.0
PDB-CPX-184823,5qpl a1 i1,5qq9 a1 i1,26,32,0.7059,0.7059,0.0
PDB-CPX-184823,5qpl a1 i1,5qqa a1 i1,26,28,0.6875,0.6875,0.0
PDB-CPX-184823,5qpl a1 i1,5qqb a1 i1,26,30,0.8667,0.8667,0.0
PDB-CPX-184823,5qpl a1 i1,5qqc a1 i1,26,26,0.8571,0.8571,0.0
PDB-CPX-184823,5qpl a1 i1,6r04 a1 i1,26,28,0.8,0.8,0.0
PDB-CPX-184823,5qpl a1 i1,6r05 a1 i1,26,28,0.9286,0.9286,0.0
PDB-CPX-184823,5qpl a1 i1,6r06 a1 i1,26,26,0.8571,0.8571,0.0
PDB-CPX-184823,5qpl a1 i1,6r07 a1 i1,26,26,0.8571,0.8571,0.0
PDB-CPX-184823,5qpl a1 i1,6r08 a1 i1,26,26,1.0,1.0,0.0
PDB-CPX-184823,5qpl a1 i1,6r09 a1 i1,26,28,0.8,0.8,0.0
PDB-CPX-184823,5qpl a1 i1,6r0a a1 i1,26,28,0.8,0.8,0.0
PDB-CPX-184823,5qpl a1 i1,6r0b a1 i1,26,30,0.75,0.75,0.0
PDB-CPX-184823,5qpl a1 i1,6sdn a1 i1,26,22,0.8462,0.8462,0.0
PDB-CPX-184823,5qpl a1 i1,6sdo a1 i1,26,24,0.9231,0.9231,0.0
PDB-CPX-184823,5qpl a1 i1,6sdp a1 i1,26,24,0.9231,0.9231,0.0
PDB-CPX-184823,5qpl a1 i1,6sdq a1 i1,26,22,0.8462,0.8462,0.0
PDB-CPX-184823,5qpl a1 i1,6se2 a1 i1,26,24,0.7857,0.7857,0.0
PDB-CPX-184823,5qpl a1 i1,6sf8 a1 i1,26,22,0.6,0.6,0.0
PDB-CPX-184823,5qpl a1 i1,6sf9 a1 i1,26,22,0.7143,0.7143,0.0
PDB-CPX-184823,5qpl a1 i1,6sfa a1 i1,26,20,0.7692,0.7692,0.0
PDB-CPX-184823,5qpl a1 i1,6shv a1 i1,26,32,0.8125,0.8125,0.0
PDB-CPX-184823,5qpl a1 i1,6si5 a1 i1,26,34,0.7647,0.7647,0.0
PDB-CPX-184823,5qpl a1 i1,6t7n a1 i1,26,18,0.5714,0.5714,0.0
PDB-CPX-184823,5qpm a1 i1,5qpn a1 i1,28,28,0.75,0.75,0.0
PDB-CPX-184823,5qpm a1 i1,5qpo a1 i1,28,26,0.6875,0.6875,0.0
PDB-CPX-184823,5qpm a1 i1,5qpp a1 i1,28,28,0.8667,0.8667,0.0
PDB-CPX-184823,5qpm a1 i1,5qpq a1 i1,28,30,0.8125,0.8125,0.0
PDB-CPX-184823,5qpm a1 i1,5qpr a1 i1,28,28,0.8667,0.8667,0.0
PDB-CPX-184823,5qpm a1 i1,5qps a1 i1,28,30,0.8125,0.8125,0.0
PDB-CPX-184823,5qpm a1 i1,5qpt a1 i1,28,30,0.8125,0.8125,0.0
PDB-CPX-184823,5qpm a1 i1,5qpu a1 i1,28,26,0.8,0.8,0.0
PDB-CPX-184823,5qpm a1 i1,5qpv a1 i1,28,28,0.8667,0.8667,0.0
PDB-CPX-184823,5qpm a1 i1,5qpw a1 i1,28,28,0.8667,0.8667,0.0
PDB-CPX-184823,5qpm a1 i1,5qpx a1 i1,28,26,0.9286,0.9286,0.0
PDB-CPX-184823,5qpm a1 i1,5qpy a1 i1,28,32,0.7647,0.7647,0.0
PDB-CPX-184823,5qpm a1 i1,5qpz a1 i1,28,28,0.8667,0.8667,0.0
PDB-CPX-184823,5qpm a1 i1,5qq0 a1 i1,28,26,0.8,0.8,0.0
PDB-CPX-184823,5qpm a1 i1,5qq1 a1 i1,28,28,0.8667,0.8667,0.0
PDB-CPX-184823,5qpm a1 i1,5qq2 a1 i1,28,30,0.8125,0.8125,0.0
PDB-CPX-184823,5qpm a1 i1,5qq3 a1 i1,28,28,0.8667,0.8667,0.0
PDB-CPX-184823,5qpm a1 i1,5qq4 a1 i1,28,28,0.8667,0.8667,0.0
PDB-CPX-184823,5qpm a1 i1,5qq5 a1 i1,28,32,0.7647,0.7647,0.0
PDB-CPX-184823,5qpm a1 i1,5qq6 a1 i1,28,28,0.8667,0.8667,0.0
PDB-CPX-184823,5qpm a1 i1,5qq7 a1 i1,28,28,0.8667,0.8667,0.0
PDB-CPX-184823,5qpm a1 i1,5qq8 a1 i1,28,26,0.9286,0.9286,0.0
PDB-CPX-184823,5qpm a1 i1,5qq9 a1 i1,28,32,0.7647,0.7647,0.0
PDB-CPX-184823,5qpm a1 i1,5qqa a1 i1,28,28,0.75,0.75,0.0
PDB-CPX-184823,5qpm a1 i1,5qqb a1 i1,28,30,0.8125,0.8125,0.0
PDB-CPX-184823,5qpm a1 i1,5qqc a1 i1,28,26,0.9286,0.9286,0.0
PDB-CPX-184823,5qpm a1 i1,6r04 a1 i1,28,28,1.0,1.0,0.0
PDB-CPX-184823,5qpm a1 i1,6r05 a1 i1,28,28,0.75,0.75,0.0
PDB-CPX-184823,5qpm a1 i1,6r06 a1 i1,28,26,0.8,0.8,0.0
PDB-CPX-184823,5qpm a1 i1,6r07 a1 i1,28,26,0.8,0.8,0.0
PDB-CPX-184823,5qpm a1 i1,6r08 a1 i1,28,26,0.8,0.8,0.0
PDB-CPX-184823,5qpm a1 i1,6r09 a1 i1,28,28,0.8667,0.8667,0.0
PDB-CPX-184823,5qpm a1 i1,6r0a a1 i1,28,28,0.75,0.75,0.0
PDB-CPX-184823,5qpm a1 i1,6r0b a1 i1,28,30,0.8125,0.8125,0.0
PDB-CPX-184823,5qpm a1 i1,6sdn a1 i1,28,22,0.7857,0.7857,0.0
PDB-CPX-184823,5qpm a1 i1,6sdo a1 i1,28,24,0.8571,0.8571,0.0
PDB-CPX-184823,5qpm a1 i1,6sdp a1 i1,28,24,0.8571,0.8571,0.0
PDB-CPX-184823,5qpm a1 i1,6sdq a1 i1,28,22,0.7857,0.7857,0.0
PDB-CPX-184823,5qpm a1 i1,6se2 a1 i1,28,24,0.7333,0.7333,0.0
PDB-CPX-184823,5qpm a1 i1,6sf8 a1 i1,28,22,0.5625,0.5625,0.0
PDB-CPX-184823,5qpm a1 i1,6sf9 a1 i1,28,22,0.6667,0.6667,0.0
PDB-CPX-184823,5qpm a1 i1,6sfa a1 i1,28,20,0.7143,0.7143,0.0
PDB-CPX-184823,5qpm a1 i1,6shv a1 i1,28,32,0.7647,0.7647,0.0
PDB-CPX-184823,5qpm a1 i1,6si5 a1 i1,28,34,0.8235,0.8235,0.0
PDB-CPX-184823,5qpm a1 i1,6t7n a1 i1,28,18,0.5333,0.5333,0.0
PDB-CPX-184823,5qpn a1 i1,5qpo a1 i1,28,26,0.8,0.8,0.0
PDB-CPX-184823,5qpn a1 i1,5qpp a1 i1,28,28,0.8667,0.8667,0.0
PDB-CPX-184823,5qpn a1 i1,5qpq a1 i1,28,30,0.9333,0.9333,0.0
PDB-CPX-184823,5qpn a1 i1,5qpr a1 i1,28,28,0.8667,0.8667,0.0
PDB-CPX-184823,5qpn a1 i1,5qps a1 i1,28,30,0.8125,0.8125,0.0
PDB-CPX-184823,5qpn a1 i1,5qpt a1 i1,28,30,0.9333,0.9333,0.0
PDB-CPX-184823,5qpn a1 i1,5qpu a1 i1,28,26,0.9286,0.9286,0.0
PDB-CPX-184823,5qpn a1 i1,5qpv a1 i1,28,28,0.6471,0.6471,0.0
PDB-CPX-184823,5qpn a1 i1,5qpw a1 i1,28,28,0.8667,0.8667,0.0
PDB-CPX-184823,5qpn a1 i1,5qpx a1 i1,28,26,0.8,0.8,0.0
PDB-CPX-184823,5qpn a1 i1,5qpy a1 i1,28,32,0.7647,0.7647,0.0
PDB-CPX-184823,5qpn a1 i1,5qpz a1 i1,28,28,0.8667,0.8667,0.0
PDB-CPX-184823,5qpn a1 i1,5qq0 a1 i1,28,26,0.9286,0.9286,0.0
PDB-CPX-184823,5qpn a1 i1,5qq1 a1 i1,28,28,0.75,0.75,0.0
PDB-CPX-184823,5qpn a1 i1,5qq2 a1 i1,28,30,0.9333,0.9333,0.0
PDB-CPX-184823,5qpn a1 i1,5qq3 a1 i1,28,28,0.8667,0.8667,0.0
PDB-CPX-184823,5qpn a1 i1,5qq4 a1 i1,28,28,0.75,0.75,0.0
PDB-CPX-184823,5qpn a1 i1,5qq5 a1 i1,28,32,0.7647,0.7647,0.0
PDB-CPX-184823,5qpn a1 i1,5qq6 a1 i1,28,28,0.75,0.75,0.0
PDB-CPX-184823,5qpn a1 i1,5qq7 a1 i1,28,28,0.8667,0.8667,0.0
PDB-CPX-184823,5qpn a1 i1,5qq8 a1 i1,28,26,0.8,0.8,0.0
PDB-CPX-184823,5qpn a1 i1,5qq9 a1 i1,28,32,0.6667,0.6667,0.0
PDB-CPX-184823,5qpn a1 i1,5qqa a1 i1,28,28,0.75,0.75,0.0
PDB-CPX-184823,5qpn a1 i1,5qqb a1 i1,28,30,0.9333,0.9333,0.0
PDB-CPX-184823,5qpn a1 i1,5qqc a1 i1,28,26,0.8,0.8,0.0
PDB-CPX-184823,5qpn a1 i1,6r04 a1 i1,28,28,0.75,0.75,0.0
PDB-CPX-184823,5qpn a1 i1,6r05 a1 i1,28,28,0.8667,0.8667,0.0
PDB-CPX-184823,5qpn a1 i1,6r06 a1 i1,28,26,0.9286,0.9286,0.0
PDB-CPX-184823,5qpn a1 i1,6r07 a1 i1,28,26,0.9286,0.9286,0.0
PDB-CPX-184823,5qpn a1 i1,6r08 a1 i1,28,26,0.9286,0.9286,0.0
PDB-CPX-184823,5qpn a1 i1,6r09 a1 i1,28,28,0.75,0.75,0.0
PDB-CPX-184823,5qpn a1 i1,6r0a a1 i1,28,28,0.8667,0.8667,0.0
PDB-CPX-184823,5qpn a1 i1,6r0b a1 i1,28,30,0.8125,0.8125,0.0
PDB-CPX-184823,5qpn a1 i1,6sdn a1 i1,28,22,0.7857,0.7857,0.0
PDB-CPX-184823,5qpn a1 i1,6sdo a1 i1,28,24,0.8571,0.8571,0.0
PDB-CPX-184823,5qpn a1 i1,6sdp a1 i1,28,24,0.8571,0.8571,0.0
PDB-CPX-184823,5qpn a1 i1,6sdq a1 i1,28,22,0.7857,0.7857,0.0
PDB-CPX-184823,5qpn a1 i1,6se2 a1 i1,28,24,0.8571,0.8571,0.0
PDB-CPX-184823,5qpn a1 i1,6sf8 a1 i1,28,22,0.6667,0.6667,0.0
PDB-CPX-184823,5qpn a1 i1,6sf9 a1 i1,28,22,0.7857,0.7857,0.0
PDB-CPX-184823,5qpn a1 i1,6sfa a1 i1,28,20,0.7143,0.7143,0.0
PDB-CPX-184823,5qpn a1 i1,6shv a1 i1,28,32,0.875,0.875,0.0
PDB-CPX-184823,5qpn a1 i1,6si5 a1 i1,28,34,0.8235,0.8235,0.0
PDB-CPX-184823,5qpn a1 i1,6t7n a1 i1,28,18,0.5333,0.5333,0.0
PDB-CPX-184823,5qpo a1 i1,5qpp a1 i1,26,28,0.8,0.8,0.0
PDB-CPX-184823,5qpo a1 i1,5qpq a1 i1,26,30,0.75,0.75,0.0
PDB-CPX-184823,5qpo a1 i1,5qpr a1 i1,26,28,0.6875,0.6875,0.0
PDB-CPX-184823,5qpo a1 i1,5qps a1 i1,26,30,0.75,0.75,0.0
PDB-CPX-184823,5qpo a1 i1,5qpt a1 i1,26,30,0.75,0.75,0.0
PDB-CPX-184823,5qpo a1 i1,5qpu a1 i1,26,26,0.8571,0.8571,0.0
PDB-CPX-184823,5qpo a1 i1,5qpv a1 i1,26,28,0.6875,0.6875,0.0
PDB-CPX-184823,5qpo a1 i1,5qpw a1 i1,26,28,0.8,0.8,0.0
PDB-CPX-184823,5qpo a1 i1,5qpx a1 i1,26,26,0.7333,0.7333,0.0
PDB-CPX-184823,5qpo a1 i1,5qpy a1 i1,26,32,0.8125,0.8125,0.0
PDB-CPX-184823,5qpo a1 i1,5qpz a1 i1,26,28,0.8,0.8,0.0
PDB-CPX-184823,5qpo a1 i1,5qq0 a1 i1,26,26,0.8571,0.8571,0.0
PDB-CPX-184823,5qpo a1 i1,5qq1 a1 i1,26,28,0.6875,0.6875,0.0
PDB-CPX-184823,5qpo a1 i1,5qq2 a1 i1,26,30,0.75,0.75,0.0
PDB-CPX-184823,5qpo a1 i1,5qq3 a1 i1,26,28,0.8,0.8,0.0
PDB-CPX-184823,5qpo a1 i1,5qq4 a1 i1,26,28,0.6875,0.6875,0.0
PDB-CPX-184823,5qpo a1 i1,5qq5 a1 i1,26,32,0.8125,0.8125,0.0
PDB-CPX-184823,5qpo a1 i1,5qq6 a1 i1,26,28,0.8,0.8,0.0
PDB-CPX-184823,5qpo a1 i1,5qq7 a1 i1,26,28,0.8,0.8,0.0
PDB-CPX-184823,5qpo a1 i1,5qq8 a1 i1,26,26,0.7333,0.7333,0.0
PDB-CPX-184823,5qpo a1 i1,5qq9 a1 i1,26,32,0.6111,0.6111,0.0
PDB-CPX-184823,5qpo a1 i1,5qqa a1 i1,26,28,0.5882,0.5882,0.0
PDB-CPX-184823,5qpo a1 i1,5qqb a1 i1,26,30,0.75,0.75,0.0
PDB-CPX-184823,5qpo a1 i1,5qqc a1 i1,26,26,0.7333,0.7333,0.0
PDB-CPX-184823,5qpo a1 i1,6r04 a1 i1,26,28,0.6875,0.6875,0.0
PDB-CPX-184823,5qpo a1 i1,6r05 a1 i1,26,28,0.8,0.8,0.0
PDB-CPX-184823,5qpo a1 i1,6r06 a1 i1,26,26,0.7333,0.7333,0.0
PDB-CPX-184823,5qpo a1 i1,6r07 a1 i1,26,26,0.7333,0.7333,0.0
PDB-CPX-184823,5qpo a1 i1,6r08 a1 i1,26,26,0.8571,0.8571,0.0
PDB-CPX-184823,5qpo a1 i1,6r09 a1 i1,26,28,0.8,0.8,0.0
PDB-CPX-184823,5qpo a1 i1,6r0a a1 i1,26,28,0.8,0.8,0.0
PDB-CPX-184823,5qpo a1 i1,6r0b a1 i1,26,30,0.75,0.75,0.0
PDB-CPX-184823,5qpo a1 i1,6sdn a1 i1,26,22,0.7143,0.7143,0.0
PDB-CPX-184823,5qpo a1 i1,6sdo a1 i1,26,24,0.7857,0.7857,0.0
PDB-CPX-184823,5qpo a1 i1,6sdp a1 i1,26,24,0.7857,0.7857,0.0
PDB-CPX-184823,5qpo a1 i1,6sdq a1 i1,26,22,0.7143,0.7143,0.0
PDB-CPX-184823,5qpo a1 i1,6se2 a1 i1,26,24,0.6667,0.6667,0.0
PDB-CPX-184823,5qpo a1 i1,6sf8 a1 i1,26,22,0.5,0.5,0.0
PDB-CPX-184823,5qpo a1 i1,6sf9 a1 i1,26,22,0.6,0.6,0.0
PDB-CPX-184823,5qpo a1 i1,6sfa a1 i1,26,20,0.6429,0.6429,0.0
PDB-CPX-184823,5qpo a1 i1,6shv a1 i1,26,32,0.8125,0.8125,0.0
PDB-CPX-184823,5qpo a1 i1,6si5 a1 i1,26,34,0.6667,0.6667,0.0
PDB-CPX-184823,5qpo a1 i1,6t7n a1 i1,26,18,0.4667,0.4667,0.0
PDB-CPX-184823,5qpp a1 i1,5qpq a1 i1,28,30,0.9333,0.9333,0.0
PDB-CPX-184823,5qpp a1 i1,5qpr a1 i1,28,28,0.8667,0.8667,0.0
PDB-CPX-184823,5qpp a1 i1,5qps a1 i1,28,30,0.8125,0.8125,0.0
PDB-CPX-184823,5qpp a1 i1,5qpt a1 i1,28,30,0.8125,0.8125,0.0
PDB-CPX-184823,5qpp a1 i1,5qpu a1 i1,28,26,0.9286,0.9286,0.0
PDB-CPX-184823,5qpp a1 i1,5qpv a1 i1,28,28,0.75,0.75,0.0
PDB-CPX-184823,5qpp a1 i1,5qpw a1 i1,28,28,0.8667,0.8667,0.0
PDB-CPX-184823,5qpp a1 i1,5qpx a1 i1,28,26,0.8,0.8,0.0
PDB-CPX-184823,5qpp a1 i1,5qpy a1 i1,28,32,0.7647,0.7647,0.0
PDB-CPX-184823,5qpp a1 i1,5qpz a1 i1,28,28,0.8667,0.8667,0.0
PDB-CPX-184823,5qpp a1 i1,5qq0 a1 i1,28,26,0.9286,0.9286,0.0
PDB-CPX-184823,5qpp a1 i1,5qq1 a1 i1,28,28,0.75,0.75,0.0
PDB-CPX-184823,5qpp a1 i1,5qq2 a1 i1,28,30,0.8125,0.8125,0.0
PDB-CPX-184823,5qpp a1 i1,5qq3 a1 i1,28,28,0.8667,0.8667,0.0
PDB-CPX-184823,5qpp a1 i1,5qq4 a1 i1,28,28,0.75,0.75,0.0
PDB-CPX-184823,5qpp a1 i1,5qq5 a1 i1,28,32,0.7647,0.7647,0.0
PDB-CPX-184823,5qpp a1 i1,5qq6 a1 i1,28,28,0.75,0.75,0.0
PDB-CPX-184823,5qpp a1 i1,5qq7 a1 i1,28,28,0.8667,0.8667,0.0
PDB-CPX-184823,5qpp a1 i1,5qq8 a1 i1,28,26,0.9286,0.9286,0.0
PDB-CPX-184823,5qpp a1 i1,5qq9 a1 i1,28,32,0.7647,0.7647,0.0
PDB-CPX-184823,5qpp a1 i1,5qqa a1 i1,28,28,0.6471,0.6471,0.0
PDB-CPX-184823,5qpp a1 i1,5qqb a1 i1,28,30,0.8125,0.8125,0.0
PDB-CPX-184823,5qpp a1 i1,5qqc a1 i1,28,26,0.8,0.8,0.0
PDB-CPX-184823,5qpp a1 i1,6r04 a1 i1,28,28,0.8667,0.8667,0.0
PDB-CPX-184823,5qpp a1 i1,6r05 a1 i1,28,28,0.8667,0.8667,0.0
PDB-CPX-184823,5qpp a1 i1,6r06 a1 i1,28,26,0.8,0.8,0.0
PDB-CPX-184823,5qpp a1 i1,6r07 a1 i1,28,26,0.8,0.8,0.0
PDB-CPX-184823,5qpp a1 i1,6r08 a1 i1,28,26,0.9286,0.9286,0.0
PDB-CPX-184823,5qpp a1 i1,6r09 a1 i1,28,28,0.8667,0.8667,0.0
PDB-CPX-184823,5qpp a1 i1,6r0a a1 i1,28,28,0.75,0.75,0.0
PDB-CPX-184823,5qpp a1 i1,6r0b a1 i1,28,30,0.8125,0.8125,0.0
PDB-CPX-184823,5qpp a1 i1,6sdn a1 i1,28,22,0.7857,0.7857,0.0
PDB-CPX-184823,5qpp a1 i1,6sdo a1 i1,28,24,0.8571,0.8571,0.0
PDB-CPX-184823,5qpp a1 i1,6sdp a1 i1,28,24,0.8571,0.8571,0.0
PDB-CPX-184823,5qpp a1 i1,6sdq a1 i1,28,22,0.7857,0.7857,0.0
PDB-CPX-184823,5qpp a1 i1,6se2 a1 i1,28,24,0.7333,0.7333,0.0
PDB-CPX-184823,5qpp a1 i1,6sf8 a1 i1,28,22,0.5625,0.5625,0.0
PDB-CPX-184823,5qpp a1 i1,6sf9 a1 i1,28,22,0.6667,0.6667,0.0
PDB-CPX-184823,5qpp a1 i1,6sfa a1 i1,28,20,0.7143,0.7143,0.0
PDB-CPX-184823,5qpp a1 i1,6shv a1 i1,28,32,0.875,0.875,0.0
PDB-CPX-184823,5qpp a1 i1,6si5 a1 i1,28,34,0.8235,0.8235,0.0
PDB-CPX-184823,5qpp a1 i1,6t7n a1 i1,28,18,0.5333,0.5333,0.0
PDB-CPX-184823,5qpq a1 i1,5qpr a1 i1,30,28,0.9333,0.9333,0.0
PDB-CPX-184823,5qpq a1 i1,5qps a1 i1,30,30,0.7647,0.7647,0.0
PDB-CPX-184823,5qpq a1 i1,5qpt a1 i1,30,30,0.875,0.875,0.0
PDB-CPX-184823,5qpq a1 i1,5qpu a1 i1,30,26,0.8667,0.8667,0.0
PDB-CPX-184823,5qpq a1 i1,5qpv a1 i1,30,28,0.7059,0.7059,0.0
PDB-CPX-184823,5qpq a1 i1,5qpw a1 i1,30,28,0.8125,0.8125,0.0
PDB-CPX-184823,5qpq a1 i1,5qpx a1 i1,30,26,0.75,0.75,0.0
PDB-CPX-184823,5qpq a1 i1,5qpy a1 i1,30,32,0.7222,0.7222,0.0
PDB-CPX-184823,5qpq a1 i1,5qpz a1 i1,30,28,0.8125,0.8125,0.0
PDB-CPX-184823,5qpq a1 i1,5qq0 a1 i1,30,26,0.8667,0.8667,0.0
PDB-CPX-184823,5qpq a1 i1,5qq1 a1 i1,30,28,0.7059,0.7059,0.0
PDB-CPX-184823,5qpq a1 i1,5qq2 a1 i1,30,30,0.875,0.875,0.0
PDB-CPX-184823,5qpq a1 i1,5qq3 a1 i1,30,28,0.8125,0.8125,0.0
PDB-CPX-184823,5qpq a1 i1,5qq4 a1 i1,30,28,0.7059,0.7059,0.0
PDB-CPX-184823,5qpq a1 i1,5qq5 a1 i1,30,32,0.7222,0.7222,0.0
PDB-CPX-184823,5qpq a1 i1,5qq6 a1 i1,30,28,0.7059,0.7059,0.0
PDB-CPX-184823,5qpq a1 i1,5qq7 a1 i1,30,28,0.8125,0.8125,0.0
PDB-CPX-184823,5qpq a1 i1,5qq8 a1 i1,30,26,0.8667,0.8667,0.0
PDB-CPX-184823,5qpq a1 i1,5qq9 a1 i1,30,32,0.7222,0.7222,0.0
PDB-CPX-184823,5qpq a1 i1,5qqa a1 i1,30,28,0.7059,0.7059,0.0
PDB-CPX-184823,5qpq a1 i1,5qqb a1 i1,30,30,0.875,0.875,0.0
PDB-CPX-184823,5qpq a1 i1,5qqc a1 i1,30,26,0.75,0.75,0.0
PDB-CPX-184823,5qpq a1 i1,6r04 a1 i1,30,28,0.8125,0.8125,0.0
PDB-CPX-184823,5qpq a1 i1,6r05 a1 i1,30,28,0.8125,0.8125,0.0
PDB-CPX-184823,5qpq a1 i1,6r06 a1 i1,30,26,0.8667,0.8667,0.0
PDB-CPX-184823,5qpq a1 i1,6r07 a1 i1,30,26,0.8667,0.8667,0.0
PDB-CPX-184823,5qpq a1 i1,6r08 a1 i1,30,26,0.8667,0.8667,0.0
PDB-CPX-184823,5qpq a1 i1,6r09 a1 i1,30,28,0.8125,0.8125,0.0
PDB-CPX-184823,5qpq a1 i1,6r0a a1 i1,30,28,0.8125,0.8125,0.0
PDB-CPX-184823,5qpq a1 i1,6r0b a1 i1,30,30,0.875,0.875,0.0
PDB-CPX-184823,5qpq a1 i1,6sdn a1 i1,30,22,0.7333,0.7333,0.0
PDB-CPX-184823,5qpq a1 i1,6sdo a1 i1,30,24,0.8,0.8,0.0
PDB-CPX-184823,5qpq a1 i1,6sdp a1 i1,30,24,0.8,0.8,0.0
PDB-CPX-184823,5qpq a1 i1,6sdq a1 i1,30,22,0.7333,0.7333,0.0
PDB-CPX-184823,5qpq a1 i1,6se2 a1 i1,30,24,0.8,0.8,0.0
PDB-CPX-184823,5qpq a1 i1,6sf8 a1 i1,30,22,0.625,0.625,0.0
PDB-CPX-184823,5qpq a1 i1,6sf9 a1 i1,30,22,0.7333,0.7333,0.0
PDB-CPX-184823,5qpq a1 i1,6sfa a1 i1,30,20,0.6667,0.6667,0.0
PDB-CPX-184823,5qpq a1 i1,6shv a1 i1,30,32,0.9375,0.9375,0.0
PDB-CPX-184823,5qpq a1 i1,6si5 a1 i1,30,34,0.8824,0.8824,0.0
PDB-CPX-184823,5qpq a1 i1,6t7n a1 i1,30,18,0.5,0.5,0.0
PDB-CPX-184823,5qpr a1 i1,5qps a1 i1,28,30,0.7059,0.7059,0.0
PDB-CPX-184823,5qpr a1 i1,5qpt a1 i1,28,30,0.8125,0.8125,0.0
PDB-CPX-184823,5qpr a1 i1,5qpu a1 i1,28,26,0.8,0.8,0.0
PDB-CPX-184823,5qpr a1 i1,5qpv a1 i1,28,28,0.75,0.75,0.0
PDB-CPX-184823,5qpr a1 i1,5qpw a1 i1,28,28,0.75,0.75,0.0
PDB-CPX-184823,5qpr a1 i1,5qpx a1 i1,28,26,0.8,0.8,0.0
PDB-CPX-184823,5qpr a1 i1,5qpy a1 i1,28,32,0.6667,0.6667,0.0
PDB-CPX-184823,5qpr a1 i1,5qpz a1 i1,28,28,0.75,0.75,0.0
PDB-CPX-184823,5qpr a1 i1,5qq0 a1 i1,28,26,0.8,0.8,0.0
PDB-CPX-184823,5qpr a1 i1,5qq1 a1 i1,28,28,0.75,0.75,0.0
PDB-CPX-184823,5qpr a1 i1,5qq2 a1 i1,28,30,0.8125,0.8125,0.0
PDB-CPX-184823,5qpr a1 i1,5qq3 a1 i1,28,28,0.75,0.75,0.0
PDB-CPX-184823,5qpr a1 i1,5qq4 a1 i1,28,28,0.75,0.75,0.0
PDB-CPX-184823,5qpr a1 i1,5qq5 a1 i1,28,32,0.6667,0.6667,0.0
PDB-CPX-184823,5qpr a1 i1,5qq6 a1 i1,28,28,0.75,0.75,0.0
PDB-CPX-184823,5qpr a1 i1,5qq7 a1 i1,28,28,0.75,0.75,0.0
PDB-CPX-184823,5qpr a1 i1,5qq8 a1 i1,28,26,0.9286,0.9286,0.0
PDB-CPX-184823,5qpr a1 i1,5qq9 a1 i1,28,32,0.6667,0.6667,0.0
PDB-CPX-184823,5qpr a1 i1,5qqa a1 i1,28,28,0.75,0.75,0.0
PDB-CPX-184823,5qpr a1 i1,5qqb a1 i1,28,30,0.8125,0.8125,0.0
PDB-CPX-184823,5qpr a1 i1,5qqc a1 i1,28,26,0.8,0.8,0.0
PDB-CPX-184823,5qpr a1 i1,6r04 a1 i1,28,28,0.8667,0.8667,0.0
PDB-CPX-184823,5qpr a1 i1,6r05 a1 i1,28,28,0.75,0.75,0.0
PDB-CPX-184823,5qpr a1 i1,6r06 a1 i1,28,26,0.9286,0.9286,0.0
PDB-CPX-184823,5qpr a1 i1,6r07 a1 i1,28,26,0.9286,0.9286,0.0
PDB-CPX-184823,5qpr a1 i1,6r08 a1 i1,28,26,0.8,0.8,0.0
PDB-CPX-184823,5qpr a1 i1,6r09 a1 i1,28,28,0.8667,0.8667,0.0
PDB-CPX-184823,5qpr a1 i1,6r0a a1 i1,28,28,0.8667,0.8667,0.0
PDB-CPX-184823,5qpr a1 i1,6r0b a1 i1,28,30,0.9333,0.9333,0.0
PDB-CPX-184823,5qpr a1 i1,6sdn a1 i1,28,22,0.7857,0.7857,0.0
PDB-CPX-184823,5qpr a1 i1,6sdo a1 i1,28,24,0.8571,0.8571,0.0
PDB-CPX-184823,5qpr a1 i1,6sdp a1 i1,28,24,0.8571,0.8571,0.0
PDB-CPX-184823,5qpr a1 i1,6sdq a1 i1,28,22,0.7857,0.7857,0.0
PDB-CPX-184823,5qpr a1 i1,6se2 a1 i1,28,24,0.8571,0.8571,0.0
PDB-CPX-184823,5qpr a1 i1,6sf8 a1 i1,28,22,0.6667,0.6667,0.0
PDB-CPX-184823,5qpr a1 i1,6sf9 a1 i1,28,22,0.7857,0.7857,0.0
PDB-CPX-184823,5qpr a1 i1,6sfa a1 i1,28,20,0.7143,0.7143,0.0
PDB-CPX-184823,5qpr a1 i1,6shv a1 i1,28,32,0.875,0.875,0.0
PDB-CPX-184823,5qpr a1 i1,6si5 a1 i1,28,34,0.8235,0.8235,0.0
PDB-CPX-184823,5qpr a1 i1,6t7n a1 i1,28,18,0.5333,0.5333,0.0
PDB-CPX-184823,5qps a1 i1,5qpt a1 i1,30,30,0.875,0.875,0.0
PDB-CPX-184823,5qps a1 i1,5qpu a1 i1,30,26,0.8667,0.8667,0.0
PDB-CPX-184823,5qps a1 i1,5qpv a1 i1,30,28,0.7059,0.7059,0.0
PDB-CPX-184823,5qps a1 i1,5qpw a1 i1,30,28,0.9333,0.9333,0.0
PDB-CPX-184823,5qps a1 i1,5qpx a1 i1,30,26,0.8667,0.8667,0.0
PDB-CPX-184823,5qps a1 i1,5qpy a1 i1,30,32,0.8235,0.8235,0.0
PDB-CPX-184823,5qps a1 i1,5qpz a1 i1,30,28,0.9333,0.9333,0.0
PDB-CPX-184823,5qps a1 i1,5qq0 a1 i1,30,26,0.8667,0.8667,0.0
PDB-CPX-184823,5qps a1 i1,5qq1 a1 i1,30,28,0.8125,0.8125,0.0
PDB-CPX-184823,5qps a1 i1,5qq2 a1 i1,30,30,0.875,0.875,0.0
PDB-CPX-184823,5qps a1 i1,5qq3 a1 i1,30,28,0.9333,0.9333,0.0
PDB-CPX-184823,5qps a1 i1,5qq4 a1 i1,30,28,0.8125,0.8125,0.0
PDB-CPX-184823,5qps a1 i1,5qq5 a1 i1,30,32,0.8235,0.8235,0.0
PDB-CPX-184823,5qps a1 i1,5qq6 a1 i1,30,28,0.8125,0.8125,0.0
PDB-CPX-184823,5qps a1 i1,5qq7 a1 i1,30,28,0.9333,0.9333,0.0
PDB-CPX-184823,5qps a1 i1,5qq8 a1 i1,30,26,0.75,0.75,0.0
PDB-CPX-184823,5qps a1 i1,5qq9 a1 i1,30,32,0.8235,0.8235,0.0
PDB-CPX-184823,5qps a1 i1,5qqa a1 i1,30,28,0.7059,0.7059,0.0
PDB-CPX-184823,5qps a1 i1,5qqb a1 i1,30,30,0.875,0.875,0.0
PDB-CPX-184823,5qps a1 i1,5qqc a1 i1,30,26,0.8667,0.8667,0.0
PDB-CPX-184823,5qps a1 i1,6r04 a1 i1,30,28,0.8125,0.8125,0.0
PDB-CPX-184823,5qps a1 i1,6r05 a1 i1,30,28,0.9333,0.9333,0.0
PDB-CPX-184823,5qps a1 i1,6r06 a1 i1,30,26,0.75,0.75,0.0
PDB-CPX-184823,5qps a1 i1,6r07 a1 i1,30,26,0.75,0.75,0.0
PDB-CPX-184823,5qps a1 i1,6r08 a1 i1,30,26,0.8667,0.8667,0.0
PDB-CPX-184823,5qps a1 i1,6r09 a1 i1,30,28,0.7059,0.7059,0.0
PDB-CPX-184823,5qps a1 i1,6r0a a1 i1,30,28,0.7059,0.7059,0.0
PDB-CPX-184823,5qps a1 i1,6r0b a1 i1,30,30,0.6667,0.6667,0.0
PDB-CPX-184823,5qps a1 i1,6sdn a1 i1,30,22,0.7333,0.7333,0.0
PDB-CPX-184823,5qps a1 i1,6sdo a1 i1,30,24,0.8,0.8,0.0
PDB-CPX-184823,5qps a1 i1,6sdp a1 i1,30,24,0.8,0.8,0.0
PDB-CPX-184823,5qps a1 i1,6sdq a1 i1,30,22,0.7333,0.7333,0.0
PDB-CPX-184823,5qps a1 i1,6se2 a1 i1,30,24,0.6875,0.6875,0.0
PDB-CPX-184823,5qps a1 i1,6sf8 a1 i1,30,22,0.625,0.625,0.0
PDB-CPX-184823,5qps a1 i1,6sf9 a1 i1,30,22,0.625,0.625,0.0
PDB-CPX-184823,5qps a1 i1,6sfa a1 i1,30,20,0.6667,0.6667,0.0
PDB-CPX-184823,5qps a1 i1,6shv a1 i1,30,32,0.7222,0.7222,0.0
PDB-CPX-184823,5qps a1 i1,6si5 a1 i1,30,34,0.7778,0.7778,0.0
PDB-CPX-184823,5qps a1 i1,6t7n a1 i1,30,18,0.6,0.6,0.0
PDB-CPX-184823,5qpt a1 i1,5qpu a1 i1,30,26,0.8667,0.8667,0.0
PDB-CPX-184823,5qpt a1 i1,5qpv a1 i1,30,28,0.7059,0.7059,0.0
PDB-CPX-184823,5qpt a1 i1,5qpw a1 i1,30,28,0.9333,0.9333,0.0
PDB-CPX-184823,5qpt a1 i1,5qpx a1 i1,30,26,0.8667,0.8667,0.0
PDB-CPX-184823,5qpt a1 i1,5qpy a1 i1,30,32,0.8235,0.8235,0.0
PDB-CPX-184823,5qpt a1 i1,5qpz a1 i1,30,28,0.9333,0.9333,0.0
PDB-CPX-184823,5qpt a1 i1,5qq0 a1 i1,30,26,0.8667,0.8667,0.0
PDB-CPX-184823,5qpt a1 i1,5qq1 a1 i1,30,28,0.8125,0.8125,0.0
PDB-CPX-184823,5qpt a1 i1,5qq2 a1 i1,30,30,1.0,1.0,0.0
PDB-CPX-184823,5qpt a1 i1,5qq3 a1 i1,30,28,0.9333,0.9333,0.0
PDB-CPX-184823,5qpt a1 i1,5qq4 a1 i1,30,28,0.8125,0.8125,0.0
PDB-CPX-184823,5qpt a1 i1,5qq5 a1 i1,30,32,0.8235,0.8235,0.0
PDB-CPX-184823,5qpt a1 i1,5qq6 a1 i1,30,28,0.8125,0.8125,0.0
PDB-CPX-184823,5qpt a1 i1,5qq7 a1 i1,30,28,0.9333,0.9333,0.0
PDB-CPX-184823,5qpt a1 i1,5qq8 a1 i1,30,26,0.75,0.75,0.0
PDB-CPX-184823,5qpt a1 i1,5qq9 a1 i1,30,32,0.7222,0.7222,0.0
PDB-CPX-184823,5qpt a1 i1,5qqa a1 i1,30,28,0.8125,0.8125,0.0
PDB-CPX-184823,5qpt a1 i1,5qqb a1 i1,30,30,1.0,1.0,0.0
PDB-CPX-184823,5qpt a1 i1,5qqc a1 i1,30,26,0.8667,0.8667,0.0
PDB-CPX-184823,5qpt a1 i1,6r04 a1 i1,30,28,0.8125,0.8125,0.0
PDB-CPX-184823,5qpt a1 i1,6r05 a1 i1,30,28,0.8125,0.8125,0.0
PDB-CPX-184823,5qpt a1 i1,6r06 a1 i1,30,26,0.8667,0.8667,0.0
PDB-CPX-184823,5qpt a1 i1,6r07 a1 i1,30,26,0.8667,0.8667,0.0
PDB-CPX-184823,5qpt a1 i1,6r08 a1 i1,30,26,0.8667,0.8667,0.0
PDB-CPX-184823,5qpt a1 i1,6r09 a1 i1,30,28,0.7059,0.7059,0.0
PDB-CPX-184823,5qpt a1 i1,6r0a a1 i1,30,28,0.8125,0.8125,0.0
PDB-CPX-184823,5qpt a1 i1,6r0b a1 i1,30,30,0.7647,0.7647,0.0
PDB-CPX-184823,5qpt a1 i1,6sdn a1 i1,30,22,0.7333,0.7333,0.0
PDB-CPX-184823,5qpt a1 i1,6sdo a1 i1,30,24,0.8,0.8,0.0
PDB-CPX-184823,5qpt a1 i1,6sdp a1 i1,30,24,0.8,0.8,0.0
PDB-CPX-184823,5qpt a1 i1,6sdq a1 i1,30,22,0.7333,0.7333,0.0
PDB-CPX-184823,5qpt a1 i1,6se2 a1 i1,30,24,0.8,0.8,0.0
PDB-CPX-184823,5qpt a1 i1,6sf8 a1 i1,30,22,0.625,0.625,0.0
PDB-CPX-184823,5qpt a1 i1,6sf9 a1 i1,30,22,0.7333,0.7333,0.0
PDB-CPX-184823,5qpt a1 i1,6sfa a1 i1,30,20,0.6667,0.6667,0.0
PDB-CPX-184823,5qpt a1 i1,6shv a1 i1,30,32,0.8235,0.8235,0.0
PDB-CPX-184823,5qpt a1 i1,6si5 a1 i1,30,34,0.8824,0.8824,0.0
PDB-CPX-184823,5qpt a1 i1,6t7n a1 i1,30,18,0.5,0.5,0.0
PDB-CPX-184823,5qpu a1 i1,5qpv a1 i1,26,28,0.6875,0.6875,0.0
PDB-CPX-184823,5qpu a1 i1,5qpw a1 i1,26,28,0.9286,0.9286,0.0
PDB-CPX-184823,5qpu a1 i1,5qpx a1 i1,26,26,0.8571,0.8571,0.0
PDB-CPX-184823,5qpu a1 i1,5qpy a1 i1,26,32,0.8125,0.8125,0.0
PDB-CPX-184823,5qpu a1 i1,5qpz a1 i1,26,28,0.9286,0.9286,0.0
PDB-CPX-184823,5qpu a1 i1,5qq0 a1 i1,26,26,1.0,1.0,0.0
PDB-CPX-184823,5qpu a1 i1,5qq1 a1 i1,26,28,0.8,0.8,0.0
PDB-CPX-184823,5qpu a1 i1,5qq2 a1 i1,26,30,0.8667,0.8667,0.0
PDB-CPX-184823,5qpu a1 i1,5qq3 a1 i1,26,28,0.9286,0.9286,0.0
PDB-CPX-184823,5qpu a1 i1,5qq4 a1 i1,26,28,0.8,0.8,0.0
PDB-CPX-184823,5qpu a1 i1,5qq5 a1 i1,26,32,0.8125,0.8125,0.0
PDB-CPX-184823,5qpu a1 i1,5qq6 a1 i1,26,28,0.8,0.8,0.0
PDB-CPX-184823,5qpu a1 i1,5qq7 a1 i1,26,28,0.9286,0.9286,0.0
PDB-CPX-184823,5qpu a1 i1,5qq8 a1 i1,26,26,0.8571,0.8571,0.0
PDB-CPX-184823,5qpu a1 i1,5qq9 a1 i1,26,32,0.7059,0.7059,0.0
PDB-CPX-184823,5qpu a1 i1,5qqa a1 i1,26,28,0.6875,0.6875,0.0
PDB-CPX-184823,5qpu a1 i1,5qqb a1 i1,26,30,0.8667,0.8667,0.0
PDB-CPX-184823,5qpu a1 i1,5qqc a1 i1,26,26,0.8571,0.8571,0.0
PDB-CPX-184823,5qpu a1 i1,6r04 a1 i1,26,28,0.8,0.8,0.0
PDB-CPX-184823,5qpu a1 i1,6r05 a1 i1,26,28,0.9286,0.9286,0.0
PDB-CPX-184823,5qpu a1 i1,6r06 a1 i1,26,26,0.8571,0.8571,0.0
PDB-CPX-184823,5qpu a1 i1,6r07 a1 i1,26,26,0.8571,0.8571,0.0
PDB-CPX-184823,5qpu a1 i1,6r08 a1 i1,26,26,1.0,1.0,0.0
PDB-CPX-184823,5qpu a1 i1,6r09 a1 i1,26,28,0.8,0.8,0.0
PDB-CPX-184823,5qpu a1 i1,6r0a a1 i1,26,28,0.8,0.8,0.0
PDB-CPX-184823,5qpu a1 i1,6r0b a1 i1,26,30,0.75,0.75,0.0
PDB-CPX-184823,5qpu a1 i1,6sdn a1 i1,26,22,0.8462,0.8462,0.0
PDB-CPX-184823,5qpu a1 i1,6sdo a1 i1,26,24,0.9231,0.9231,0.0
PDB-CPX-184823,5qpu a1 i1,6sdp a1 i1,26,24,0.9231,0.9231,0.0
PDB-CPX-184823,5qpu a1 i1,6sdq a1 i1,26,22,0.8462,0.8462,0.0
PDB-CPX-184823,5qpu a1 i1,6se2 a1 i1,26,24,0.7857,0.7857,0.0
PDB-CPX-184823,5qpu a1 i1,6sf8 a1 i1,26,22,0.6,0.6,0.0
PDB-CPX-184823,5qpu a1 i1,6sf9 a1 i1,26,22,0.7143,0.7143,0.0
PDB-CPX-184823,5qpu a1 i1,6sfa a1 i1,26,20,0.7692,0.7692,0.0
PDB-CPX-184823,5qpu a1 i1,6shv a1 i1,26,32,0.8125,0.8125,0.0
PDB-CPX-184823,5qpu a1 i1,6si5 a1 i1,26,34,0.7647,0.7647,0.0
PDB-CPX-184823,5qpu a1 i1,6t7n a1 i1,26,18,0.5714,0.5714,0.0
PDB-CPX-184823,5qpv a1 i1,5qpw a1 i1,28,28,0.75,0.75,0.0
PDB-CPX-184823,5qpv a1 i1,5qpx a1 i1,28,26,0.8,0.8,0.0
PDB-CPX-184823,5qpv a1 i1,5qpy a1 i1,28,32,0.7647,0.7647,0.0
PDB-CPX-184823,5qpv a1 i1,5qpz a1 i1,28,28,0.75,0.75,0.0
PDB-CPX-184823,5qpv a1 i1,5qq0 a1 i1,28,26,0.6875,0.6875,0.0
PDB-CPX-184823,5qpv a1 i1,5qq1 a1 i1,28,28,0.75,0.75,0.0
PDB-CPX-184823,5qpv a1 i1,5qq2 a1 i1,28,30,0.7059,0.7059,0.0
PDB-CPX-184823,5qpv a1 i1,5qq3 a1 i1,28,28,0.75,0.75,0.0
PDB-CPX-184823,5qpv a1 i1,5qq4 a1 i1,28,28,0.75,0.75,0.0
PDB-CPX-184823,5qpv a1 i1,5qq5 a1 i1,28,32,0.7647,0.7647,0.0
PDB-CPX-184823,5qpv a1 i1,5qq6 a1 i1,28,28,0.8667,0.8667,0.0
PDB-CPX-184823,5qpv a1 i1,5qq7 a1 i1,28,28,0.75,0.75,0.0
PDB-CPX-184823,5qpv a1 i1,5qq8 a1 i1,28,26,0.8,0.8,0.0
PDB-CPX-184823,5qpv a1 i1,5qq9 a1 i1,28,32,0.6667,0.6667,0.0
PDB-CPX-184823,5qpv a1 i1,5qqa a1 i1,28,28,0.75,0.75,0.0
PDB-CPX-184823,5qpv a1 i1,5qqb a1 i1,28,30,0.7059,0.7059,0.0
PDB-CPX-184823,5qpv a1 i1,5qqc a1 i1,28,26,0.8,0.8,0.0
PDB-CPX-184823,5qpv a1 i1,6r04 a1 i1,28,28,0.8667,0.8667,0.0
PDB-CPX-184823,5qpv a1 i1,6r05 a1 i1,28,28,0.6471,0.6471,0.0
PDB-CPX-184823,5qpv a1 i1,6r06 a1 i1,28,26,0.6875,0.6875,0.0
PDB-CPX-184823,5qpv a1 i1,6r07 a1 i1,28,26,0.6875,0.6875,0.0
PDB-CPX-184823,5qpv a1 i1,6r08 a1 i1,28,26,0.6875,0.6875,0.0
PDB-CPX-184823,5qpv a1 i1,6r09 a1 i1,28,28,0.8667,0.8667,0.0
PDB-CPX-184823,5qpv a1 i1,6r0a a1 i1,28,28,0.75,0.75,0.0
PDB-CPX-184823,5qpv a1 i1,6r0b a1 i1,28,30,0.8125,0.8125,0.0
PDB-CPX-184823,5qpv a1 i1,6sdn a1 i1,28,22,0.6667,0.6667,0.0
PDB-CPX-184823,5qpv a1 i1,6sdo a1 i1,28,24,0.7333,0.7333,0.0
PDB-CPX-184823,5qpv a1 i1,6sdp a1 i1,28,24,0.7333,0.7333,0.0
PDB-CPX-184823,5qpv a1 i1,6sdq a1 i1,28,22,0.6667,0.6667,0.0
PDB-CPX-184823,5qpv a1 i1,6se2 a1 i1,28,24,0.625,0.625,0.0
PDB-CPX-184823,5qpv a1 i1,6sf8 a1 i1,28,22,0.4706,0.4706,0.0
PDB-CPX-184823,5qpv a1 i1,6sf9 a1 i1,28,22,0.5625,0.5625,0.0
PDB-CPX-184823,5qpv a1 i1,6sfa a1 i1,28,20,0.6,0.6,0.0
PDB-CPX-184823,5qpv a1 i1,6shv a1 i1,28,32,0.7647,0.7647,0.0
PDB-CPX-184823,5qpv a1 i1,6si5 a1 i1,28,34,0.7222,0.7222,0.0
PDB-CPX-184823,5qpv a1 i1,6t7n a1 i1,28,18,0.5333,0.5333,0.0
PDB-CPX-184823,5qpw a1 i1,5qpx a1 i1,28,26,0.9286,0.9286,0.0
PDB-CPX-184823,5qpw a1 i1,5qpy a1 i1,28,32,0.875,0.875,0.0
PDB-CPX-184823,5qpw a1 i1,5qpz a1 i1,28,28,1.0,1.0,0.0
PDB-CPX-184823,5qpw a1 i1,5qq0 a1 i1,28,26,0.9286,0.9286,0.0
PDB-CPX-184823,5qpw a1 i1,5qq1 a1 i1,28,28,0.8667,0.8667,0.0
PDB-CPX-184823,5qpw a1 i1,5qq2 a1 i1,28,30,0.9333,0.9333,0.0
PDB-CPX-184823,5qpw a1 i1,5qq3 a1 i1,28,28,1.0,1.0,0.0
PDB-CPX-184823,5qpw a1 i1,5qq4 a1 i1,28,28,0.8667,0.8667,0.0
PDB-CPX-184823,5qpw a1 i1,5qq5 a1 i1,28,32,0.875,0.875,0.0
PDB-CPX-184823,5qpw a1 i1,5qq6 a1 i1,28,28,0.8667,0.8667,0.0
PDB-CPX-184823,5qpw a1 i1,5qq7 a1 i1,28,28,1.0,1.0,0.0
PDB-CPX-184823,5qpw a1 i1,5qq8 a1 i1,28,26,0.8,0.8,0.0
PDB-CPX-184823,5qpw a1 i1,5qq9 a1 i1,28,32,0.7647,0.7647,0.0
PDB-CPX-184823,5qpw a1 i1,5qqa a1 i1,28,28,0.75,0.75,0.0
PDB-CPX-184823,5qpw a1 i1,5qqb a1 i1,28,30,0.9333,0.9333,0.0
PDB-CPX-184823,5qpw a1 i1,5qqc a1 i1,28,26,0.9286,0.9286,0.0
PDB-CPX-184823,5qpw a1 i1,6r04 a1 i1,28,28,0.8667,0.8667,0.0
PDB-CPX-184823,5qpw a1 i1,6r05 a1 i1,28,28,0.8667,0.8667,0.0
PDB-CPX-184823,5qpw a1 i1,6r06 a1 i1,28,26,0.8,0.8,0.0
PDB-CPX-184823,5qpw a1 i1,6r07 a1 i1,28,26,0.8,0.8,0.0
PDB-CPX-184823,5qpw a1 i1,6r08 a1 i1,28,26,0.9286,0.9286,0.0
PDB-CPX-184823,5qpw a1 i1,6r09 a1 i1,28,28,0.75,0.75,0.0
PDB-CPX-184823,5qpw a1 i1,6r0a a1 i1,28,28,0.75,0.75,0.0
PDB-CPX-184823,5qpw a1 i1,6r0b a1 i1,28,30,0.7059,0.7059,0.0
PDB-CPX-184823,5qpw a1 i1,6sdn a1 i1,28,22,0.7857,0.7857,0.0
PDB-CPX-184823,5qpw a1 i1,6sdo a1 i1,28,24,0.8571,0.8571,0.0
PDB-CPX-184823,5qpw a1 i1,6sdp a1 i1,28,24,0.8571,0.8571,0.0
PDB-CPX-184823,5qpw a1 i1,6sdq a1 i1,28,22,0.7857,0.7857,0.0
PDB-CPX-184823,5qpw a1 i1,6se2 a1 i1,28,24,0.7333,0.7333,0.0
PDB-CPX-184823,5qpw a1 i1,6sf8 a1 i1,28,22,0.5625,0.5625,0.0
PDB-CPX-184823,5qpw a1 i1,6sf9 a1 i1,28,22,0.6667,0.6667,0.0
PDB-CPX-184823,5qpw a1 i1,6sfa a1 i1,28,20,0.7143,0.7143,0.0
PDB-CPX-184823,5qpw a1 i1,6shv a1 i1,28,32,0.7647,0.7647,0.0
PDB-CPX-184823,5qpw a1 i1,6si5 a1 i1,28,34,0.8235,0.8235,0.0
PDB-CPX-184823,5qpw a1 i1,6t7n a1 i1,28,18,0.5333,0.5333,0.0
PDB-CPX-184823,5qpx a1 i1,5qpy a1 i1,26,32,0.8125,0.8125,0.0
PDB-CPX-184823,5qpx a1 i1,5qpz a1 i1,26,28,0.9286,0.9286,0.0
PDB-CPX-184823,5qpx a1 i1,5qq0 a1 i1,26,26,0.8571,0.8571,0.0
PDB-CPX-184823,5qpx a1 i1,5qq1 a1 i1,26,28,0.9286,0.9286,0.0
PDB-CPX-184823,5qpx a1 i1,5qq2 a1 i1,26,30,0.8667,0.8667,0.0
PDB-CPX-184823,5qpx a1 i1,5qq3 a1 i1,26,28,0.9286,0.9286,0.0
PDB-CPX-184823,5qpx a1 i1,5qq4 a1 i1,26,28,0.9286,0.9286,0.0
PDB-CPX-184823,5qpx a1 i1,5qq5 a1 i1,26,32,0.8125,0.8125,0.0
PDB-CPX-184823,5qpx a1 i1,5qq6 a1 i1,26,28,0.9286,0.9286,0.0
PDB-CPX-184823,5qpx a1 i1,5qq7 a1 i1,26,28,0.9286,0.9286,0.0
PDB-CPX-184823,5qpx a1 i1,5qq8 a1 i1,26,26,0.8571,0.8571,0.0
PDB-CPX-184823,5qpx a1 i1,5qq9 a1 i1,26,32,0.7059,0.7059,0.0
PDB-CPX-184823,5qpx a1 i1,5qqa a1 i1,26,28,0.8,0.8,0.0
PDB-CPX-184823,5qpx a1 i1,5qqb a1 i1,26,30,0.8667,0.8667,0.0
PDB-CPX-184823,5qpx a1 i1,5qqc a1 i1,26,26,1.0,1.0,0.0
PDB-CPX-184823,5qpx a1 i1,6r04 a1 i1,26,28,0.9286,0.9286,0.0
PDB-CPX-184823,5qpx a1 i1,6r05 a1 i1,26,28,0.8,0.8,0.0
PDB-CPX-184823,5qpx a1 i1,6r06 a1 i1,26,26,0.8571,0.8571,0.0
PDB-CPX-184823,5qpx a1 i1,6r07 a1 i1,26,26,0.8571,0.8571,0.0
PDB-CPX-184823,5qpx a1 i1,6r08 a1 i1,26,26,0.8571,0.8571,0.0
PDB-CPX-184823,5qpx a1 i1,6r09 a1 i1,26,28,0.8,0.8,0.0
PDB-CPX-184823,5qpx a1 i1,6r0a a1 i1,26,28,0.8,0.8,0.0
PDB-CPX-184823,5qpx a1 i1,6r0b a1 i1,26,30,0.75,0.75,0.0
PDB-CPX-184823,5qpx a1 i1,6sdn a1 i1,26,22,0.8462,0.8462,0.0
PDB-CPX-184823,5qpx a1 i1,6sdo a1 i1,26,24,0.9231,0.9231,0.0
PDB-CPX-184823,5qpx a1 i1,6sdp a1 i1,26,24,0.9231,0.9231,0.0
PDB-CPX-184823,5qpx a1 i1,6sdq a1 i1,26,22,0.8462,0.8462,0.0
PDB-CPX-184823,5qpx a1 i1,6se2 a1 i1,26,24,0.7857,0.7857,0.0
PDB-CPX-184823,5qpx a1 i1,6sf8 a1 i1,26,22,0.6,0.6,0.0
PDB-CPX-184823,5qpx a1 i1,6sf9 a1 i1,26,22,0.7143,0.7143,0.0
PDB-CPX-184823,5qpx a1 i1,6sfa a1 i1,26,20,0.7692,0.7692,0.0
PDB-CPX-184823,5qpx a1 i1,6shv a1 i1,26,32,0.7059,0.7059,0.0
PDB-CPX-184823,5qpx a1 i1,6si5 a1 i1,26,34,0.7647,0.7647,0.0
PDB-CPX-184823,5qpx a1 i1,6t7n a1 i1,26,18,0.5714,0.5714,0.0
PDB-CPX-184823,5qpy a1 i1,5qpz a1 i1,32,28,0.875,0.875,0.0
PDB-CPX-184823,5qpy a1 i1,5qq0 a1 i1,32,26,0.8125,0.8125,0.0
PDB-CPX-184823,5qpy a1 i1,5qq1 a1 i1,32,28,0.875,0.875,0.0
PDB-CPX-184823,5qpy a1 i1,5qq2 a1 i1,32,30,0.8235,0.8235,0.0
PDB-CPX-184823,5qpy a1 i1,5qq3 a1 i1,32,28,0.875,0.875,0.0
PDB-CPX-184823,5qpy a1 i1,5qq4 a1 i1,32,28,0.875,0.875,0.0
PDB-CPX-184823,5qpy a1 i1,5qq5 a1 i1,32,32,1.0,1.0,0.0
PDB-CPX-184823,5qpy a1 i1,5qq6 a1 i1,32,28,0.875,0.875,0.0
PDB-CPX-184823,5qpy a1 i1,5qq7 a1 i1,32,28,0.875,0.875,0.0
PDB-CPX-184823,5qpy a1 i1,5qq8 a1 i1,32,26,0.7059,0.7059,0.0
PDB-CPX-184823,5qpy a1 i1,5qq9 a1 i1,32,32,0.6842,0.6842,0.0
PDB-CPX-184823,5qpy a1 i1,5qqa a1 i1,32,28,0.6667,0.6667,0.0
PDB-CPX-184823,5qpy a1 i1,5qqb a1 i1,32,30,0.8235,0.8235,0.0
PDB-CPX-184823,5qpy a1 i1,5qqc a1 i1,32,26,0.8125,0.8125,0.0
PDB-CPX-184823,5qpy a1 i1,6r04 a1 i1,32,28,0.7647,0.7647,0.0
PDB-CPX-184823,5qpy a1 i1,6r05 a1 i1,32,28,0.7647,0.7647,0.0
PDB-CPX-184823,5qpy a1 i1,6r06 a1 i1,32,26,0.7059,0.7059,0.0
PDB-CPX-184823,5qpy a1 i1,6r07 a1 i1,32,26,0.7059,0.7059,0.0
PDB-CPX-184823,5qpy a1 i1,6r08 a1 i1,32,26,0.8125,0.8125,0.0
PDB-CPX-184823,5qpy a1 i1,6r09 a1 i1,32,28,0.7647,0.7647,0.0
PDB-CPX-184823,5qpy a1 i1,6r0a a1 i1,32,28,0.7647,0.7647,0.0
PDB-CPX-184823,5qpy a1 i1,6r0b a1 i1,32,30,0.7222,0.7222,0.0
PDB-CPX-184823,5qpy a1 i1,6sdn a1 i1,32,22,0.6875,0.6875,0.0
PDB-CPX-184823,5qpy a1 i1,6sdo a1 i1,32,24,0.75,0.75,0.0
PDB-CPX-184823,5qpy a1 i1,6sdp a1 i1,32,24,0.75,0.75,0.0
PDB-CPX-184823,5qpy a1 i1,6sdq a1 i1,32,22,0.6875,0.6875,0.0
PDB-CPX-184823,5qpy a1 i1,6se2 a1 i1,32,24,0.6471,0.6471,0.0
PDB-CPX-184823,5qpy a1 i1,6sf8 a1 i1,32,22,0.5,0.5,0.0
PDB-CPX-184823,5qpy a1 i1,6sf9 a1 i1,32,22,0.5882,0.5882,0.0
PDB-CPX-184823,5qpy a1 i1,6sfa a1 i1,32,20,0.625,0.625,0.0
PDB-CPX-184823,5qpy a1 i1,6shv a1 i1,32,32,0.7778,0.7778,0.0
PDB-CPX-184823,5qpy a1 i1,6si5 a1 i1,32,34,0.7368,0.7368,0.0
PDB-CPX-184823,5qpy a1 i1,6t7n a1 i1,32,18,0.4706,0.4706,0.0
PDB-CPX-184823,5qpz a1 i1,5qq0 a1 i1,28,26,0.9286,0.9286,0.0
PDB-CPX-184823,5qpz a1 i1,5qq1 a1 i1,28,28,0.8667,0.8667,0.0
PDB-CPX-184823,5qpz a1 i1,5qq2 a1 i1,28,30,0.9333,0.9333,0.0
PDB-CPX-184823,5qpz a1 i1,5qq3 a1 i1,28,28,1.0,1.0,0.0
PDB-CPX-184823,5qpz a1 i1,5qq4 a1 i1,28,28,0.8667,0.8667,0.0
PDB-CPX-184823,5qpz a1 i1,5qq5 a1 i1,28,32,0.875,0.875,0.0
PDB-CPX-184823,5qpz a1 i1,5qq6 a1 i1,28,28,0.8667,0.8667,0.0
PDB-CPX-184823,5qpz a1 i1,5qq7 a1 i1,28,28,1.0,1.0,0.0
PDB-CPX-184823,5qpz a1 i1,5qq8 a1 i1,28,26,0.8,0.8,0.0
PDB-CPX-184823,5qpz a1 i1,5qq9 a1 i1,28,32,0.7647,0.7647,0.0
PDB-CPX-184823,5qpz a1 i1,5qqa a1 i1,28,28,0.75,0.75,0.0
PDB-CPX-184823,5qpz a1 i1,5qqb a1 i1,28,30,0.9333,0.9333,0.0
PDB-CPX-184823,5qpz a1 i1,5qqc a1 i1,28,26,0.9286,0.9286,0.0
PDB-CPX-184823,5qpz a1 i1,6r04 a1 i1,28,28,0.8667,0.8667,0.0
PDB-CPX-184823,5qpz a1 i1,6r05 a1 i1,28,28,0.8667,0.8667,0.0
PDB-CPX-184823,5qpz a1 i1,6r06 a1 i1,28,26,0.8,0.8,0.0
PDB-CPX-184823,5qpz a1 i1,6r07 a1 i1,28,26,0.8,0.8,0.0
PDB-CPX-184823,5qpz a1 i1,6r08 a1 i1,28,26,0.9286,0.9286,0.0
PDB-CPX-184823,5qpz a1 i1,6r09 a1 i1,28,28,0.75,0.75,0.0
PDB-CPX-184823,5qpz a1 i1,6r0a a1 i1,28,28,0.75,0.75,0.0
PDB-CPX-184823,5qpz a1 i1,6r0b a1 i1,28,30,0.7059,0.7059,0.0
PDB-CPX-184823,5qpz a1 i1,6sdn a1 i1,28,22,0.7857,0.7857,0.0
PDB-CPX-184823,5qpz a1 i1,6sdo a1 i1,28,24,0.8571,0.8571,0.0
PDB-CPX-184823,5qpz a1 i1,6sdp a1 i1,28,24,0.8571,0.8571,0.0
PDB-CPX-184823,5qpz a1 i1,6sdq a1 i1,28,22,0.7857,0.7857,0.0
PDB-CPX-184823,5qpz a1 i1,6se2 a1 i1,28,24,0.7333,0.7333,0.0
PDB-CPX-184823,5qpz a1 i1,6sf8 a1 i1,28,22,0.5625,0.5625,0.0
PDB-CPX-184823,5qpz a1 i1,6sf9 a1 i1,28,22,0.6667,0.6667,0.0
PDB-CPX-184823,5qpz a1 i1,6sfa a1 i1,28,20,0.7143,0.7143,0.0
PDB-CPX-184823,5qpz a1 i1,6shv a1 i1,28,32,0.7647,0.7647,0.0
PDB-CPX-184823,5qpz a1 i1,6si5 a1 i1,28,34,0.8235,0.8235,0.0
PDB-CPX-184823,5qpz a1 i1,6t7n a1 i1,28,18,0.5333,0.5333,0.0
PDB-CPX-184823,5qq0 a1 i1,5qq1 a1 i1,26,28,0.8,0.8,0.0
PDB-CPX-184823,5qq0 a1 i1,5qq2 a1 i1,26,30,0.8667,0.8667,0.0
PDB-CPX-184823,5qq0 a1 i1,5qq3 a1 i1,26,28,0.9286,0.9286,0.0
PDB-CPX-184823,5qq0 a1 i1,5qq4 a1 i1,26,28,0.8,0.8,0.0
PDB-CPX-184823,5qq0 a1 i1,5qq5 a1 i1,26,32,0.8125,0.8125,0.0
PDB-CPX-184823,5qq0 a1 i1,5qq6 a1 i1,26,28,0.8,0.8,0.0
PDB-CPX-184823,5qq0 a1 i1,5qq7 a1 i1,26,28,0.9286,0.9286,0.0
PDB-CPX-184823,5qq0 a1 i1,5qq8 a1 i1,26,26,0.8571,0.8571,0.0
PDB-CPX-184823,5qq0 a1 i1,5qq9 a1 i1,26,32,0.7059,0.7059,0.0
PDB-CPX-184823,5qq0 a1 i1,5qqa a1 i1,26,28,0.6875,0.6875,0.0
PDB-CPX-184823,5qq0 a1 i1,5qqb a1 i1,26,30,0.8667,0.8667,0.0
PDB-CPX-184823,5qq0 a1 i1,5qqc a1 i1,26,26,0.8571,0.8571,0.0
PDB-CPX-184823,5qq0 a1 i1,6r04 a1 i1,26,28,0.8,0.8,0.0
PDB-CPX-184823,5qq0 a1 i1,6r05 a1 i1,26,28,0.9286,0.9286,0.0
PDB-CPX-184823,5qq0 a1 i1,6r06 a1 i1,26,26,0.8571,0.8571,0.0
PDB-CPX-184823,5qq0 a1 i1,6r07 a1 i1,26,26,0.8571,0.8571,0.0
PDB-CPX-184823,5qq0 a1 i1,6r08 a1 i1,26,26,1.0,1.0,0.0
PDB-CPX-184823,5qq0 a1 i1,6r09 a1 i1,26,28,0.8,0.8,0.0
PDB-CPX-184823,5qq0 a1 i1,6r0a a1 i1,26,28,0.8,0.8,0.0
PDB-CPX-184823,5qq0 a1 i1,6r0b a1 i1,26,30,0.75,0.75,0.0
PDB-CPX-184823,5qq0 a1 i1,6sdn a1 i1,26,22,0.8462,0.8462,0.0
PDB-CPX-184823,5qq0 a1 i1,6sdo a1 i1,26,24,0.9231,0.9231,0.0
PDB-CPX-184823,5qq0 a1 i1,6sdp a1 i1,26,24,0.9231,0.9231,0.0
PDB-CPX-184823,5qq0 a1 i1,6sdq a1 i1,26,22,0.8462,0.8462,0.0
PDB-CPX-184823,5qq0 a1 i1,6se2 a1 i1,26,24,0.7857,0.7857,0.0
PDB-CPX-184823,5qq0 a1 i1,6sf8 a1 i1,26,22,0.6,0.6,0.0
PDB-CPX-184823,5qq0 a1 i1,6sf9 a1 i1,26,22,0.7143,0.7143,0.0
PDB-CPX-184823,5qq0 a1 i1,6sfa a1 i1,26,20,0.7692,0.7692,0.0
PDB-CPX-184823,5qq0 a1 i1,6shv a1 i1,26,32,0.8125,0.8125,0.0
PDB-CPX-184823,5qq0 a1 i1,6si5 a1 i1,26,34,0.7647,0.7647,0.0
PDB-CPX-184823,5qq0 a1 i1,6t7n a1 i1,26,18,0.5714,0.5714,0.0
PDB-CPX-184823,5qq1 a1 i1,5qq2 a1 i1,28,30,0.8125,0.8125,0.0
PDB-CPX-184823,5qq1 a1 i1,5qq3 a1 i1,28,28,0.8667,0.8667,0.0
PDB-CPX-184823,5qq1 a1 i1,5qq4 a1 i1,28,28,1.0,1.0,0.0
PDB-CPX-184823,5qq1 a1 i1,5qq5 a1 i1,28,32,0.875,0.875,0.0
PDB-CPX-184823,5qq1 a1 i1,5qq6 a1 i1,28,28,0.8667,0.8667,0.0
PDB-CPX-184823,5qq1 a1 i1,5qq7 a1 i1,28,28,0.8667,0.8667,0.0
PDB-CPX-184823,5qq1 a1 i1,5qq8 a1 i1,28,26,0.8,0.8,0.0
PDB-CPX-184823,5qq1 a1 i1,5qq9 a1 i1,28,32,0.6667,0.6667,0.0
PDB-CPX-184823,5qq1 a1 i1,5qqa a1 i1,28,28,0.75,0.75,0.0
PDB-CPX-184823,5qq1 a1 i1,5qqb a1 i1,28,30,0.8125,0.8125,0.0
PDB-CPX-184823,5qq1 a1 i1,5qqc a1 i1,28,26,0.9286,0.9286,0.0
PDB-CPX-184823,5qq1 a1 i1,6r04 a1 i1,28,28,0.8667,0.8667,0.0
PDB-CPX-184823,5qq1 a1 i1,6r05 a1 i1,28,28,0.75,0.75,0.0
PDB-CPX-184823,5qq1 a1 i1,6r06 a1 i1,28,26,0.8,0.8,0.0
PDB-CPX-184823,5qq1 a1 i1,6r07 a1 i1,28,26,0.8,0.8,0.0
PDB-CPX-184823,5qq1 a1 i1,6r08 a1 i1,28,26,0.8,0.8,0.0
PDB-CPX-184823,5qq1 a1 i1,6r09 a1 i1,28,28,0.75,0.75,0.0
PDB-CPX-184823,5qq1 a1 i1,6r0a a1 i1,28,28,0.75,0.75,0.0
PDB-CPX-184823,5qq1 a1 i1,6r0b a1 i1,28,30,0.7059,0.7059,0.0
PDB-CPX-184823,5qq1 a1 i1,6sdn a1 i1,28,22,0.7857,0.7857,0.0
PDB-CPX-184823,5qq1 a1 i1,6sdo a1 i1,28,24,0.8571,0.8571,0.0
PDB-CPX-184823,5qq1 a1 i1,6sdp a1 i1,28,24,0.8571,0.8571,0.0
PDB-CPX-184823,5qq1 a1 i1,6sdq a1 i1,28,22,0.7857,0.7857,0.0
PDB-CPX-184823,5qq1 a1 i1,6se2 a1 i1,28,24,0.7333,0.7333,0.0
PDB-CPX-184823,5qq1 a1 i1,6sf8 a1 i1,28,22,0.5625,0.5625,0.0
PDB-CPX-184823,5qq1 a1 i1,6sf9 a1 i1,28,22,0.6667,0.6667,0.0
PDB-CPX-184823,5qq1 a1 i1,6sfa a1 i1,28,20,0.7143,0.7143,0.0
PDB-CPX-184823,5qq1 a1 i1,6shv a1 i1,28,32,0.6667,0.6667,0.0
PDB-CPX-184823,5qq1 a1 i1,6si5 a1 i1,28,34,0.7222,0.7222,0.0
PDB-CPX-184823,5qq1 a1 i1,6t7n a1 i1,28,18,0.5333,0.5333,0.0
PDB-CPX-184823,5qq2 a1 i1,5qq3 a1 i1,30,28,0.9333,0.9333,0.0
PDB-CPX-184823,5qq2 a1 i1,5qq4 a1 i1,30,28,0.8125,0.8125,0.0
PDB-CPX-184823,5qq2 a1 i1,5qq5 a1 i1,30,32,0.8235,0.8235,0.0
PDB-CPX-184823,5qq2 a1 i1,5qq6 a1 i1,30,28,0.8125,0.8125,0.0
PDB-CPX-184823,5qq2 a1 i1,5qq7 a1 i1,30,28,0.9333,0.9333,0.0
PDB-CPX-184823,5qq2 a1 i1,5qq8 a1 i1,30,26,0.75,0.75,0.0
PDB-CPX-184823,5qq2 a1 i1,5qq9 a1 i1,30,32,0.7222,0.7222,0.0
PDB-CPX-184823,5qq2 a1 i1,5qqa a1 i1,30,28,0.8125,0.8125,0.0
PDB-CPX-184823,5qq2 a1 i1,5qqb a1 i1,30,30,1.0,1.0,0.0
PDB-CPX-184823,5qq2 a1 i1,5qqc a1 i1,30,26,0.8667,0.8667,0.0
PDB-CPX-184823,5qq2 a1 i1,6r04 a1 i1,30,28,0.8125,0.8125,0.0
PDB-CPX-184823,5qq2 a1 i1,6r05 a1 i1,30,28,0.8125,0.8125,0.0
PDB-CPX-184823,5qq2 a1 i1,6r06 a1 i1,30,26,0.8667,0.8667,0.0
PDB-CPX-184823,5qq2 a1 i1,6r07 a1 i1,30,26,0.8667,0.8667,0.0
PDB-CPX-184823,5qq2 a1 i1,6r08 a1 i1,30,26,0.8667,0.8667,0.0
PDB-CPX-184823,5qq2 a1 i1,6r09 a1 i1,30,28,0.7059,0.7059,0.0
PDB-CPX-184823,5qq2 a1 i1,6r0a a1 i1,30,28,0.8125,0.8125,0.0
PDB-CPX-184823,5qq2 a1 i1,6r0b a1 i1,30,30,0.7647,0.7647,0.0
PDB-CPX-184823,5qq2 a1 i1,6sdn a1 i1,30,22,0.7333,0.7333,0.0
PDB-CPX-184823,5qq2 a1 i1,6sdo a1 i1,30,24,0.8,0.8,0.0
PDB-CPX-184823,5qq2 a1 i1,6sdp a1 i1,30,24,0.8,0.8,0.0
PDB-CPX-184823,5qq2 a1 i1,6sdq a1 i1,30,22,0.7333,0.7333,0.0
PDB-CPX-184823,5qq2 a1 i1,6se2 a1 i1,30,24,0.8,0.8,0.0
PDB-CPX-184823,5qq2 a1 i1,6sf8 a1 i1,30,22,0.625,0.625,0.0
PDB-CPX-184823,5qq2 a1 i1,6sf9 a1 i1,30,22,0.7333,0.7333,0.0
PDB-CPX-184823,5qq2 a1 i1,6sfa a1 i1,30,20,0.6667,0.6667,0.0
PDB-CPX-184823,5qq2 a1 i1,6shv a1 i1,30,32,0.8235,0.8235,0.0
PDB-CPX-184823,5qq2 a1 i1,6si5 a1 i1,30,34,0.8824,0.8824,0.0
PDB-CPX-184823,5qq2 a1 i1,6t7n a1 i1,30,18,0.5,0.5,0.0
PDB-CPX-184823,5qq3 a1 i1,5qq4 a1 i1,28,28,0.8667,0.8667,0.0
PDB-CPX-184823,5qq3 a1 i1,5qq5 a1 i1,28,32,0.875,0.875,0.0
PDB-CPX-184823,5qq3 a1 i1,5qq6 a1 i1,28,28,0.8667,0.8667,0.0
PDB-CPX-184823,5qq3 a1 i1,5qq7 a1 i1,28,28,1.0,1.0,0.0
PDB-CPX-184823,5qq3 a1 i1,5qq8 a1 i1,28,26,0.8,0.8,0.0
PDB-CPX-184823,5qq3 a1 i1,5qq9 a1 i1,28,32,0.7647,0.7647,0.0
PDB-CPX-184823,5qq3 a1 i1,5qqa a1 i1,28,28,0.75,0.75,0.0
PDB-CPX-184823,5qq3 a1 i1,5qqb a1 i1,28,30,0.9333,0.9333,0.0
PDB-CPX-184823,5qq3 a1 i1,5qqc a1 i1,28,26,0.9286,0.9286,0.0
PDB-CPX-184823,5qq3 a1 i1,6r04 a1 i1,28,28,0.8667,0.8667,0.0
PDB-CPX-184823,5qq3 a1 i1,6r05 a1 i1,28,28,0.8667,0.8667,0.0
PDB-CPX-184823,5qq3 a1 i1,6r06 a1 i1,28,26,0.8,0.8,0.0
PDB-CPX-184823,5qq3 a1 i1,6r07 a1 i1,28,26,0.8,0.8,0.0
PDB-CPX-184823,5qq3 a1 i1,6r08 a1 i1,28,26,0.9286,0.9286,0.0
PDB-CPX-184823,5qq3 a1 i1,6r09 a1 i1,28,28,0.75,0.75,0.0
PDB-CPX-184823,5qq3 a1 i1,6r0a a1 i1,28,28,0.75,0.75,0.0
PDB-CPX-184823,5qq3 a1 i1,6r0b a1 i1,28,30,0.7059,0.7059,0.0
PDB-CPX-184823,5qq3 a1 i1,6sdn a1 i1,28,22,0.7857,0.7857,0.0
PDB-CPX-184823,5qq3 a1 i1,6sdo a1 i1,28,24,0.8571,0.8571,0.0
PDB-CPX-184823,5qq3 a1 i1,6sdp a1 i1,28,24,0.8571,0.8571,0.0
PDB-CPX-184823,5qq3 a1 i1,6sdq a1 i1,28,22,0.7857,0.7857,0.0
PDB-CPX-184823,5qq3 a1 i1,6se2 a1 i1,28,24,0.7333,0.7333,0.0
PDB-CPX-184823,5qq3 a1 i1,6sf8 a1 i1,28,22,0.5625,0.5625,0.0
PDB-CPX-184823,5qq3 a1 i1,6sf9 a1 i1,28,22,0.6667,0.6667,0.0
PDB-CPX-184823,5qq3 a1 i1,6sfa a1 i1,28,20,0.7143,0.7143,0.0
PDB-CPX-184823,5qq3 a1 i1,6shv a1 i1,28,32,0.7647,0.7647,0.0
PDB-CPX-184823,5qq3 a1 i1,6si5 a1 i1,28,34,0.8235,0.8235,0.0
PDB-CPX-184823,5qq3 a1 i1,6t7n a1 i1,28,18,0.5333,0.5333,0.0
PDB-CPX-184823,5qq4 a1 i1,5qq5 a1 i1,28,32,0.875,0.875,0.0
PDB-CPX-184823,5qq4 a1 i1,5qq6 a1 i1,28,28,0.8667,0.8667,0.0
PDB-CPX-184823,5qq4 a1 i1,5qq7 a1 i1,28,28,0.8667,0.8667,0.0
PDB-CPX-184823,5qq4 a1 i1,5qq8 a1 i1,28,26,0.8,0.8,0.0
PDB-CPX-184823,5qq4 a1 i1,5qq9 a1 i1,28,32,0.6667,0.6667,0.0
PDB-CPX-184823,5qq4 a1 i1,5qqa a1 i1,28,28,0.75,0.75,0.0
PDB-CPX-184823,5qq4 a1 i1,5qqb a1 i1,28,30,0.8125,0.8125,0.0
PDB-CPX-184823,5qq4 a1 i1,5qqc a1 i1,28,26,0.9286,0.9286,0.0
PDB-CPX-184823,5qq4 a1 i1,6r04 a1 i1,28,28,0.8667,0.8667,0.0
PDB-CPX-184823,5qq4 a1 i1,6r05 a1 i1,28,28,0.75,0.75,0.0
PDB-CPX-184823,5qq4 a1 i1,6r06 a1 i1,28,26,0.8,0.8,0.0
PDB-CPX-184823,5qq4 a1 i1,6r07 a1 i1,28,26,0.8,0.8,0.0
PDB-CPX-184823,5qq4 a1 i1,6r08 a1 i1,28,26,0.8,0.8,0.0
PDB-CPX-184823,5qq4 a1 i1,6r09 a1 i1,28,28,0.75,0.75,0.0
PDB-CPX-184823,5qq4 a1 i1,6r0a a1 i1,28,28,0.75,0.75,0.0
PDB-CPX-184823,5qq4 a1 i1,6r0b a1 i1,28,30,0.7059,0.7059,0.0
PDB-CPX-184823,5qq4 a1 i1,6sdn a1 i1,28,22,0.7857,0.7857,0.0
PDB-CPX-184823,5qq4 a1 i1,6sdo a1 i1,28,24,0.8571,0.8571,0.0
PDB-CPX-184823,5qq4 a1 i1,6sdp a1 i1,28,24,0.8571,0.8571,0.0
PDB-CPX-184823,5qq4 a1 i1,6sdq a1 i1,28,22,0.7857,0.7857,0.0
PDB-CPX-184823,5qq4 a1 i1,6se2 a1 i1,28,24,0.7333,0.7333,0.0
PDB-CPX-184823,5qq4 a1 i1,6sf8 a1 i1,28,22,0.5625,0.5625,0.0
PDB-CPX-184823,5qq4 a1 i1,6sf9 a1 i1,28,22,0.6667,0.6667,0.0
PDB-CPX-184823,5qq4 a1 i1,6sfa a1 i1,28,20,0.7143,0.7143,0.0
PDB-CPX-184823,5qq4 a1 i1,6shv a1 i1,28,32,0.6667,0.6667,0.0
PDB-CPX-184823,5qq4 a1 i1,6si5 a1 i1,28,34,0.7222,0.7222,0.0
PDB-CPX-184823,5qq4 a1 i1,6t7n a1 i1,28,18,0.5333,0.5333,0.0
PDB-CPX-184823,5qq5 a1 i1,5qq6 a1 i1,32,28,0.875,0.875,0.0
PDB-CPX-184823,5qq5 a1 i1,5qq7 a1 i1,32,28,0.875,0.875,0.0
PDB-CPX-184823,5qq5 a1 i1,5qq8 a1 i1,32,26,0.7059,0.7059,0.0
PDB-CPX-184823,5qq5 a1 i1,5qq9 a1 i1,32,32,0.6842,0.6842,0.0
PDB-CPX-184823,5qq5 a1 i1,5qqa a1 i1,32,28,0.6667,0.6667,0.0
PDB-CPX-184823,5qq5 a1 i1,5qqb a1 i1,32,30,0.8235,0.8235,0.0
PDB-CPX-184823,5qq5 a1 i1,5qqc a1 i1,32,26,0.8125,0.8125,0.0
PDB-CPX-184823,5qq5 a1 i1,6r04 a1 i1,32,28,0.7647,0.7647,0.0
PDB-CPX-184823,5qq5 a1 i1,6r05 a1 i1,32,28,0.7647,0.7647,0.0
PDB-CPX-184823,5qq5 a1 i1,6r06 a1 i1,32,26,0.7059,0.7059,0.0
PDB-CPX-184823,5qq5 a1 i1,6r07 a1 i1,32,26,0.7059,0.7059,0.0
PDB-CPX-184823,5qq5 a1 i1,6r08 a1 i1,32,26,0.8125,0.8125,0.0
PDB-CPX-184823,5qq5 a1 i1,6r09 a1 i1,32,28,0.7647,0.7647,0.0
PDB-CPX-184823,5qq5 a1 i1,6r0a a1 i1,32,28,0.7647,0.7647,0.0
PDB-CPX-184823,5qq5 a1 i1,6r0b a1 i1,32,30,0.7222,0.7222,0.0
PDB-CPX-184823,5qq5 a1 i1,6sdn a1 i1,32,22,0.6875,0.6875,0.0
PDB-CPX-184823,5qq5 a1 i1,6sdo a1 i1,32,24,0.75,0.75,0.0
PDB-CPX-184823,5qq5 a1 i1,6sdp a1 i1,32,24,0.75,0.75,0.0
PDB-CPX-184823,5qq5 a1 i1,6sdq a1 i1,32,22,0.6875,0.6875,0.0
PDB-CPX-184823,5qq5 a1 i1,6se2 a1 i1,32,24,0.6471,0.6471,0.0
PDB-CPX-184823,5qq5 a1 i1,6sf8 a1 i1,32,22,0.5,0.5,0.0
PDB-CPX-184823,5qq5 a1 i1,6sf9 a1 i1,32,22,0.5882,0.5882,0.0
PDB-CPX-184823,5qq5 a1 i1,6sfa a1 i1,32,20,0.625,0.625,0.0
PDB-CPX-184823,5qq5 a1 i1,6shv a1 i1,32,32,0.7778,0.7778,0.0
PDB-CPX-184823,5qq5 a1 i1,6si5 a1 i1,32,34,0.7368,0.7368,0.0
PDB-CPX-184823,5qq5 a1 i1,6t7n a1 i1,32,18,0.4706,0.4706,0.0
PDB-CPX-184823,5qq6 a1 i1,5qq7 a1 i1,28,28,0.8667,0.8667,0.0
PDB-CPX-184823,5qq6 a1 i1,5qq8 a1 i1,28,26,0.8,0.8,0.0
PDB-CPX-184823,5qq6 a1 i1,5qq9 a1 i1,28,32,0.6667,0.6667,0.0
PDB-CPX-184823,5qq6 a1 i1,5qqa a1 i1,28,28,0.75,0.75,0.0
PDB-CPX-184823,5qq6 a1 i1,5qqb a1 i1,28,30,0.8125,0.8125,0.0
PDB-CPX-184823,5qq6 a1 i1,5qqc a1 i1,28,26,0.9286,0.9286,0.0
PDB-CPX-184823,5qq6 a1 i1,6r04 a1 i1,28,28,0.8667,0.8667,0.0
PDB-CPX-184823,5qq6 a1 i1,6r05 a1 i1,28,28,0.75,0.75,0.0
PDB-CPX-184823,5qq6 a1 i1,6r06 a1 i1,28,26,0.8,0.8,0.0
PDB-CPX-184823,5qq6 a1 i1,6r07 a1 i1,28,26,0.8,0.8,0.0
PDB-CPX-184823,5qq6 a1 i1,6r08 a1 i1,28,26,0.8,0.8,0.0
PDB-CPX-184823,5qq6 a1 i1,6r09 a1 i1,28,28,0.8667,0.8667,0.0
PDB-CPX-184823,5qq6 a1 i1,6r0a a1 i1,28,28,0.8667,0.8667,0.0
PDB-CPX-184823,5qq6 a1 i1,6r0b a1 i1,28,30,0.8125,0.8125,0.0
PDB-CPX-184823,5qq6 a1 i1,6sdn a1 i1,28,22,0.7857,0.7857,0.0
PDB-CPX-184823,5qq6 a1 i1,6sdo a1 i1,28,24,0.8571,0.8571,0.0
PDB-CPX-184823,5qq6 a1 i1,6sdp a1 i1,28,24,0.8571,0.8571,0.0
PDB-CPX-184823,5qq6 a1 i1,6sdq a1 i1,28,22,0.7857,0.7857,0.0
PDB-CPX-184823,5qq6 a1 i1,6se2 a1 i1,28,24,0.7333,0.7333,0.0
PDB-CPX-184823,5qq6 a1 i1,6sf8 a1 i1,28,22,0.5625,0.5625,0.0
PDB-CPX-184823,5qq6 a1 i1,6sf9 a1 i1,28,22,0.6667,0.6667,0.0
PDB-CPX-184823,5qq6 a1 i1,6sfa a1 i1,28,20,0.7143,0.7143,0.0
PDB-CPX-184823,5qq6 a1 i1,6shv a1 i1,28,32,0.7647,0.7647,0.0
PDB-CPX-184823,5qq6 a1 i1,6si5 a1 i1,28,34,0.7222,0.7222,0.0
PDB-CPX-184823,5qq6 a1 i1,6t7n a1 i1,28,18,0.5333,0.5333,0.0
PDB-CPX-184823,5qq7 a1 i1,5qq8 a1 i1,28,26,0.8,0.8,0.0
PDB-CPX-184823,5qq7 a1 i1,5qq9 a1 i1,28,32,0.7647,0.7647,0.0
PDB-CPX-184823,5qq7 a1 i1,5qqa a1 i1,28,28,0.75,0.75,0.0
PDB-CPX-184823,5qq7 a1 i1,5qqb a1 i1,28,30,0.9333,0.9333,0.0
PDB-CPX-184823,5qq7 a1 i1,5qqc a1 i1,28,26,0.9286,0.9286,0.0
PDB-CPX-184823,5qq7 a1 i1,6r04 a1 i1,28,28,0.8667,0.8667,0.0
PDB-CPX-184823,5qq7 a1 i1,6r05 a1 i1,28,28,0.8667,0.8667,0.0
PDB-CPX-184823,5qq7 a1 i1,6r06 a1 i1,28,26,0.8,0.8,0.0
PDB-CPX-184823,5qq7 a1 i1,6r07 a1 i1,28,26,0.8,0.8,0.0
PDB-CPX-184823,5qq7 a1 i1,6r08 a1 i1,28,26,0.9286,0.9286,0.0
PDB-CPX-184823,5qq7 a1 i1,6r09 a1 i1,28,28,0.75,0.75,0.0
PDB-CPX-184823,5qq7 a1 i1,6r0a a1 i1,28,28,0.75,0.75,0.0
PDB-CPX-184823,5qq7 a1 i1,6r0b a1 i1,28,30,0.7059,0.7059,0.0
PDB-CPX-184823,5qq7 a1 i1,6sdn a1 i1,28,22,0.7857,0.7857,0.0
PDB-CPX-184823,5qq7 a1 i1,6sdo a1 i1,28,24,0.8571,0.8571,0.0
PDB-CPX-184823,5qq7 a1 i1,6sdp a1 i1,28,24,0.8571,0.8571,0.0
PDB-CPX-184823,5qq7 a1 i1,6sdq a1 i1,28,22,0.7857,0.7857,0.0
PDB-CPX-184823,5qq7 a1 i1,6se2 a1 i1,28,24,0.7333,0.7333,0.0
PDB-CPX-184823,5qq7 a1 i1,6sf8 a1 i1,28,22,0.5625,0.5625,0.0
PDB-CPX-184823,5qq7 a1 i1,6sf9 a1 i1,28,22,0.6667,0.6667,0.0
PDB-CPX-184823,5qq7 a1 i1,6sfa a1 i1,28,20,0.7143,0.7143,0.0
PDB-CPX-184823,5qq7 a1 i1,6shv a1 i1,28,32,0.7647,0.7647,0.0
PDB-CPX-184823,5qq7 a1 i1,6si5 a1 i1,28,34,0.8235,0.8235,0.0
PDB-CPX-184823,5qq7 a1 i1,6t7n a1 i1,28,18,0.5333,0.5333,0.0
PDB-CPX-184823,5qq8 a1 i1,5qq9 a1 i1,26,32,0.7059,0.7059,0.0
PDB-CPX-184823,5qq8 a1 i1,5qqa a1 i1,26,28,0.6875,0.6875,0.0
PDB-CPX-184823,5qq8 a1 i1,5qqb a1 i1,26,30,0.75,0.75,0.0
PDB-CPX-184823,5qq8 a1 i1,5qqc a1 i1,26,26,0.8571,0.8571,0.0
PDB-CPX-184823,5qq8 a1 i1,6r04 a1 i1,26,28,0.9286,0.9286,0.0
PDB-CPX-184823,5qq8 a1 i1,6r05 a1 i1,26,28,0.8,0.8,0.0
PDB-CPX-184823,5qq8 a1 i1,6r06 a1 i1,26,26,0.8571,0.8571,0.0
PDB-CPX-184823,5qq8 a1 i1,6r07 a1 i1,26,26,0.8571,0.8571,0.0
PDB-CPX-184823,5qq8 a1 i1,6r08 a1 i1,26,26,0.8571,0.8571,0.0
PDB-CPX-184823,5qq8 a1 i1,6r09 a1 i1,26,28,0.9286,0.9286,0.0
PDB-CPX-184823,5qq8 a1 i1,6r0a a1 i1,26,28,0.8,0.8,0.0
PDB-CPX-184823,5qq8 a1 i1,6r0b a1 i1,26,30,0.8667,0.8667,0.0
PDB-CPX-184823,5qq8 a1 i1,6sdn a1 i1,26,22,0.8462,0.8462,0.0
PDB-CPX-184823,5qq8 a1 i1,6sdo a1 i1,26,24,0.9231,0.9231,0.0
PDB-CPX-184823,5qq8 a1 i1,6sdp a1 i1,26,24,0.9231,0.9231,0.0
PDB-CPX-184823,5qq8 a1 i1,6sdq a1 i1,26,22,0.8462,0.8462,0.0
PDB-CPX-184823,5qq8 a1 i1,6se2 a1 i1,26,24,0.7857,0.7857,0.0
PDB-CPX-184823,5qq8 a1 i1,6sf8 a1 i1,26,22,0.6,0.6,0.0
PDB-CPX-184823,5qq8 a1 i1,6sf9 a1 i1,26,22,0.7143,0.7143,0.0
PDB-CPX-184823,5qq8 a1 i1,6sfa a1 i1,26,20,0.7692,0.7692,0.0
PDB-CPX-184823,5qq8 a1 i1,6shv a1 i1,26,32,0.8125,0.8125,0.0
PDB-CPX-184823,5qq8 a1 i1,6si5 a1 i1,26,34,0.7647,0.7647,0.0
PDB-CPX-184823,5qq8 a1 i1,6t7n a1 i1,26,18,0.5714,0.5714,0.0
PDB-CPX-184823,5qq9 a1 i1,5qqa a1 i1,32,28,0.6667,0.6667,0.0
PDB-CPX-184823,5qq9 a1 i1,5qqb a1 i1,32,30,0.7222,0.7222,0.0
PDB-CPX-184823,5qq9 a1 i1,5qqc a1 i1,32,26,0.7059,0.7059,0.0
PDB-CPX-184823,5qq9 a1 i1,6r04 a1 i1,32,28,0.7647,0.7647,0.0
PDB-CPX-184823,5qq9 a1 i1,6r05 a1 i1,32,28,0.7647,0.7647,0.0
PDB-CPX-184823,5qq9 a1 i1,6r06 a1 i1,32,26,0.6111,0.6111,0.0
PDB-CPX-184823,5qq9 a1 i1,6r07 a1 i1,32,26,0.6111,0.6111,0.0
PDB-CPX-184823,5qq9 a1 i1,6r08 a1 i1,32,26,0.7059,0.7059,0.0
PDB-CPX-184823,5qq9 a1 i1,6r09 a1 i1,32,28,0.6667,0.6667,0.0
PDB-CPX-184823,5qq9 a1 i1,6r0a a1 i1,32,28,0.5789,0.5789,0.0
PDB-CPX-184823,5qq9 a1 i1,6r0b a1 i1,32,30,0.6316,0.6316,0.0
PDB-CPX-184823,5qq9 a1 i1,6sdn a1 i1,32,22,0.5882,0.5882,0.0
PDB-CPX-184823,5qq9 a1 i1,6sdo a1 i1,32,24,0.6471,0.6471,0.0
PDB-CPX-184823,5qq9 a1 i1,6sdp a1 i1,32,24,0.6471,0.6471,0.0
PDB-CPX-184823,5qq9 a1 i1,6sdq a1 i1,32,22,0.5882,0.5882,0.0
PDB-CPX-184823,5qq9 a1 i1,6se2 a1 i1,32,24,0.5556,0.5556,0.0
PDB-CPX-184823,5qq9 a1 i1,6sf8 a1 i1,32,22,0.5882,0.5882,0.0
PDB-CPX-184823,5qq9 a1 i1,6sf9 a1 i1,32,22,0.5882,0.5882,0.0
PDB-CPX-184823,5qq9 a1 i1,6sfa a1 i1,32,20,0.625,0.625,0.0
PDB-CPX-184823,5qq9 a1 i1,6shv a1 i1,32,32,0.6842,0.6842,0.0
PDB-CPX-184823,5qq9 a1 i1,6si5 a1 i1,32,34,0.7368,0.7368,0.0
PDB-CPX-184823,5qq9 a1 i1,6t7n a1 i1,32,18,0.5625,0.5625,0.0
PDB-CPX-184823,5qqa a1 i1,5qqb a1 i1,28,30,0.8125,0.8125,0.0
PDB-CPX-184823,5qqa a1 i1,5qqc a1 i1,28,26,0.8,0.8,0.0
PDB-CPX-184823,5qqa a1 i1,6r04 a1 i1,28,28,0.75,0.75,0.0
PDB-CPX-184823,5qqa a1 i1,6r05 a1 i1,28,28,0.6471,0.6471,0.0
PDB-CPX-184823,5qqa a1 i1,6r06 a1 i1,28,26,0.8,0.8,0.0
PDB-CPX-184823,5qqa a1 i1,6r07 a1 i1,28,26,0.8,0.8,0.0
PDB-CPX-184823,5qqa a1 i1,6r08 a1 i1,28,26,0.6875,0.6875,0.0
PDB-CPX-184823,5qqa a1 i1,6r09 a1 i1,28,28,0.6471,0.6471,0.0
PDB-CPX-184823,5qqa a1 i1,6r0a a1 i1,28,28,0.75,0.75,0.0
PDB-CPX-184823,5qqa a1 i1,6r0b a1 i1,28,30,0.7059,0.7059,0.0
PDB-CPX-184823,5qqa a1 i1,6sdn a1 i1,28,22,0.6667,0.6667,0.0
PDB-CPX-184823,5qqa a1 i1,6sdo a1 i1,28,24,0.7333,0.7333,0.0
PDB-CPX-184823,5qqa a1 i1,6sdp a1 i1,28,24,0.7333,0.7333,0.0
PDB-CPX-184823,5qqa a1 i1,6sdq a1 i1,28,22,0.6667,0.6667,0.0
PDB-CPX-184823,5qqa a1 i1,6se2 a1 i1,28,24,0.7333,0.7333,0.0
PDB-CPX-184823,5qqa a1 i1,6sf8 a1 i1,28,22,0.5625,0.5625,0.0
PDB-CPX-184823,5qqa a1 i1,6sf9 a1 i1,28,22,0.6667,0.6667,0.0
PDB-CPX-184823,5qqa a1 i1,6sfa a1 i1,28,20,0.6,0.6,0.0
PDB-CPX-184823,5qqa a1 i1,6shv a1 i1,28,32,0.6667,0.6667,0.0
PDB-CPX-184823,5qqa a1 i1,6si5 a1 i1,28,34,0.7222,0.7222,0.0
PDB-CPX-184823,5qqa a1 i1,6t7n a1 i1,28,18,0.5333,0.5333,0.0
PDB-CPX-184823,5qqb a1 i1,5qqc a1 i1,30,26,0.8667,0.8667,0.0
PDB-CPX-184823,5qqb a1 i1,6r04 a1 i1,30,28,0.8125,0.8125,0.0
PDB-CPX-184823,5qqb a1 i1,6r05 a1 i1,30,28,0.8125,0.8125,0.0
PDB-CPX-184823,5qqb a1 i1,6r06 a1 i1,30,26,0.8667,0.8667,0.0
PDB-CPX-184823,5qqb a1 i1,6r07 a1 i1,30,26,0.8667,0.8667,0.0
PDB-CPX-184823,5qqb a1 i1,6r08 a1 i1,30,26,0.8667,0.8667,0.0
PDB-CPX-184823,5qqb a1 i1,6r09 a1 i1,30,28,0.7059,0.7059,0.0
PDB-CPX-184823,5qqb a1 i1,6r0a a1 i1,30,28,0.8125,0.8125,0.0
PDB-CPX-184823,5qqb a1 i1,6r0b a1 i1,30,30,0.7647,0.7647,0.0
PDB-CPX-184823,5qqb a1 i1,6sdn a1 i1,30,22,0.7333,0.7333,0.0
PDB-CPX-184823,5qqb a1 i1,6sdo a1 i1,30,24,0.8,0.8,0.0
PDB-CPX-184823,5qqb a1 i1,6sdp a1 i1,30,24,0.8,0.8,0.0
PDB-CPX-184823,5qqb a1 i1,6sdq a1 i1,30,22,0.7333,0.7333,0.0
PDB-CPX-184823,5qqb a1 i1,6se2 a1 i1,30,24,0.8,0.8,0.0
PDB-CPX-184823,5qqb a1 i1,6sf8 a1 i1,30,22,0.625,0.625,0.0
PDB-CPX-184823,5qqb a1 i1,6sf9 a1 i1,30,22,0.7333,0.7333,0.0
PDB-CPX-184823,5qqb a1 i1,6sfa a1 i1,30,20,0.6667,0.6667,0.0
PDB-CPX-184823,5qqb a1 i1,6shv a1 i1,30,32,0.8235,0.8235,0.0
PDB-CPX-184823,5qqb a1 i1,6si5 a1 i1,30,34,0.8824,0.8824,0.0
PDB-CPX-184823,5qqb a1 i1,6t7n a1 i1,30,18,0.5,0.5,0.0
PDB-CPX-184823,5qqc a1 i1,6r04 a1 i1,26,28,0.9286,0.9286,0.0
PDB-CPX-184823,5qqc a1 i1,6r05 a1 i1,26,28,0.8,0.8,0.0
PDB-CPX-184823,5qqc a1 i1,6r06 a1 i1,26,26,0.8571,0.8571,0.0
PDB-CPX-184823,5qqc a1 i1,6r07 a1 i1,26,26,0.8571,0.8571,0.0
PDB-CPX-184823,5qqc a1 i1,6r08 a1 i1,26,26,0.8571,0.8571,0.0
PDB-CPX-184823,5qqc a1 i1,6r09 a1 i1,26,28,0.8,0.8,0.0
PDB-CPX-184823,5qqc a1 i1,6r0a a1 i1,26,28,0.8,0.8,0.0
PDB-CPX-184823,5qqc a1 i1,6r0b a1 i1,26,30,0.75,0.75,0.0
PDB-CPX-184823,5qqc a1 i1,6sdn a1 i1,26,22,0.8462,0.8462,0.0
PDB-CPX-184823,5qqc a1 i1,6sdo a1 i1,26,24,0.9231,0.9231,0.0
PDB-CPX-184823,5qqc a1 i1,6sdp a1 i1,26,24,0.9231,0.9231,0.0
PDB-CPX-184823,5qqc a1 i1,6sdq a1 i1,26,22,0.8462,0.8462,0.0
PDB-CPX-184823,5qqc a1 i1,6se2 a1 i1,26,24,0.7857,0.7857,0.0
PDB-CPX-184823,5qqc a1 i1,6sf8 a1 i1,26,22,0.6,0.6,0.0
PDB-CPX-184823,5qqc a1 i1,6sf9 a1 i1,26,22,0.7143,0.7143,0.0
PDB-CPX-184823,5qqc a1 i1,6sfa a1 i1,26,20,0.7692,0.7692,0.0
PDB-CPX-184823,5qqc a1 i1,6shv a1 i1,26,32,0.7059,0.7059,0.0
PDB-CPX-184823,5qqc a1 i1,6si5 a1 i1,26,34,0.7647,0.7647,0.0
PDB-CPX-184823,5qqc a1 i1,6t7n a1 i1,26,18,0.5714,0.5714,0.0
PDB-CPX-184823,6r04 a1 i1,6r05 a1 i1,28,28,0.75,0.75,0.0
PDB-CPX-184823,6r04 a1 i1,6r06 a1 i1,28,26,0.8,0.8,0.0
PDB-CPX-184823,6r04 a1 i1,6r07 a1 i1,28,26,0.8,0.8,0.0
PDB-CPX-184823,6r04 a1 i1,6r08 a1 i1,28,26,0.8,0.8,0.0
PDB-CPX-184823,6r04 a1 i1,6r09 a1 i1,28,28,0.8667,0.8667,0.0
PDB-CPX-184823,6r04 a1 i1,6r0a a1 i1,28,28,0.75,0.75,0.0
PDB-CPX-184823,6r04 a1 i1,6r0b a1 i1,28,30,0.8125,0.8125,0.0
PDB-CPX-184823,6r04 a1 i1,6sdn a1 i1,28,22,0.7857,0.7857,0.0
PDB-CPX-184823,6r04 a1 i1,6sdo a1 i1,28,24,0.8571,0.8571,0.0
PDB-CPX-184823,6r04 a1 i1,6sdp a1 i1,28,24,0.8571,0.8571,0.0
PDB-CPX-184823,6r04 a1 i1,6sdq a1 i1,28,22,0.7857,0.7857,0.0
PDB-CPX-184823,6r04 a1 i1,6se2 a1 i1,28,24,0.7333,0.7333,0.0
PDB-CPX-184823,6r04 a1 i1,6sf8 a1 i1,28,22,0.5625,0.5625,0.0
PDB-CPX-184823,6r04 a1 i1,6sf9 a1 i1,28,22,0.6667,0.6667,0.0
PDB-CPX-184823,6r04 a1 i1,6sfa a1 i1,28,20,0.7143,0.7143,0.0
PDB-CPX-184823,6r04 a1 i1,6shv a1 i1,28,32,0.7647,0.7647,0.0
PDB-CPX-184823,6r04 a1 i1,6si5 a1 i1,28,34,0.8235,0.8235,0.0
PDB-CPX-184823,6r04 a1 i1,6t7n a1 i1,28,18,0.5333,0.5333,0.0
PDB-CPX-184823,6r05 a1 i1,6r06 a1 i1,28,26,0.8,0.8,0.0
PDB-CPX-184823,6r05 a1 i1,6r07 a1 i1,28,26,0.8,0.8,0.0
PDB-CPX-184823,6r05 a1 i1,6r08 a1 i1,28,26,0.9286,0.9286,0.0
PDB-CPX-184823,6r05 a1 i1,6r09 a1 i1,28,28,0.75,0.75,0.0
PDB-CPX-184823,6r05 a1 i1,6r0a a1 i1,28,28,0.75,0.75,0.0
PDB-CPX-184823,6r05 a1 i1,6r0b a1 i1,28,30,0.7059,0.7059,0.0
PDB-CPX-184823,6r05 a1 i1,6sdn a1 i1,28,22,0.7857,0.7857,0.0
PDB-CPX-184823,6r05 a1 i1,6sdo a1 i1,28,24,0.8571,0.8571,0.0
PDB-CPX-184823,6r05 a1 i1,6sdp a1 i1,28,24,0.8571,0.8571,0.0
PDB-CPX-184823,6r05 a1 i1,6sdq a1 i1,28,22,0.7857,0.7857,0.0
PDB-CPX-184823,6r05 a1 i1,6se2 a1 i1,28,24,0.7333,0.7333,0.0
PDB-CPX-184823,6r05 a1 i1,6sf8 a1 i1,28,22,0.6667,0.6667,0.0
PDB-CPX-184823,6r05 a1 i1,6sf9 a1 i1,28,22,0.6667,0.6667,0.0
PDB-CPX-184823,6r05 a1 i1,6sfa a1 i1,28,20,0.7143,0.7143,0.0
PDB-CPX-184823,6r05 a1 i1,6shv a1 i1,28,32,0.7647,0.7647,0.0
PDB-CPX-184823,6r05 a1 i1,6si5 a1 i1,28,34,0.7222,0.7222,0.0
PDB-CPX-184823,6r05 a1 i1,6t7n a1 i1,28,18,0.6429,0.6429,0.0
PDB-CPX-184823,6r06 a1 i1,6r07 a1 i1,26,26,1.0,1.0,0.0
PDB-CPX-184823,6r06 a1 i1,6r08 a1 i1,26,26,0.8571,0.8571,0.0
PDB-CPX-184823,6r06 a1 i1,6r09 a1 i1,26,28,0.8,0.8,0.0
PDB-CPX-184823,6r06 a1 i1,6r0a a1 i1,26,28,0.9286,0.9286,0.0
PDB-CPX-184823,6r06 a1 i1,6r0b a1 i1,26,30,0.8667,0.8667,0.0
PDB-CPX-184823,6r06 a1 i1,6sdn a1 i1,26,22,0.8462,0.8462,0.0
PDB-CPX-184823,6r06 a1 i1,6sdo a1 i1,26,24,0.9231,0.9231,0.0
PDB-CPX-184823,6r06 a1 i1,6sdp a1 i1,26,24,0.9231,0.9231,0.0
PDB-CPX-184823,6r06 a1 i1,6sdq a1 i1,26,22,0.8462,0.8462,0.0
PDB-CPX-184823,6r06 a1 i1,6se2 a1 i1,26,24,0.9231,0.9231,0.0
PDB-CPX-184823,6r06 a1 i1,6sf8 a1 i1,26,22,0.7143,0.7143,0.0
PDB-CPX-184823,6r06 a1 i1,6sf9 a1 i1,26,22,0.8462,0.8462,0.0
PDB-CPX-184823,6r06 a1 i1,6sfa a1 i1,26,20,0.7692,0.7692,0.0
PDB-CPX-184823,6r06 a1 i1,6shv a1 i1,26,32,0.8125,0.8125,0.0
PDB-CPX-184823,6r06 a1 i1,6si5 a1 i1,26,34,0.7647,0.7647,0.0
PDB-CPX-184823,6r06 a1 i1,6t7n a1 i1,26,18,0.5714,0.5714,0.0
PDB-CPX-184823,6r07 a1 i1,6r08 a1 i1,26,26,0.8571,0.8571,0.0
PDB-CPX-184823,6r07 a1 i1,6r09 a1 i1,26,28,0.8,0.8,0.0
PDB-CPX-184823,6r07 a1 i1,6r0a a1 i1,26,28,0.9286,0.9286,0.0
PDB-CPX-184823,6r07 a1 i1,6r0b a1 i1,26,30,0.8667,0.8667,0.0
PDB-CPX-184823,6r07 a1 i1,6sdn a1 i1,26,22,0.8462,0.8462,0.0
PDB-CPX-184823,6r07 a1 i1,6sdo a1 i1,26,24,0.9231,0.9231,0.0
PDB-CPX-184823,6r07 a1 i1,6sdp a1 i1,26,24,0.9231,0.9231,0.0
PDB-CPX-184823,6r07 a1 i1,6sdq a1 i1,26,22,0.8462,0.8462,0.0
PDB-CPX-184823,6r07 a1 i1,6se2 a1 i1,26,24,0.9231,0.9231,0.0
PDB-CPX-184823,6r07 a1 i1,6sf8 a1 i1,26,22,0.7143,0.7143,0.0
PDB-CPX-184823,6r07 a1 i1,6sf9 a1 i1,26,22,0.8462,0.8462,0.0
PDB-CPX-184823,6r07 a1 i1,6sfa a1 i1,26,20,0.7692,0.7692,0.0
PDB-CPX-184823,6r07 a1 i1,6shv a1 i1,26,32,0.8125,0.8125,0.0
PDB-CPX-184823,6r07 a1 i1,6si5 a1 i1,26,34,0.7647,0.7647,0.0
PDB-CPX-184823,6r07 a1 i1,6t7n a1 i1,26,18,0.5714,0.5714,0.0
PDB-CPX-184823,6r08 a1 i1,6r09 a1 i1,26,28,0.8,0.8,0.0
PDB-CPX-184823,6r08 a1 i1,6r0a a1 i1,26,28,0.8,0.8,0.0
PDB-CPX-184823,6r08 a1 i1,6r0b a1 i1,26,30,0.75,0.75,0.0
PDB-CPX-184823,6r08 a1 i1,6sdn a1 i1,26,22,0.8462,0.8462,0.0
PDB-CPX-184823,6r08 a1 i1,6sdo a1 i1,26,24,0.9231,0.9231,0.0
PDB-CPX-184823,6r08 a1 i1,6sdp a1 i1,26,24,0.9231,0.9231,0.0
PDB-CPX-184823,6r08 a1 i1,6sdq a1 i1,26,22,0.8462,0.8462,0.0
PDB-CPX-184823,6r08 a1 i1,6se2 a1 i1,26,24,0.7857,0.7857,0.0
PDB-CPX-184823,6r08 a1 i1,6sf8 a1 i1,26,22,0.6,0.6,0.0
PDB-CPX-184823,6r08 a1 i1,6sf9 a1 i1,26,22,0.7143,0.7143,0.0
PDB-CPX-184823,6r08 a1 i1,6sfa a1 i1,26,20,0.7692,0.7692,0.0
PDB-CPX-184823,6r08 a1 i1,6shv a1 i1,26,32,0.8125,0.8125,0.0
PDB-CPX-184823,6r08 a1 i1,6si5 a1 i1,26,34,0.7647,0.7647,0.0
PDB-CPX-184823,6r08 a1 i1,6t7n a1 i1,26,18,0.5714,0.5714,0.0
PDB-CPX-184823,6r09 a1 i1,6r0a a1 i1,28,28,0.8667,0.8667,0.0
PDB-CPX-184823,6r09 a1 i1,6r0b a1 i1,28,30,0.9333,0.9333,0.0
PDB-CPX-184823,6r09 a1 i1,6sdn a1 i1,28,22,0.7857,0.7857,0.0
PDB-CPX-184823,6r09 a1 i1,6sdo a1 i1,28,24,0.8571,0.8571,0.0
PDB-CPX-184823,6r09 a1 i1,6sdp a1 i1,28,24,0.8571,0.8571,0.0
PDB-CPX-184823,6r09 a1 i1,6sdq a1 i1,28,22,0.7857,0.7857,0.0
PDB-CPX-184823,6r09 a1 i1,6se2 a1 i1,28,24,0.7333,0.7333,0.0
PDB-CPX-184823,6r09 a1 i1,6sf8 a1 i1,28,22,0.5625,0.5625,0.0
PDB-CPX-184823,6r09 a1 i1,6sf9 a1 i1,28,22,0.6667,0.6667,0.0
PDB-CPX-184823,6r09 a1 i1,6sfa a1 i1,28,20,0.7143,0.7143,0.0
PDB-CPX-184823,6r09 a1 i1,6shv a1 i1,28,32,0.875,0.875,0.0
PDB-CPX-184823,6r09 a1 i1,6si5 a1 i1,28,34,0.7222,0.7222,0.0
PDB-CPX-184823,6r09 a1 i1,6t7n a1 i1,28,18,0.5333,0.5333,0.0
PDB-CPX-184823,6r0a a1 i1,6r0b a1 i1,28,30,0.9333,0.9333,0.0
PDB-CPX-184823,6r0a a1 i1,6sdn a1 i1,28,22,0.7857,0.7857,0.0
PDB-CPX-184823,6r0a a1 i1,6sdo a1 i1,28,24,0.8571,0.8571,0.0
PDB-CPX-184823,6r0a a1 i1,6sdp a1 i1,28,24,0.8571,0.8571,0.0
PDB-CPX-184823,6r0a a1 i1,6sdq a1 i1,28,22,0.7857,0.7857,0.0
PDB-CPX-184823,6r0a a1 i1,6se2 a1 i1,28,24,0.8571,0.8571,0.0
PDB-CPX-184823,6r0a a1 i1,6sf8 a1 i1,28,22,0.6667,0.6667,0.0
PDB-CPX-184823,6r0a a1 i1,6sf9 a1 i1,28,22,0.7857,0.7857,0.0
PDB-CPX-184823,6r0a a1 i1,6sfa a1 i1,28,20,0.7143,0.7143,0.0
PDB-CPX-184823,6r0a a1 i1,6shv a1 i1,28,32,0.875,0.875,0.0
PDB-CPX-184823,6r0a a1 i1,6si5 a1 i1,28,34,0.7222,0.7222,0.0
PDB-CPX-184823,6r0a a1 i1,6t7n a1 i1,28,18,0.5333,0.5333,0.0
PDB-CPX-184823,6r0b a1 i1,6sdn a1 i1,30,22,0.7333,0.7333,0.0
PDB-CPX-184823,6r0b a1 i1,6sdo a1 i1,30,24,0.8,0.8,0.0
PDB-CPX-184823,6r0b a1 i1,6sdp a1 i1,30,24,0.8,0.8,0.0
PDB-CPX-184823,6r0b a1 i1,6sdq a1 i1,30,22,0.7333,0.7333,0.0
PDB-CPX-184823,6r0b a1 i1,6se2 a1 i1,30,24,0.8,0.8,0.0
PDB-CPX-184823,6r0b a1 i1,6sf8 a1 i1,30,22,0.625,0.625,0.0
PDB-CPX-184823,6r0b a1 i1,6sf9 a1 i1,30,22,0.7333,0.7333,0.0
PDB-CPX-184823,6r0b a1 i1,6sfa a1 i1,30,20,0.6667,0.6667,0.0
PDB-CPX-184823,6r0b a1 i1,6shv a1 i1,30,32,0.9375,0.9375,0.0
PDB-CPX-184823,6r0b a1 i1,6si5 a1 i1,30,34,0.7778,0.7778,0.0
PDB-CPX-184823,6r0b a1 i1,6t7n a1 i1,30,18,0.5,0.5,0.0
PDB-CPX-184823,6sdn a1 i1,6sdo a1 i1,22,24,0.9167,0.9167,0.0
PDB-CPX-184823,6sdn a1 i1,6sdp a1 i1,22,24,0.9167,0.9167,0.0
PDB-CPX-184823,6sdn a1 i1,6sdq a1 i1,22,22,1.0,1.0,0.0
PDB-CPX-184823,6sdn a1 i1,6se2 a1 i1,22,24,0.9167,0.9167,0.0
PDB-CPX-184823,6sdn a1 i1,6sf8 a1 i1,22,22,0.6923,0.6923,0.0
PDB-CPX-184823,6sdn a1 i1,6sf9 a1 i1,22,22,0.8333,0.8333,0.0
PDB-CPX-184823,6sdn a1 i1,6sfa a1 i1,22,20,0.75,0.75,0.0
PDB-CPX-184823,6sdn a1 i1,6shv a1 i1,22,32,0.6875,0.6875,0.0
PDB-CPX-184823,6sdn a1 i1,6si5 a1 i1,22,34,0.6471,0.6471,0.0
PDB-CPX-184823,6sdn a1 i1,6t7n a1 i1,22,18,0.6667,0.6667,0.0
PDB-CPX-184823,6sdo a1 i1,6sdp a1 i1,24,24,1.0,1.0,0.0
PDB-CPX-184823,6sdo a1 i1,6sdq a1 i1,24,22,0.9167,0.9167,0.0
PDB-CPX-184823,6sdo a1 i1,6se2 a1 i1,24,24,0.8462,0.8462,0.0
PDB-CPX-184823,6sdo a1 i1,6sf8 a1 i1,24,22,0.6429,0.6429,0.0
PDB-CPX-184823,6sdo a1 i1,6sf9 a1 i1,24,22,0.7692,0.7692,0.0
PDB-CPX-184823,6sdo a1 i1,6sfa a1 i1,24,20,0.8333,0.8333,0.0
PDB-CPX-184823,6sdo a1 i1,6shv a1 i1,24,32,0.75,0.75,0.0
PDB-CPX-184823,6sdo a1 i1,6si5 a1 i1,24,34,0.7059,0.7059,0.0
PDB-CPX-184823,6sdo a1 i1,6t7n a1 i1,24,18,0.6154,0.6154,0.0
PDB-CPX-184823,6sdp a1 i1,6sdq a1 i1,24,22,0.9167,0.9167,0.0
PDB-CPX-184823,6sdp a1 i1,6se2 a1 i1,24,24,0.8462,0.8462,0.0
PDB-CPX-184823,6sdp a1 i1,6sf8 a1 i1,24,22,0.6429,0.6429,0.0
PDB-CPX-184823,6sdp a1 i1,6sf9 a1 i1,24,22,0.7692,0.7692,0.0
PDB-CPX-184823,6sdp a1 i1,6sfa a1 i1,24,20,0.8333,0.8333,0.0
PDB-CPX-184823,6sdp a1 i1,6shv a1 i1,24,32,0.75,0.75,0.0
PDB-CPX-184823,6sdp a1 i1,6si5 a1 i1,24,34,0.7059,0.7059,0.0
PDB-CPX-184823,6sdp a1 i1,6t7n a1 i1,24,18,0.6154,0.6154,0.0
PDB-CPX-184823,6sdq a1 i1,6se2 a1 i1,22,24,0.9167,0.9167,0.0
PDB-CPX-184823,6sdq a1 i1,6sf8 a1 i1,22,22,0.6923,0.6923,0.0
PDB-CPX-184823,6sdq a1 i1,6sf9 a1 i1,22,22,0.8333,0.8333,0.0
PDB-CPX-184823,6sdq a1 i1,6sfa a1 i1,22,20,0.75,0.75,0.0
PDB-CPX-184823,6sdq a1 i1,6shv a1 i1,22,32,0.6875,0.6875,0.0
PDB-CPX-184823,6sdq a1 i1,6si5 a1 i1,22,34,0.6471,0.6471,0.0
PDB-CPX-184823,6sdq a1 i1,6t7n a1 i1,22,18,0.6667,0.6667,0.0
PDB-CPX-184823,6se2 a1 i1,6sf8 a1 i1,24,22,0.7692,0.7692,0.0
PDB-CPX-184823,6se2 a1 i1,6sf9 a1 i1,24,22,0.9167,0.9167,0.0
PDB-CPX-184823,6se2 a1 i1,6sfa a1 i1,24,20,0.6923,0.6923,0.0
PDB-CPX-184823,6se2 a1 i1,6shv a1 i1,24,32,0.75,0.75,0.0
PDB-CPX-184823,6se2 a1 i1,6si5 a1 i1,24,34,0.7059,0.7059,0.0
PDB-CPX-184823,6se2 a1 i1,6t7n a1 i1,24,18,0.6154,0.6154,0.0
PDB-CPX-184823,6sf8 a1 i1,6sf9 a1 i1,22,22,0.8333,0.8333,0.0
PDB-CPX-184823,6sf8 a1 i1,6sfa a1 i1,22,20,0.6154,0.6154,0.0
PDB-CPX-184823,6sf8 a1 i1,6shv a1 i1,22,32,0.5882,0.5882,0.0
PDB-CPX-184823,6sf8 a1 i1,6si5 a1 i1,22,34,0.5556,0.5556,0.0
PDB-CPX-184823,6sf8 a1 i1,6t7n a1 i1,22,18,0.6667,0.6667,0.0
PDB-CPX-184823,6sf9 a1 i1,6sfa a1 i1,22,20,0.75,0.75,0.0
PDB-CPX-184823,6sf9 a1 i1,6shv a1 i1,22,32,0.6875,0.6875,0.0
PDB-CPX-184823,6sf9 a1 i1,6si5 a1 i1,22,34,0.6471,0.6471,0.0
PDB-CPX-184823,6sf9 a1 i1,6t7n a1 i1,22,18,0.6667,0.6667,0.0
PDB-CPX-184823,6sfa a1 i1,6shv a1 i1,20,32,0.625,0.625,0.0
PDB-CPX-184823,6sfa a1 i1,6si5 a1 i1,20,34,0.5882,0.5882,0.0
PDB-CPX-184823,6sfa a1 i1,6t7n a1 i1,20,18,0.7273,0.7273,0.0
PDB-CPX-184823,6shv a1 i1,6si5 a1 i1,32,34,0.8333,0.8333,0.0
PDB-CPX-184823,6shv a1 i1,6t7n a1 i1,32,18,0.4706,0.4706,0.0
PDB-CPX-184823,6si5 a1 i1,6t7n a1 i1,34,18,0.4444,0.4444,0.0
PDB-CPX-189315,3pgp a2 i1,4klw a2 i1,1,1,1.0,1.0,0.0
PDB-CPX-189315,3pgp a2 i1,4kor a2 i1,1,1,1.0,1.0,0.0
PDB-CPX-189315,3pgp a2 i1,4kos a2 i1,1,1,1.0,1.0,0.0
PDB-CPX-189315,3pgp a2 i1,4kou a2 i1,1,1,1.0,1.0,0.0
PDB-CPX-189315,3pgp a2 i1,4kov a2 i1,1,1,1.0,1.0,0.0
PDB-CPX-189315,3pgp a2 i1,4kow a2 i1,1,1,1.0,1.0,0.0
PDB-CPX-189315,3pgp a2 i1,4kox a2 i1,1,1,1.0,1.0,0.0
PDB-CPX-189315,3pgp a2 i1,4koy a2 i1,1,3,0.3333,0.3333,0.0
PDB-CPX-189315,3pgp a2 i1,4kub a2 i1,1,1,1.0,1.0,0.0
PDB-CPX-189315,3pgp a2 i1,4oad a2 i1,1,1,1.0,1.0,0.0
PDB-CPX-189315,3pgp a2 i1,4oae a2 i1,1,1,1.0,1.0,0.0
PDB-CPX-189315,4klw a2 i1,4kor a2 i1,1,1,1.0,1.0,0.0
PDB-CPX-189315,4klw a2 i1,4kos a2 i1,1,1,1.0,1.0,0.0
PDB-CPX-189315,4klw a2 i1,4kou a2 i1,1,1,1.0,1.0,0.0
PDB-CPX-189315,4klw a2 i1,4kov a2 i1,1,1,1.0,1.0,0.0
PDB-CPX-189315,4klw a2 i1,4kow a2 i1,1,1,1.0,1.0,0.0
PDB-CPX-189315,4klw a2 i1,4kox a2 i1,1,1,1.0,1.0,0.0
PDB-CPX-189315,4klw a2 i1,4koy a2 i1,1,3,0.3333,0.3333,0.0
PDB-CPX-189315,4klw a2 i1,4kub a2 i1,1,1,1.0,1.0,0.0
PDB-CPX-189315,4klw a2 i1,4oad a2 i1,1,1,1.0,1.0,0.0
PDB-CPX-189315,4klw a2 i1,4oae a2 i1,1,1,1.0,1.0,0.0
PDB-CPX-189315,4kor a2 i1,4kos a2 i1,1,1,1.0,1.0,0.0
PDB-CPX-189315,4kor a2 i1,4kou a2 i1,1,1,1.0,1.0,0.0
PDB-CPX-189315,4kor a2 i1,4kov a2 i1,1,1,1.0,1.0,0.0
PDB-CPX-189315,4kor a2 i1,4kow a2 i1,1,1,1.0,1.0,0.0
PDB-CPX-189315,4kor a2 i1,4kox a2 i1,1,1,1.0,1.0,0.0
PDB-CPX-189315,4kor a2 i1,4koy a2 i1,1,3,0.3333,0.3333,0.0
PDB-CPX-189315,4kor a2 i1,4kub a2 i1,1,1,1.0,1.0,0.0
PDB-CPX-189315,4kor a2 i1,4oad a2 i1,1,1,1.0,1.0,0.0
PDB-CPX-189315,4kor a2 i1,4oae a2 i1,1,1,1.0,1.0,0.0
PDB-CPX-189315,4kos a2 i1,4kou a2 i1,1,1,1.0,1.0,0.0
PDB-CPX-189315,4kos a2 i1,4kov a2 i1,1,1,1.0,1.0,0.0
PDB-CPX-189315,4kos a2 i1,4kow a2 i1,1,1,1.0,1.0,0.0
PDB-CPX-189315,4kos a2 i1,4kox a2 i1,1,1,1.0,1.0,0.0
PDB-CPX-189315,4kos a2 i1,4koy a2 i1,1,3,0.3333,0.3333,0.0
PDB-CPX-189315,4kos a2 i1,4kub a2 i1,1,1,1.0,1.0,0.0
PDB-CPX-189315,4kos a2 i1,4oad a2 i1,1,1,1.0,1.0,0.0
PDB-CPX-189315,4kos a2 i1,4oae a2 i1,1,1,1.0,1.0,0.0
PDB-CPX-189315,4kou a2 i1,4kov a2 i1,1,1,1.0,1.0,0.0
PDB-CPX-189315,4kou a2 i1,4kow a2 i1,1,1,1.0,1.0,0.0
PDB-CPX-189315,4kou a2 i1,4kox a2 i1,1,1,1.0,1.0,0.0
PDB-CPX-189315,4kou a2 i1,4koy a2 i1,1,3,0.3333,0.3333,0.0
PDB-CPX-189315,4kou a2 i1,4kub a2 i1,1,1,1.0,1.0,0.0
PDB-CPX-189315,4kou a2 i1,4oad a2 i1,1,1,1.0,1.0,0.0
PDB-CPX-189315,4kou a2 i1,4oae a2 i1,1,1,1.0,1.0,0.0
PDB-CPX-189315,4kov a2 i1,4kow a2 i1,1,1,1.0,1.0,0.0
PDB-CPX-189315,4kov a2 i1,4kox a2 i1,1,1,1.0,1.0,0.0
PDB-CPX-189315,4kov a2 i1,4koy a2 i1,1,3,0.3333,0.3333,0.0
PDB-CPX-189315,4kov a2 i1,4kub a2 i1,1,1,1.0,1.0,0.0
PDB-CPX-189315,4kov a2 i1,4oad a2 i1,1,1,1.0,1.0,0.0
PDB-CPX-189315,4kov a2 i1,4oae a2 i1,1,1,1.0,1.0,0.0
PDB-CPX-189315,4kow a2 i1,4kox a2 i1,1,1,1.0,1.0,0.0
PDB-CPX-189315,4kow a2 i1,4koy a2 i1,1,3,0.3333,0.3333,0.0
PDB-CPX-189315,4kow a2 i1,4kub a2 i1,1,1,1.0,1.0,0.0
PDB-CPX-189315,4kow a2 i1,4oad a2 i1,1,1,1.0,1.0,0.0
PDB-CPX-189315,4kow a2 i1,4oae a2 i1,1,1,1.0,1.0,0.0
PDB-CPX-189315,4kox a2 i1,4koy a2 i1,1,3,0.3333,0.3333,0.0
PDB-CPX-189315,4kox a2 i1,4kub a2 i1,1,1,1.0,1.0,0.0
PDB-CPX-189315,4kox a2 i1,4oad a2 i1,1,1,1.0,1.0,0.0
PDB-CPX-189315,4kox a2 i1,4oae a2 i1,1,1,1.0,1.0,0.0
PDB-CPX-189315,4koy a2 i1,4kub a2 i1,3,1,0.3333,0.3333,0.0
PDB-CPX-189315,4koy a2 i1,4oad a2 i1,3,1,0.3333,0.3333,0.0
PDB-CPX-189315,4koy a2 i1,4oae a2 i1,3,1,0.3333,0.3333,0.0
PDB-CPX-189315,4kub a2 i1,4oad a2 i1,1,1,1.0,1.0,0.0
PDB-CPX-189315,4kub a2 i1,4oae a2 i1,1,1,1.0,1.0,0.0
PDB-CPX-189315,4oad a2 i1,4oae a2 i1,1,1,1.0,1.0,0.0
